-- phpMyAdmin SQL Dump
-- version 5.2.1
-- https://www.phpmyadmin.net/
--
-- Host: 127.0.0.1
-- Generation Time: Jun 23, 2025 at 03:58 PM
-- Server version: 10.4.32-MariaDB
-- PHP Version: 8.2.12

SET SQL_MODE = "NO_AUTO_VALUE_ON_ZERO";
START TRANSACTION;
SET time_zone = "+00:00";


/*!40101 SET @OLD_CHARACTER_SET_CLIENT=@@CHARACTER_SET_CLIENT */;
/*!40101 SET @OLD_CHARACTER_SET_RESULTS=@@CHARACTER_SET_RESULTS */;
/*!40101 SET @OLD_COLLATION_CONNECTION=@@COLLATION_CONNECTION */;
/*!40101 SET NAMES utf8mb4 */;

--
-- Database: `atrac`
--

-- --------------------------------------------------------

--
-- Table structure for table `consults`
--

CREATE TABLE `consults` (
  `id` bigint(20) UNSIGNED NOT NULL,
  `name` varchar(200) NOT NULL,
  `phone` varchar(200) NOT NULL,
  `email` varchar(200) NOT NULL,
  `message` varchar(200) DEFAULT NULL,
  `qualification` varchar(200) NOT NULL,
  `country_id` bigint(20) UNSIGNED NOT NULL,
  `field` varchar(200) DEFAULT NULL,
  `percentage` varchar(200) DEFAULT NULL,
  `status` varchar(200) NOT NULL DEFAULT 'pending',
  `meeting_datetime` datetime DEFAULT NULL,
  `created_at` timestamp NULL DEFAULT NULL,
  `updated_at` timestamp NULL DEFAULT NULL
) ENGINE=InnoDB DEFAULT CHARSET=utf8mb4 COLLATE=utf8mb4_unicode_ci;

--
-- Dumping data for table `consults`
--

INSERT INTO `consults` (`id`, `name`, `phone`, `email`, `message`, `qualification`, `country_id`, `field`, `percentage`, `status`, `meeting_datetime`, `created_at`, `updated_at`) VALUES
(2, 'Tehami Faisal Kamdar', '+923330247545', 'tehamikamdar15@gmail.com', NULL, 'Intermediate', 56, 'Computer Science', '47', 'approved', '2025-06-24 14:30:00', '2025-06-19 10:57:10', '2025-06-19 10:57:10'),
(3, 'Tehami Faisal Kamdar', '+923330247545', 'tehamikamdar19@gmail.com', NULL, 'Intermediate', 56, 'Mechanical Engineering', '47', 'pending', NULL, '2025-06-19 13:53:58', '2025-06-19 13:53:58'),
(4, 'Tehami Faisal Kamdar', '+923330247545', 'tehamikamdar15@gmail.com', NULL, 'Bachelors', 82, 'Business Administration', '59', 'approved', '2025-06-26 18:45:00', '2025-06-23 07:20:08', '2025-06-23 07:20:08'),
(5, 'Tehami Faisal Kamdar', '+923330247545', 'tehamikamdar15@gmail.com', NULL, 'Bachelors', 82, 'Medicine', '59', 'pending', NULL, '2025-06-23 07:22:45', '2025-06-23 07:22:45'),
(6, 'Tehami Faisal Kamdar', '+923330247545', 'tehamikamdar15@gmail.com', NULL, 'Bachelors', 82, 'Psychology', '65', 'pending', NULL, '2025-06-23 07:42:21', '2025-06-23 07:42:21'),
(7, 'Tehami Faisal Kamdar', '+923330247545', 'tehamikamdar15@gmail.com', NULL, 'Masters', 82, 'Mechanical Engineering', '65', 'approved', '2025-06-26 18:50:00', '2025-06-23 07:52:03', '2025-06-23 07:52:03'),
(8, 'Tehami Faisal Kamdar', '+923330247545', 'tehamikamdar15@gmail.com', NULL, 'Bachelors', 82, 'Psychology', '65', 'pending', NULL, '2025-06-23 08:00:35', '2025-06-23 08:00:35'),
(9, 'Tehami Faisal Kamdar', '+923330247545', 'tehamikamdar15@gmail.com', NULL, 'Bachelors', 82, 'Psychology', '65', 'pending', NULL, '2025-06-23 08:09:37', '2025-06-23 08:09:37');

-- --------------------------------------------------------

--
-- Table structure for table `contacts`
--

CREATE TABLE `contacts` (
  `id` bigint(20) UNSIGNED NOT NULL,
  `name` varchar(200) NOT NULL,
  `email` varchar(200) NOT NULL,
  `subject` varchar(200) NOT NULL,
  `message` varchar(200) NOT NULL,
  `created_at` timestamp NULL DEFAULT NULL,
  `updated_at` timestamp NULL DEFAULT NULL
) ENGINE=InnoDB DEFAULT CHARSET=utf8mb4 COLLATE=utf8mb4_unicode_ci;

--
-- Dumping data for table `contacts`
--

INSERT INTO `contacts` (`id`, `name`, `email`, `subject`, `message`, `created_at`, `updated_at`) VALUES
(1, 'Tehami', 'tehami@atrac.com', 'Inquiry about Holland', 'AKdwhdiejdpok', '2025-06-23 06:25:59', '2025-06-23 06:25:59'),
(2, 'Hashir', 'hashir@gmail.com', 'ijfoiejfpoqepo', 's;qwdjqopjffopqq', '2025-06-23 06:30:02', '2025-06-23 06:30:02');

-- --------------------------------------------------------

--
-- Table structure for table `countries`
--

CREATE TABLE `countries` (
  `id` bigint(20) UNSIGNED NOT NULL,
  `name` varchar(191) NOT NULL,
  `currency` varchar(191) NOT NULL,
  `iso2` varchar(191) NOT NULL,
  `status` enum('active','inactive') NOT NULL DEFAULT 'active',
  `created_at` timestamp NOT NULL DEFAULT current_timestamp(),
  `updated_at` timestamp NOT NULL DEFAULT current_timestamp(),
  `deleted_at` timestamp NULL DEFAULT NULL
) ENGINE=InnoDB DEFAULT CHARSET=utf8mb4 COLLATE=utf8mb4_unicode_ci;

--
-- Dumping data for table `countries`
--

INSERT INTO `countries` (`id`, `name`, `currency`, `iso2`, `status`, `created_at`, `updated_at`, `deleted_at`) VALUES
(1, 'Afghanistan', 'AFN', 'AF', 'inactive', '2024-10-20 23:53:31', '2024-10-20 23:53:31', NULL),
(2, 'Albania', 'ALL', 'AX', 'inactive', '2024-10-20 23:53:31', '2024-10-20 23:53:31', NULL),
(3, 'Algeria', 'DZD', 'DZ', 'inactive', '2024-10-20 23:53:31', '2024-10-20 23:53:31', NULL),
(4, 'American Samoa', 'USD', 'AS', 'inactive', '2024-10-20 23:53:31', '2024-10-20 23:53:31', NULL),
(5, 'Andorra', 'EUR', 'AD', 'inactive', '2024-10-20 23:53:31', '2024-10-20 23:53:31', NULL),
(6, 'Angola', 'AOA', 'AO', 'inactive', '2024-10-20 23:53:31', '2024-10-20 23:53:31', NULL),
(7, 'Anguilla', 'XCD', 'AI', 'inactive', '2024-10-20 23:53:31', '2024-10-20 23:53:31', NULL),
(8, 'Antarctica', 'AAD', 'AQ', 'inactive', '2024-10-20 23:53:31', '2024-10-20 23:53:31', NULL),
(9, 'Antigua and Barbuda', 'XCD', 'AG', 'inactive', '2024-10-20 23:53:31', '2024-10-20 23:53:31', NULL),
(10, 'Argentina', 'ARS', 'AR', 'inactive', '2024-10-20 23:53:31', '2024-10-20 23:53:31', NULL),
(11, 'Armenia', 'AMD', 'AM', 'inactive', '2024-10-20 23:53:31', '2024-10-20 23:53:31', NULL),
(12, 'Aruba', 'AWG', 'AW', 'inactive', '2024-10-20 23:53:31', '2024-10-20 23:53:31', NULL),
(13, 'Australia', 'AUD', 'AU', 'inactive', '2024-10-20 23:53:31', '2024-10-20 23:53:31', NULL),
(14, 'Austria', 'EUR', 'AT', 'inactive', '2024-10-20 23:53:31', '2024-10-20 23:53:31', NULL),
(15, 'Azerbaijan', 'AZN', 'AZ', 'inactive', '2024-10-20 23:53:31', '2024-10-20 23:53:31', NULL),
(16, 'Bahamas The', 'BSD', 'BS', 'inactive', '2024-10-20 23:53:31', '2024-10-20 23:53:31', NULL),
(17, 'Bahrain', 'BHD', 'BH', 'inactive', '2024-10-20 23:53:31', '2024-10-20 23:53:31', NULL),
(18, 'Bangladesh', 'BDT', 'BD', 'inactive', '2024-10-20 23:53:31', '2024-10-20 23:53:31', NULL),
(19, 'Barbados', 'BBD', 'BB', 'inactive', '2024-10-20 23:53:31', '2024-10-20 23:53:31', NULL),
(20, 'Belarus', 'BYN', 'BY', 'inactive', '2024-10-20 23:53:31', '2024-10-20 23:53:31', NULL),
(21, 'Belgium', 'EUR', 'BE', 'inactive', '2024-10-20 23:53:31', '2024-10-20 23:53:31', NULL),
(22, 'Belize', 'BZD', 'BZ', 'inactive', '2024-10-20 23:53:31', '2024-10-20 23:53:31', NULL),
(23, 'Benin', 'XOF', 'BJ', 'inactive', '2024-10-20 23:53:31', '2024-10-20 23:53:31', NULL),
(24, 'Bermuda', 'BMD', 'BM', 'inactive', '2024-10-20 23:53:31', '2024-10-20 23:53:31', NULL),
(25, 'Bhutan', 'BTN', 'BT', 'inactive', '2024-10-20 23:53:31', '2024-10-20 23:53:31', NULL),
(26, 'Bolivia', 'BOB', 'BO', 'inactive', '2024-10-20 23:53:31', '2024-10-20 23:53:31', NULL),
(27, 'Bosnia and Herzegovina', 'BAM', 'BA', 'inactive', '2024-10-20 23:53:31', '2024-10-20 23:53:31', NULL),
(28, 'Botswana', 'BWP', 'BW', 'inactive', '2024-10-20 23:53:31', '2024-10-20 23:53:31', NULL),
(29, 'Bouvet island', 'NOK', 'BV', 'inactive', '2024-10-20 23:53:31', '2024-10-20 23:53:31', NULL),
(30, 'Brazil', 'BRL', 'BR', 'inactive', '2024-10-20 23:53:31', '2024-10-20 23:53:31', NULL),
(31, 'British Indian Ocean Territory', 'USD', 'IO', 'inactive', '2024-10-20 23:53:31', '2024-10-20 23:53:31', NULL),
(32, 'Brunei', 'BND', 'BN', 'inactive', '2024-10-20 23:53:31', '2024-10-20 23:53:31', NULL),
(33, 'Bulgaria', 'BGN', 'BG', 'inactive', '2024-10-20 23:53:31', '2024-10-20 23:53:31', NULL),
(34, 'Burkina Faso', 'XOF', 'BF', 'inactive', '2024-10-20 23:53:31', '2024-10-20 23:53:31', NULL),
(35, 'Burundi', 'BIF', 'BI', 'inactive', '2024-10-20 23:53:31', '2024-10-20 23:53:31', NULL),
(36, 'Cambodia', 'KHR', 'KH', 'inactive', '2024-10-20 23:53:31', '2024-10-20 23:53:31', NULL),
(37, 'Cameroon', 'XAF', 'CM', 'inactive', '2024-10-20 23:53:31', '2024-10-20 23:53:31', NULL),
(38, 'Canada', 'CAD', 'CA', 'active', '2024-10-20 23:53:31', '2025-06-20 10:38:39', NULL),
(39, 'Cape Verde', 'CVE', 'CV', 'inactive', '2024-10-20 23:53:31', '2024-10-20 23:53:31', NULL),
(40, 'Cayman Islands', 'KYD', 'KY', 'inactive', '2024-10-20 23:53:31', '2024-10-20 23:53:31', NULL),
(41, 'Central African Republic', 'XAF', 'CF', 'inactive', '2024-10-20 23:53:31', '2024-10-20 23:53:31', NULL),
(42, 'Chad', 'XAF', 'TD', 'inactive', '2024-10-20 23:53:31', '2024-10-20 23:53:31', NULL),
(43, 'Chile', 'CLP', 'CL', 'inactive', '2024-10-20 23:53:31', '2024-10-20 23:53:31', NULL),
(44, 'China', 'CNY', 'CN', 'inactive', '2024-10-20 23:53:31', '2024-10-20 23:53:31', NULL),
(45, 'Christmas Island', 'AUD', 'CX', 'inactive', '2024-10-20 23:53:31', '2024-10-20 23:53:31', NULL),
(46, 'Cocos (Keeling) Islands', 'AUD', 'CC', 'inactive', '2024-10-20 23:53:31', '2024-10-20 23:53:31', NULL),
(47, 'Colombia', 'COP', 'CO', 'inactive', '2024-10-20 23:53:31', '2024-10-20 23:53:31', NULL),
(48, 'Comoros', 'KMF', 'KM', 'inactive', '2024-10-20 23:53:31', '2024-10-20 23:53:31', NULL),
(49, 'Congo', 'XAF', 'CG', 'inactive', '2024-10-20 23:53:31', '2024-10-20 23:53:31', NULL),
(50, 'Democratic Republic of the Congo', 'CDF', 'CD', 'inactive', '2024-10-20 23:53:31', '2024-10-20 23:53:31', NULL),
(51, 'Cook Islands', 'NZD', 'CK', 'inactive', '2024-10-20 23:53:31', '2024-10-20 23:53:31', NULL),
(52, 'Costa Rica', 'CRC', 'CR', 'inactive', '2024-10-20 23:53:31', '2024-10-20 23:53:31', NULL),
(53, 'Cote D\'Ivoire (Ivory Coast)', 'XOF', 'CI', 'inactive', '2024-10-20 23:53:31', '2024-10-20 23:53:31', NULL),
(54, 'Croatia (Hrvatska)', 'HRK', 'HR', 'inactive', '2024-10-20 23:53:31', '2024-10-20 23:53:31', NULL),
(55, 'Cuba', 'CUP', 'CU', 'inactive', '2024-10-20 23:53:31', '2024-10-20 23:53:31', NULL),
(56, 'South Cyprus', 'EUR', 'CY', 'active', '2024-10-20 23:53:31', '2024-10-20 23:53:31', NULL),
(57, 'Czech Republic', 'CZK', 'CZ', 'inactive', '2024-10-20 23:53:31', '2024-10-20 23:53:31', NULL),
(58, 'Denmark', 'DKK', 'DK', 'inactive', '2024-10-20 23:53:31', '2024-10-20 23:53:31', NULL),
(59, 'Djibouti', 'DJF', 'DJ', 'inactive', '2024-10-20 23:53:31', '2024-10-20 23:53:31', NULL),
(60, 'Dominica', 'XCD', 'DM', 'inactive', '2024-10-20 23:53:31', '2024-10-20 23:53:31', NULL),
(61, 'Dominican Republic', 'DOP', 'DO', 'inactive', '2024-10-20 23:53:31', '2024-10-20 23:53:31', NULL),
(62, 'East Timor', 'USD', 'TL', 'inactive', '2024-10-20 23:53:31', '2024-10-20 23:53:31', NULL),
(63, 'Ecuador', 'USD', 'EC', 'inactive', '2024-10-20 23:53:31', '2024-10-20 23:53:31', NULL),
(64, 'Egypt', 'EGP', 'EG', 'inactive', '2024-10-20 23:53:31', '2024-10-20 23:53:31', NULL),
(65, 'El Salvador', 'USD', 'SV', 'inactive', '2024-10-20 23:53:31', '2024-10-20 23:53:31', NULL),
(66, 'Equatorial Guinea', 'XAF', 'GQ', 'inactive', '2024-10-20 23:53:31', '2024-10-20 23:53:31', NULL),
(67, 'Eritrea', 'ERN', 'ER', 'inactive', '2024-10-20 23:53:31', '2024-10-20 23:53:31', NULL),
(68, 'Estonia', 'EUR', 'EE', 'inactive', '2024-10-20 23:53:31', '2024-10-20 23:53:31', NULL),
(69, 'Ethiopia', 'ETB', 'ET', 'inactive', '2024-10-20 23:53:31', '2024-10-20 23:53:31', NULL),
(70, 'External Territories of Australia', '', '', 'inactive', '2024-10-20 23:53:31', '2024-10-20 23:53:31', NULL),
(71, 'Falkland Islands', 'FKP', 'FK', 'inactive', '2024-10-20 23:53:31', '2024-10-20 23:53:31', NULL),
(72, 'Faroe Islands', 'DKK', 'FO', 'inactive', '2024-10-20 23:53:31', '2024-10-20 23:53:31', NULL),
(73, 'Fiji Islands', 'FJD', 'FJ', 'inactive', '2024-10-20 23:53:31', '2024-10-20 23:53:31', NULL),
(74, 'Finland', 'EUR', 'FI', 'inactive', '2024-10-20 23:53:31', '2024-10-20 23:53:31', NULL),
(75, 'France', 'EUR', 'FR', 'inactive', '2024-10-20 23:53:31', '2024-10-20 23:53:31', NULL),
(76, 'French Guiana', 'EUR', 'GF', 'inactive', '2024-10-20 23:53:31', '2024-10-20 23:53:31', NULL),
(77, 'French Polynesia', 'XPF', 'PF', 'inactive', '2024-10-20 23:53:31', '2024-10-20 23:53:31', NULL),
(78, 'French Southern Territories', 'EUR', 'TF', 'inactive', '2024-10-20 23:53:31', '2024-10-20 23:53:31', NULL),
(79, 'Gabon', 'XAF', 'GA', 'inactive', '2024-10-20 23:53:31', '2024-10-20 23:53:31', NULL),
(80, 'Gambia the', 'GMD', 'GM', 'inactive', '2024-10-20 23:53:31', '2024-10-20 23:53:31', NULL),
(81, 'Georgia', 'GEL', 'GE', 'inactive', '2024-10-20 23:53:31', '2024-10-20 23:53:31', NULL),
(82, 'Germany', 'EUR', 'DE', 'active', '2024-10-20 23:53:31', '2024-10-20 23:53:31', NULL),
(83, 'Ghana', 'GHS', 'GH', 'inactive', '2024-10-20 23:53:31', '2024-10-20 23:53:31', NULL),
(84, 'Gibraltar', 'GIP', 'GI', 'inactive', '2024-10-20 23:53:31', '2024-10-20 23:53:31', NULL),
(85, 'Greece', 'EUR', 'GR', 'inactive', '2024-10-20 23:53:31', '2024-10-20 23:53:31', NULL),
(86, 'Greenland', 'DKK', 'GL', 'inactive', '2024-10-20 23:53:31', '2024-10-20 23:53:31', NULL),
(87, 'Grenada', 'XCD', 'GD', 'inactive', '2024-10-20 23:53:31', '2024-10-20 23:53:31', NULL),
(88, 'Guadeloupe', 'EUR', 'GP', 'inactive', '2024-10-20 23:53:31', '2024-10-20 23:53:31', NULL),
(89, 'Guam', 'USD', 'GU', 'inactive', '2024-10-20 23:53:31', '2024-10-20 23:53:31', NULL),
(90, 'Guatemala', 'GTQ', 'GT', 'inactive', '2024-10-20 23:53:31', '2024-10-20 23:53:31', NULL),
(91, 'Guernsey and Alderney', 'GBP', 'GG', 'inactive', '2024-10-20 23:53:31', '2024-10-20 23:53:31', NULL),
(92, 'Guinea', 'GNF', 'GN', 'inactive', '2024-10-20 23:53:31', '2024-10-20 23:53:31', NULL),
(93, 'Guinea-Bissau', 'XOF', 'GW', 'inactive', '2024-10-20 23:53:31', '2024-10-20 23:53:31', NULL),
(94, 'Guyana', 'GYD', 'GY', 'inactive', '2024-10-20 23:53:31', '2024-10-20 23:53:31', NULL),
(95, 'Haiti', 'ince', 'HT', 'inactive', '2024-10-20 23:53:31', '2024-10-20 23:53:31', NULL),
(96, 'Heard and Mcdonald Islands', 'AUD', 'HM', 'inactive', '2024-10-20 23:53:31', '2024-10-20 23:53:31', NULL),
(97, 'Honduras', 'HNL', 'HN', 'inactive', '2024-10-20 23:53:31', '2024-10-20 23:53:31', NULL),
(98, 'Hong Kong S.A.R.', 'HKD', 'HK', 'inactive', '2024-10-20 23:53:31', '2024-10-20 23:53:31', NULL),
(99, 'Hungary', 'HUF', 'HU', 'inactive', '2024-10-20 23:53:31', '2024-10-20 23:53:31', NULL),
(100, 'Iceland', 'ISK', 'IS', 'inactive', '2024-10-20 23:53:31', '2024-10-20 23:53:31', NULL),
(101, 'India', 'INR', 'IN', 'inactive', '2024-10-20 23:53:31', '2024-10-20 23:53:31', NULL),
(102, 'Indonesia', 'IDR', 'ID', 'inactive', '2024-10-20 23:53:31', '2024-10-20 23:53:31', NULL),
(103, 'Iran', 'IRR', 'IR', 'inactive', '2024-10-20 23:53:31', '2024-10-20 23:53:31', NULL),
(104, 'Iraq', 'IQD', 'IQ', 'inactive', '2024-10-20 23:53:31', '2024-10-20 23:53:31', NULL),
(105, 'Ireland', 'EUR', 'IE', 'inactive', '2024-10-20 23:53:31', '2024-10-20 23:53:31', NULL),
(106, 'Israel', 'ILS', 'IL', 'inactive', '2024-10-20 23:53:31', '2024-10-20 23:53:31', NULL),
(107, 'Italy', 'EUR', 'IT', 'active', '2024-10-20 23:53:31', '2024-10-20 23:53:31', NULL),
(108, 'Jamaica', 'JMD', 'JM', 'inactive', '2024-10-20 23:53:31', '2024-10-20 23:53:31', NULL),
(109, 'Japan', 'JPY', 'JP', 'inactive', '2024-10-20 23:53:31', '2024-10-20 23:53:31', NULL),
(110, 'Jersey', 'GBP', 'JE', 'inactive', '2024-10-20 23:53:31', '2024-10-20 23:53:31', NULL),
(111, 'Jordan', 'JOD', 'JO', 'inactive', '2024-10-20 23:53:31', '2024-10-20 23:53:31', NULL),
(112, 'Kazakhstan', 'KZT', 'KZ', 'inactive', '2024-10-20 23:53:31', '2024-10-20 23:53:31', NULL),
(113, 'Kenya', 'KES', 'KE', 'inactive', '2024-10-20 23:53:31', '2024-10-20 23:53:31', NULL),
(114, 'Kiribati', 'AUD', 'KI', 'inactive', '2024-10-20 23:53:31', '2024-10-20 23:53:31', NULL),
(115, 'Korea North', 'KPW', 'KP', 'inactive', '2024-10-20 23:53:31', '2024-10-20 23:53:31', NULL),
(116, 'Korea South', 'KRW', 'KR', 'inactive', '2024-10-20 23:53:31', '2024-10-20 23:53:31', NULL),
(117, 'Kuwait', 'KWD', 'KW', 'inactive', '2024-10-20 23:53:31', '2024-10-20 23:53:31', NULL),
(118, 'Kyrgyzstan', 'KGS', 'KG', 'inactive', '2024-10-20 23:53:31', '2024-10-20 23:53:31', NULL),
(119, 'Laos', 'LAK', 'LA', 'inactive', '2024-10-20 23:53:31', '2024-10-20 23:53:31', NULL),
(120, 'Latvia', 'EUR', 'LV', 'inactive', '2024-10-20 23:53:31', '2024-10-20 23:53:31', NULL),
(121, 'Lebanon', 'LBP', 'LB', 'inactive', '2024-10-20 23:53:31', '2024-10-20 23:53:31', NULL),
(122, 'Lesotho', 'LSL', 'LS', 'inactive', '2024-10-20 23:53:31', '2024-10-20 23:53:31', NULL),
(123, 'Liberia', 'LRD', 'LR', 'inactive', '2024-10-20 23:53:31', '2024-10-20 23:53:31', NULL),
(124, 'Libya', 'LYD', 'LY', 'inactive', '2024-10-20 23:53:31', '2024-10-20 23:53:31', NULL),
(125, 'Liechtenstein', 'CHF', 'LI', 'inactive', '2024-10-20 23:53:31', '2024-10-20 23:53:31', NULL),
(126, 'Lithuania', 'EUR', 'LT', 'inactive', '2024-10-20 23:53:31', '2024-10-20 23:53:31', NULL),
(127, 'Luxembourg', 'EUR', 'LU', 'inactive', '2024-10-20 23:53:31', '2024-10-20 23:53:31', NULL),
(128, 'Macau S.A.R.', 'MOP', 'MO', 'inactive', '2024-10-20 23:53:31', '2024-10-20 23:53:31', NULL),
(129, 'Macedonia', 'MKD', 'MK', 'inactive', '2024-10-20 23:53:31', '2024-10-20 23:53:31', NULL),
(130, 'Madagascar', 'MGA', 'MG', 'inactive', '2024-10-20 23:53:31', '2024-10-20 23:53:31', NULL),
(131, 'Malawi', 'MWK', 'MW', 'inactive', '2024-10-20 23:53:31', '2024-10-20 23:53:31', NULL),
(132, 'Malaysia', 'MYR', 'MY', 'inactive', '2024-10-20 23:53:31', '2024-10-20 23:53:31', NULL),
(133, 'Maldives', 'MVR', 'MV', 'inactive', '2024-10-20 23:53:31', '2024-10-20 23:53:31', NULL),
(134, 'Mali', 'XOF', 'ML', 'inactive', '2024-10-20 23:53:31', '2024-10-20 23:53:31', NULL),
(135, 'Malta', 'EUR', 'MT', 'inactive', '2024-10-20 23:53:31', '2024-10-20 23:53:31', NULL),
(136, 'Man (Isle Of)', 'GBP', 'IM', 'inactive', '2024-10-20 23:53:31', '2024-10-20 23:53:31', NULL),
(137, 'Marshall Islands', 'USD', 'MH', 'inactive', '2024-10-20 23:53:31', '2024-10-20 23:53:31', NULL),
(138, 'Martinique', 'EUR', 'MQ', 'inactive', '2024-10-20 23:53:31', '2024-10-20 23:53:31', NULL),
(139, 'Mauritania', 'MRO', 'MR', 'inactive', '2024-10-20 23:53:31', '2024-10-20 23:53:31', NULL),
(140, 'Mauritius', 'MUR', 'MU', 'inactive', '2024-10-20 23:53:31', '2024-10-20 23:53:31', NULL),
(141, 'Mayotte', 'EUR', 'YT', 'inactive', '2024-10-20 23:53:31', '2024-10-20 23:53:31', NULL),
(142, 'Mexico', 'MXN', 'MX', 'inactive', '2024-10-20 23:53:31', '2024-10-20 23:53:31', NULL),
(143, 'Micronesia', 'USD', 'FM', 'inactive', '2024-10-20 23:53:31', '2024-10-20 23:53:31', NULL),
(144, 'Moldova', 'MDL', 'MD', 'inactive', '2024-10-20 23:53:31', '2024-10-20 23:53:31', NULL),
(145, 'Monaco', 'EUR', 'MC', 'inactive', '2024-10-20 23:53:31', '2024-10-20 23:53:31', NULL),
(146, 'Mongolia', 'MNT', 'MN', 'inactive', '2024-10-20 23:53:31', '2024-10-20 23:53:31', NULL),
(147, 'Montserrat', 'XCD', 'MS', 'inactive', '2024-10-20 23:53:31', '2024-10-20 23:53:31', NULL),
(148, 'Morocco', 'MAD', 'MA', 'inactive', '2024-10-20 23:53:31', '2024-10-20 23:53:31', NULL),
(149, 'Mozambique', 'MZN', 'MZ', 'inactive', '2024-10-20 23:53:31', '2024-10-20 23:53:31', NULL),
(150, 'Myanmar', 'MMK', 'MM', 'inactive', '2024-10-20 23:53:31', '2024-10-20 23:53:31', NULL),
(151, 'Namibia', 'NAD', 'NA', 'inactive', '2024-10-20 23:53:31', '2024-10-20 23:53:31', NULL),
(152, 'Nauru', 'AUD', 'NR', 'inactive', '2024-10-20 23:53:31', '2024-10-20 23:53:31', NULL),
(153, 'Nepal', 'NPR', 'NP', 'inactive', '2024-10-20 23:53:31', '2024-10-20 23:53:31', NULL),
(154, 'Netherlands Antilles', 'EUR', 'NL', 'inactive', '2024-10-20 23:53:31', '2024-10-20 23:53:31', NULL),
(155, 'Netherlands The', 'EUR', 'NL', 'inactive', '2024-10-20 23:53:31', '2024-10-20 23:53:31', NULL),
(156, 'New Caledonia', 'XPF', 'NC', 'inactive', '2024-10-20 23:53:31', '2024-10-20 23:53:31', NULL),
(157, 'New Zealand', 'NZD', 'NZ', 'inactive', '2024-10-20 23:53:31', '2024-10-20 23:53:31', NULL),
(158, 'Nicaragua', 'NIO', 'NI', 'inactive', '2024-10-20 23:53:31', '2024-10-20 23:53:31', NULL),
(159, 'Niger', 'XOF', 'NE', 'inactive', '2024-10-20 23:53:31', '2024-10-20 23:53:31', NULL),
(160, 'Nigeria', 'NGN', 'NG', 'inactive', '2024-10-20 23:53:31', '2024-10-20 23:53:31', NULL),
(161, 'Niue', 'NZD', 'NU', 'inactive', '2024-10-20 23:53:31', '2024-10-20 23:53:31', NULL),
(162, 'Norfolk Island', 'AUD', 'NF', 'inactive', '2024-10-20 23:53:31', '2024-10-20 23:53:31', NULL),
(163, 'Northern Mariana Islands', 'USD', 'MP', 'inactive', '2024-10-20 23:53:31', '2024-10-20 23:53:31', NULL),
(164, 'Norway', 'NOK', 'NO', 'inactive', '2024-10-20 23:53:31', '2024-10-20 23:53:31', NULL),
(165, 'Oman', 'OMR', 'OM', 'inactive', '2024-10-20 23:53:31', '2024-10-20 23:53:31', NULL),
(166, 'Pakistan', 'PKR', 'PK', 'inactive', '2024-10-20 23:53:31', '2024-10-20 23:53:31', NULL),
(167, 'Palau', 'USD', 'PW', 'inactive', '2024-10-20 23:53:31', '2024-10-20 23:53:31', NULL),
(168, 'Palestinian Territory Occupied', 'ILS', 'PS', 'inactive', '2024-10-20 23:53:31', '2024-10-20 23:53:31', NULL),
(169, 'Panama', 'PAB', 'PA', 'inactive', '2024-10-20 23:53:31', '2024-10-20 23:53:31', NULL),
(170, 'Papua New Guinea', 'PGK', 'PG', 'inactive', '2024-10-20 23:53:31', '2024-10-20 23:53:31', NULL),
(171, 'Paraguay', 'PYG', 'PY', 'inactive', '2024-10-20 23:53:31', '2024-10-20 23:53:31', NULL),
(172, 'Peru', 'PEN', 'PE', 'inactive', '2024-10-20 23:53:31', '2024-10-20 23:53:31', NULL),
(173, 'Philippines', 'PHP', 'PH', 'inactive', '2024-10-20 23:53:31', '2024-10-20 23:53:31', NULL),
(174, 'Pitcairn Island', 'NZD', 'PN', 'inactive', '2024-10-20 23:53:31', '2024-10-20 23:53:31', NULL),
(175, 'Poland', 'PLN', 'PL', 'inactive', '2024-10-20 23:53:31', '2024-10-20 23:53:31', NULL),
(176, 'Portugal', 'EUR', 'PT', 'inactive', '2024-10-20 23:53:31', '2024-10-20 23:53:31', NULL),
(177, 'Puerto Rico', 'USD', 'PR', 'inactive', '2024-10-20 23:53:31', '2024-10-20 23:53:31', NULL),
(178, 'Qatar', 'QAR', 'QA', 'inactive', '2024-10-20 23:53:31', '2024-10-20 23:53:31', NULL),
(179, 'Reunion', 'EUR', 'RE', 'inactive', '2024-10-20 23:53:31', '2024-10-20 23:53:31', NULL),
(180, 'Romania', 'RON', 'RO', 'inactive', '2024-10-20 23:53:31', '2024-10-20 23:53:31', NULL),
(181, 'Russia', 'RUB', 'RU', 'inactive', '2024-10-20 23:53:31', '2024-10-20 23:53:31', NULL),
(182, 'Rwanda', 'RWF', 'RW', 'inactive', '2024-10-20 23:53:31', '2024-10-20 23:53:31', NULL),
(183, 'Saint Helena', 'SHP', 'SH', 'inactive', '2024-10-20 23:53:31', '2024-10-20 23:53:31', NULL),
(184, 'Saint Kitts and Nevis', 'XCD', 'KN', 'inactive', '2024-10-20 23:53:31', '2024-10-20 23:53:31', NULL),
(185, 'Saint lucia', 'XCD', 'LC', 'inactive', '2024-10-20 23:53:31', '2024-10-20 23:53:31', NULL),
(186, 'Saint Pierre and Miquelon', 'EUR', 'PM', 'inactive', '2024-10-20 23:53:31', '2024-10-20 23:53:31', NULL),
(187, 'Saint Vincent and the Grenadines', 'XCD', 'VC', 'inactive', '2024-10-20 23:53:31', '2024-10-20 23:53:31', NULL),
(188, 'Samoa', 'WST', 'WS', 'inactive', '2024-10-20 23:53:31', '2024-10-20 23:53:31', NULL),
(189, 'San Marino', 'EUR', 'SM', 'inactive', '2024-10-20 23:53:31', '2024-10-20 23:53:31', NULL),
(190, 'Sao Tome and Principe', 'STD', 'ST', 'inactive', '2024-10-20 23:53:31', '2024-10-20 23:53:31', NULL),
(191, 'Saudi arabia', 'SAR', 'SA', 'inactive', '2024-10-20 23:53:31', '2024-10-20 23:53:31', NULL),
(192, 'Senegal', 'XOF', 'SN', 'inactive', '2024-10-20 23:53:31', '2024-10-20 23:53:31', NULL),
(193, 'Serbia', 'RSD', 'RS', 'inactive', '2024-10-20 23:53:31', '2024-10-20 23:53:31', NULL),
(194, 'Seychelles', 'SCR', 'SC', 'inactive', '2024-10-20 23:53:31', '2024-10-20 23:53:31', NULL),
(195, 'Sierra Leone', 'SLL', 'SL', 'inactive', '2024-10-20 23:53:31', '2024-10-20 23:53:31', NULL),
(196, 'Singapore', 'SGD', 'SG', 'inactive', '2024-10-20 23:53:31', '2024-10-20 23:53:31', NULL),
(197, 'Slovakia', 'EUR', 'SK', 'inactive', '2024-10-20 23:53:31', '2024-10-20 23:53:31', NULL),
(198, 'Slovenia', 'EUR', 'SI', 'inactive', '2024-10-20 23:53:31', '2024-10-20 23:53:31', NULL),
(199, 'Smaller Territories of the UK', '', '', 'inactive', '2024-10-20 23:53:31', '2024-10-20 23:53:31', NULL),
(200, 'Solomon Islands', 'SBD', 'SB', 'inactive', '2024-10-20 23:53:31', '2024-10-20 23:53:31', NULL),
(201, 'Somalia', 'SOS', 'SO', 'inactive', '2024-10-20 23:53:31', '2024-10-20 23:53:31', NULL),
(202, 'South Africa', 'ZAR', 'ZA', 'inactive', '2024-10-20 23:53:31', '2024-10-20 23:53:31', NULL),
(203, 'South Georgia', 'GBP', 'GS', 'inactive', '2024-10-20 23:53:31', '2024-10-20 23:53:31', NULL),
(204, 'South Sudan', 'SSP', 'SS', 'inactive', '2024-10-20 23:53:31', '2024-10-20 23:53:31', NULL),
(205, 'Spain', 'EUR', 'ES', 'inactive', '2024-10-20 23:53:31', '2024-10-20 23:53:31', NULL),
(206, 'Sri Lanka', 'LKR', 'LK', 'inactive', '2024-10-20 23:53:31', '2024-10-20 23:53:31', NULL),
(207, 'Sudan', 'SDG', 'SD', 'inactive', '2024-10-20 23:53:31', '2024-10-20 23:53:31', NULL),
(208, 'Suriname', 'SRD', 'SR', 'inactive', '2024-10-20 23:53:31', '2024-10-20 23:53:31', NULL),
(209, 'Svalbard and Jan Mayen Islands', 'NOK', 'SJ', 'inactive', '2024-10-20 23:53:31', '2024-10-20 23:53:31', NULL),
(210, 'Swaziland', 'SZL', 'SZ', 'inactive', '2024-10-20 23:53:31', '2024-10-20 23:53:31', NULL),
(211, 'Sweden', 'SEK', 'SE', 'inactive', '2024-10-20 23:53:31', '2024-10-20 23:53:31', NULL),
(212, 'Switzerland', 'CHF', 'CH', 'inactive', '2024-10-20 23:53:31', '2024-10-20 23:53:31', NULL),
(213, 'Syria', 'SYP', 'SY', 'inactive', '2024-10-20 23:53:31', '2024-10-20 23:53:31', NULL),
(214, 'Taiwan', 'TWD', 'TW', 'inactive', '2024-10-20 23:53:31', '2024-10-20 23:53:31', NULL),
(215, 'Tajikistan', 'TJS', 'TJ', 'inactive', '2024-10-20 23:53:31', '2024-10-20 23:53:31', NULL),
(216, 'Tanzania', 'TZS', 'TZ', 'inactive', '2024-10-20 23:53:31', '2024-10-20 23:53:31', NULL),
(217, 'Thailand', 'THB', 'TH', 'inactive', '2024-10-20 23:53:31', '2024-10-20 23:53:31', NULL),
(218, 'Togo', 'XOF', 'TG', 'inactive', '2024-10-20 23:53:31', '2024-10-20 23:53:31', NULL),
(219, 'Tokelau', 'NZD', 'TK', 'inactive', '2024-10-20 23:53:31', '2024-10-20 23:53:31', NULL),
(220, 'Tonga', 'TOP', 'TO', 'inactive', '2024-10-20 23:53:31', '2024-10-20 23:53:31', NULL),
(221, 'Trinidad and Tobago', 'TTD', 'TT', 'inactive', '2024-10-20 23:53:31', '2024-10-20 23:53:31', NULL),
(222, 'Tunisia', 'TND', 'TN', 'inactive', '2024-10-20 23:53:31', '2024-10-20 23:53:31', NULL),
(223, 'Turkey', 'TRY', 'TR', 'active', '2024-10-20 23:53:31', '2024-10-20 23:53:31', NULL),
(224, 'Turkmenistan', 'TMT', 'TM', 'inactive', '2024-10-20 23:53:31', '2024-10-20 23:53:31', NULL),
(225, 'Turks and Caicos Islands', 'USD', 'TC', 'inactive', '2024-10-20 23:53:31', '2024-10-20 23:53:31', NULL),
(226, 'Tuvalu', 'AUD', 'TV', 'inactive', '2024-10-20 23:53:31', '2024-10-20 23:53:31', NULL),
(227, 'Uganda', 'UGX', 'UG', 'inactive', '2024-10-20 23:53:31', '2024-10-20 23:53:31', NULL),
(228, 'Ukraine', 'UAH', 'UA', 'inactive', '2024-10-20 23:53:31', '2024-10-20 23:53:31', NULL),
(229, 'United Arab Emirates', 'AED', 'AE', 'inactive', '2024-10-20 23:53:31', '2024-10-20 23:53:31', NULL),
(230, 'United Kingdom', 'GBP', 'GB', 'active', '2024-10-20 23:53:31', '2024-10-20 23:53:31', NULL),
(231, 'United States', 'USD', 'US', 'inactive', '2024-10-20 23:53:31', '2024-10-20 23:53:31', NULL),
(232, 'United States Minor Outlying Islands', 'USD', 'UM', 'inactive', '2024-10-20 23:53:31', '2024-10-20 23:53:31', NULL),
(233, 'Uruguay', 'UYU', 'UY', 'inactive', '2024-10-20 23:53:31', '2024-10-20 23:53:31', NULL),
(234, 'Uzbekistan', 'UZS', 'UZ', 'inactive', '2024-10-20 23:53:31', '2024-10-20 23:53:31', NULL),
(235, 'Vanuatu', 'VUV', 'VU', 'inactive', '2024-10-20 23:53:31', '2024-10-20 23:53:31', NULL),
(236, 'Vatican City State (Holy See)', 'EUR', 'VA', 'inactive', '2024-10-20 23:53:31', '2024-10-20 23:53:31', NULL),
(237, 'Venezuela', 'VEF', 'VE', 'inactive', '2024-10-20 23:53:31', '2024-10-20 23:53:31', NULL),
(238, 'Vietnam', 'VND', 'VN', 'inactive', '2024-10-20 23:53:31', '2024-10-20 23:53:31', NULL),
(239, 'Virgin Islands (British)', 'USD', 'VG', 'inactive', '2024-10-20 23:53:31', '2024-10-20 23:53:31', NULL),
(240, 'Virgin Islands (US)', 'USD', 'VI', 'inactive', '2024-10-20 23:53:31', '2024-10-20 23:53:31', NULL),
(241, 'Wallis and Futuna Islands', 'XPF', 'WF', 'inactive', '2024-10-20 23:53:31', '2024-10-20 23:53:31', NULL),
(242, 'Western Sahara', 'MAD', 'EH', 'inactive', '2024-10-20 23:53:31', '2024-10-20 23:53:31', NULL),
(243, 'Yemen', 'YER', 'YE', 'inactive', '2024-10-20 23:53:31', '2024-10-20 23:53:31', NULL),
(244, 'Yugoslavia', 'YUM', 'YU', 'inactive', '2024-10-20 23:53:31', '2024-10-20 23:53:31', NULL),
(245, 'Zambia', 'ZMW', 'ZM', 'inactive', '2024-10-20 23:53:31', '2024-10-20 23:53:31', NULL),
(246, 'Zimbabwe', 'ZWL', 'ZW', 'inactive', '2024-10-20 23:53:31', '2024-10-20 23:53:31', NULL),
(247, 'North Cyprus', 'EUR', 'NY', 'active', '2025-06-23 09:37:42', '2025-06-23 09:37:42', NULL);

-- --------------------------------------------------------

--
-- Table structure for table `countrydetails`
--

CREATE TABLE `countrydetails` (
  `id` bigint(20) UNSIGNED NOT NULL,
  `country_id` bigint(20) UNSIGNED NOT NULL,
  `image` text DEFAULT NULL,
  `country_description` text NOT NULL,
  `cost_of_living` text NOT NULL,
  `climate` text NOT NULL,
  `language` text NOT NULL,
  `scholarships` text NOT NULL,
  `workOpp` text NOT NULL,
  `bookMeeting` text NOT NULL,
  `created_at` timestamp NULL DEFAULT NULL,
  `updated_at` timestamp NULL DEFAULT NULL
) ENGINE=InnoDB DEFAULT CHARSET=utf8mb4 COLLATE=utf8mb4_unicode_ci;

--
-- Dumping data for table `countrydetails`
--

INSERT INTO `countrydetails` (`id`, `country_id`, `image`, `country_description`, `cost_of_living`, `climate`, `language`, `scholarships`, `workOpp`, `bookMeeting`, `created_at`, `updated_at`) VALUES
(1, 247, NULL, 'Cyprus is located in the Eastern Mediterranean Sea, where three continents\' trade routes intersect. It is the third biggest island in the Mediterranean Sea. The total area of the island covers 9,251 square km. The Turkish Republic of Northern Cyprus (TRNC) area is 3,242 square km. Cyprus\'s nearest neighbor is Turkey. The midyear de-jure population estimate for the Turkish Republic of Northern Cyprus is 286,257. The TRNC\'s capital, Lefkoşa, is its largest city. Other prominent settlements on the coast include Gazimağusa and Girne. The official language is Turkish, but English is commonly used and understood in both official and commercial settings. The religion is Islam, and Muslims account for 99% of the population', 'Compared with most countries in Western Europe, the cost of living in Northern Cyprus is low. Monthly expenses of an individual can go from 8000TL - 12000TL on an average basis.', 'The Turkish Republic of Northern Cyprus has a typical Mediterranean climate with about 300 days of sunshine per year. It enjoys dry, warm summers and mild winters. The bulk of the rain falls during the period from November to March. The coldest month is January having minimum and maximum mean temperatures of 6ºC and 16ºC respectively. In August\'s hottest, the corresponding minimum and maximum mean temperatures are 21ºC and 35ºC.', 'The mother tongue of the Turkish Cypriots is Turkish. English is widely spoken.', 'The duration of Bachelors Program in North Cyprus is 4 years whereas masters program duration is 2-years. The approximate tuition fee for Bs Program in North Cyprus varies from around 1000$ - 1600$ Per Semester whereas Ms Program tuition fee varies from 800$ - 1100$ per semester. The tuition fee is calculated after the university grants you the scholarship.\n                IELTS, PTE, and TOFEL are exempted if provided an English Proficiency Certificate or else sitting in an English Proficiency Exam.\n                ', 'Unlimited part-time working hours are allowed for students to work. Minimum wage offered 39512TL.', 'Are you interested in studying abroad but not sure where to start? Our team of experts is here to help! By filling out our simple meeting request form, you can schedule a one-on-one consultation to discuss your study abroad options, fees, scholarships, and more. We offer guidance for over 60 countries, so whether you\'re interested in Europe, Asia, the Americas, or anywhere in between, we\'ve got you covered.|Our consultation service is completely free, and our team is dedicated to helping you achieve your study abroad goals. We understand that the process can be overwhelming, but we\'re here to provide personalized advice and support every step of the way. Don\'t miss out on the opportunity to explore the world and broaden your horizons through international education.|Book your meeting today and let us help you make your study abroad dreams a reality.', NULL, NULL),
(2, 56, NULL, 'South Cyprus is an island state in the eastern Mediterranean Sea. It is geographically in West Asia, but its cultural links and geopolitics are predominantly Southeast European. Cyprus is the third largest and most populous island in the Mediterranean. It lies east of Greece, north of Egypt, south of Turkey, and west of Lebanon and Syria. The capital and largest city is Nicosia. The northeastern part of the island is de facto ruled by the self-proclaimed Turkish Republic of Northern Cyprus, which, like Turkey, refers to Cyprus\' internationally recognized government as the Greek Cypriot Administration of Southern Cyprus. The Republic of Cyprus is divided into six districts: Nicosia, Famagusta, Kyrenia, Larnaca, Limassol and Paphos\n                ', 'Compared with most countries in Western Europe, the cost of living in Cyprus is low. Approximately 500-600 Euros per month including Accomodation, Utilities, and Food etc.', 'Cyprus has a subtropical climate with very mild winters (on the coast) and warm to hot summers. Snow is possible only in the Troodos Mountains in the central part of island. Rain occurs mainly in winter, with summer being generally dry.\n                ', 'Cyprus has two official languages: Greek and Turkish. The island is divided into two, and the Cypriot Turks live to the north, the Greek Cypriots to the south. Around 2.7% of each also speak the minority languages Armenian and Arabic, and most of these also speak Greek.\n                ', 'Universities and Institutes in Cyprus offers variety of Associate Degree, Bachelors Degree and Masters Degree programs for International Students\n                The duration of Bachelors Program in Cyprus is 4 years and requires 50% in HSC for application whereas masters program duration is 2-years and requires 50% in Bachelors Degree for application. \n                The approximate tuition fee for Associate and Bs Program in Cyprus varies from around 4000-4500Euros Per Year whereas Ms Program tuition fee varies from 5400-4590Euros per year. The tuition fee is calculated after the university grants you the scholarship.\n                ', 'International (non-EU) students are entitled to work for 20 hours per week during teaching periods, provided that the employment hours will not coincide with their study hours at the American College and 38 hours per week during their holiday periods (Christmas, Easter or Summer). International students can work in specific fields and/or occupations (including Hotel and Restaurants) and occupations relevant to their program of study. Moreover, during summer period (1 June to 15 October) International students studying in Hotel Management or Culinary Arts programs of study, have the opportunity to undertake paid internships in the thriving hotel and tourism industry in Cyprus, thus supplementing their education with real hands-on, paid experience.\n                Finally, on completion of our Master in Business Administration program, international students are allowed to remain in Cyprus for a period of up to 12 months in order to seek employment.\n                ', 'Are you interested in studying abroad but not sure where to start? Our team of experts is here to help! By filling out our simple meeting request form, you can schedule a one-on-one consultation to discuss your study abroad options, fees, scholarships, and more. We offer guidance for over 60 countries, so whether you\'re interested in Europe, Asia, the Americas, or anywhere in between, we\'ve got you covered.|Our consultation service is completely free, and our team is dedicated to helping you achieve your study abroad goals. We understand that the process can be overwhelming, but we\'re here to provide personalized advice and support every step of the way. Don\'t miss out on the opportunity to explore the world and broaden your horizons through international education.|Book your meeting today and let us help you make your study abroad dreams a reality.', NULL, NULL),
(3, 107, NULL, 'Italy, officially the Italian Republic, is a country in Southern and Western Europe. It consists of a peninsula that extends into the Mediterranean Sea. Italy shares its borders with France, Switzerland, Austria, Slovenia and two enclaves: Vatican City and San Marino. It is the tenth-largest country in Europe by area, covering 301,340 km2 (116,350 sq mi), and third-most populous member state of the European Union, with a population of nearly 60 million. Its capital and largest city is Rome; other major urban areas include Milan, Naples, Turin, Florence, and Venice.', 'On average, monthly expenses, including accommodation, food, transport, and other necessities, range from approximately €700 to €1200. The estimate excludes tuition fees and personal expenses like travel and entertainment.', 'The climate is influenced by the seas that surround Italy on every side except the north, which constitute a reservoir of heat and humidity. Within the southern temperate zone, they determine a Mediterranean climate with local differences. Because of the length of the peninsula and the mostly mountainous hinterland, the climate is highly diverse. In most inland northern and central regions, the climate ranges from humid subtropical to humid continental and oceanic. The Po Valley is mostly humid subtropical, with cool winters and hot summers. The coastal areas of Liguria, Tuscany, and most of the south generally fit the Mediterranean climate stereotype.\n                ', 'Italian is the official language of Italy, and 93% of the population are native Italian speakers. Around 50% speak a regional dialect as their mother tongue.', 'The duration of the bachelor\'s Program in Italy is 3-4 years whereas the master\'s program duration is 1-2 years. \n                The tuition fee for bachelor\'s and master\'s programs is waived under Merit-based and Regional scholarships in almost all public universities. Students need to pay only the annual registration/contribution fee of around €150-€400, variable from university to university.\n                English Proficiency Letter from the last institute is required to exempt the IELTS, PTE, and TOEFL for admission in Most of the Master\'s Programs, not all. \n                For Bachelors it is recommended to provide IELTS, PTE, and TOEFL.\n                ', 'On a Student Visa, Weekly 20 Hours of part-time work is allowed. However, students can work full-time on Holidays or semester breaks.', 'Are you interested in studying abroad but not sure where to start? Our team of experts is here to help! By filling out our simple meeting request form, you can schedule a one-on-one consultation to discuss your study abroad options, fees, scholarships, and more. We offer guidance for over 60 countries, so whether you\'re interested in Europe, Asia, the Americas, or anywhere in between, we\'ve got you covered.|Our consultation service is completely free, and our team is dedicated to helping you achieve your study abroad goals. We understand that the process can be overwhelming, but we\'re here to provide personalized advice and support every step of the way. Don\'t miss out on the opportunity to explore the world and broaden your horizons through international education.|Book your meeting today and let us help you make your study abroad dreams a reality.', NULL, NULL),
(4, 82, NULL, 'Germany is renowned for its academic excellence, cutting-edge research, and rich cultural heritage. With a strong emphasis on practical learning, Germany offers students an opportunity to study at some of the most prestigious universities in the world, many of which rank highly globally. As a hub of technological innovation and industry, Germany provides unparalleled opportunities for those seeking to excel in fields like engineering, medicine, business, and information technology.', 'According to DAAD statistics, the average monthly living expense for a student in Germany is 867 euros. Thus, the annual living expenses can be calculated as 10,368 euros per year. This is far lower than other European countries, including the UK, Switzerland, Denmark, etc.\n                ', 'Winters are cool and summers warm, though maximum temperatures can exceed 30 °C for several days in a row during heat waves.\n\n\n                The warmest regions of Germany are in the southwest. Summers are hot with many days up to 40 °C. Sometimes, minimum temperatures do not drop below 20 °C, which is relatively rare in other regions, except the North Sea coast and western city climates\n                ', 'While German is the official language of Germany and widely spoken across the country, many universities offer programs in English, especially at the postgraduate level. For students who wish to immerse themselves in the local culture, learning basic German can be beneficial for day-to-day life and enhances job prospects, but it’s not always a requirement for academic success.\n                ', 'Germany is home to many world-renowned institutions, like the Technical University of Munich and Heidelberg University, offering a wide range of programs. The duration of the bachelor\'s Program in Italy is 3-4 years, whereas the master\'s program is 1-2 years. \n                The tuition fee for bachelor\'s and master\'s programs is waived under Merit-based and Regional scholarships in almost all public universities. Students need to pay only the annual registration/contribution fee of around €150-€400, variable from university to university \n                \n                \n                English Proficiency Letter from the last institute is required to exempt the IELTS, PTE, and TOEFL for admission in Most of the Master\'s Programs, not all. \n                For Bachelors it is recommended to provide IELTS, PTE, and TOEFL.\n                ', 'On a Student Visa, Weekly 20 Hours of part-time work is allowed. However, students can work full-time on Holidays or semester breaks.', 'Are you interested in studying abroad but not sure where to start? Our team of experts is here to help! By filling out our simple meeting request form, you can schedule a one-on-one consultation to discuss your study abroad options, fees, scholarships, and more. We offer guidance for over 60 countries, so whether you\'re interested in Europe, Asia, the Americas, or anywhere in between, we\'ve got you covered.|Our consultation service is completely free, and our team is dedicated to helping you achieve your study abroad goals. We understand that the process can be overwhelming, but we\'re here to provide personalized advice and support every step of the way. Don\'t miss out on the opportunity to explore the world and broaden your horizons through international education.|Book your meeting today and let us help you make your study abroad dreams a reality.', NULL, NULL),
(5, 38, NULL, 'Canada offers world-class education, top-ranked universities, and a welcoming multicultural environment. Known for its safety and high quality of life, it’s a perfect destination for international students. Pakistani students can work part-time, gain global exposure, and even explore pathways to permanent residency.', 'Planning your budget is essential when studying in Canada. The cost of living varies by city, lifestyle, and accommodation type. On average, students should budget between CAD 10,000 – 20,000 per year for expenses.\n                Estimated Monthly Expenses:\n                🏠 Accommodation: CAD 400 – 1,500 (shared apartment, dorm, or homestay)\n                🍽️ Food & Groceries: CAD 200 – 400\n                🚌 Transportation: CAD 80 – 150 (student discounts available)\n                🩺 Health Insurance: CAD 600  – 900 per year', 'Canada experiences a wide range of climatic conditions due to its vast size. The Pacific coast has a mild, wet climate throughout the year, while the Prairie Provinces face extreme seasonal variations with cold, snowy winters and warm summers. The northern regions experience long, harsh winters, whereas southern areas have more moderate temperatures. This diverse climate offers a unique experience across different regions, making Canada an appealing destination for students and travelers alike.', 'Canada is a bilingual country with two official languages: English and French. English is the dominant language in most provinces, while French is primarily spoken in Quebec and some parts of New Brunswick and Ontario. The country’s multicultural society also embraces many other languages, reflecting its diverse immigrant communities. This bilingual and multilingual environment offers international students and professionals a unique cultural and linguistic experience.\n                ', 'Canada is one of the best places to pursue higher education, offering top-tier universities and a wide variety of academic programs. With its affordable tuition fees compared to other popular destinations, high quality of life, and a safe, multicultural environment, Canada attracts students from all over the world. The country’s diverse population ensures an inclusive learning experience, and many universities offer work opportunities during and after studies. Furthermore, Canada\'s progressive immigration policies provide international students with pathways to work and permanent residency, making it an attractive destination for those looking to build a future abroad.', 'Canada offers excellent part-time job opportunities for international students, allowing them to gain valuable work experience while supporting their living expenses. Students with a valid study permit can work up to 20 hours per week during academic sessions and full-time during scheduled breaks, such as summer or winter holidays. Part-time jobs are available in various sectors, including retail, hospitality, customer service, and campus employment. Many universities also provide work-study programs that allow students to work within the institution', 'Are you interested in studying abroad but not sure where to start? Our team of experts is here to help! By filling out our simple meeting request form, you can schedule a one-on-one consultation to discuss your study abroad options, fees, scholarships, and more. We offer guidance for over 60 countries, so whether you\'re interested in Europe, Asia, the Americas, or anywhere in between, we\'ve got you covered.|Our consultation service is completely free, and our team is dedicated to helping you achieve your study abroad goals. We understand that the process can be overwhelming, but we\'re here to provide personalized advice and support every step of the way. Don\'t miss out on the opportunity to explore the world and broaden your horizons through international education.|Book your meeting today and let us help you make your study abroad dreams a reality.', NULL, NULL);

-- --------------------------------------------------------

--
-- Table structure for table `courses`
--

CREATE TABLE `courses` (
  `id` bigint(20) UNSIGNED NOT NULL,
  `course_title` varchar(200) NOT NULL,
  `program_level` bigint(20) UNSIGNED NOT NULL,
  `depart_id` bigint(20) UNSIGNED NOT NULL,
  `created_at` timestamp NULL DEFAULT NULL,
  `updated_at` timestamp NULL DEFAULT NULL
) ENGINE=InnoDB DEFAULT CHARSET=utf8mb4 COLLATE=utf8mb4_unicode_ci;

--
-- Dumping data for table `courses`
--

INSERT INTO `courses` (`id`, `course_title`, `program_level`, `depart_id`, `created_at`, `updated_at`) VALUES
(1, 'Architecture', 2, 1, NULL, NULL),
(2, 'Plastic Arts', 2, 1, NULL, NULL),
(3, 'International Business Managemnet ', 2, 2, NULL, NULL),
(4, 'Tourism Management', 2, 2, NULL, NULL),
(5, 'International Relations ', 2, 3, NULL, NULL),
(6, 'Political Sciences And Public Administration', 2, 3, NULL, NULL),
(7, 'Law', 2, 4, NULL, NULL),
(8, 'Plastic Arts', 2, 5, NULL, NULL),
(9, 'Photography', 2, 5, NULL, NULL),
(10, 'Ceramics', 2, 5, NULL, NULL),
(11, 'film Design & Directing ', 2, 5, NULL, NULL),
(12, 'Archaeoloy And History Of Arts', 2, 5, NULL, NULL),
(13, 'Architecture', 2, 6, NULL, NULL),
(14, 'Interior Architecture and Environmental Design', 2, 6, NULL, NULL),
(15, 'Industrial Design', 2, 6, NULL, NULL),
(16, 'Urban Design and Landscape Architecture*', 2, 6, NULL, NULL),
(17, 'Digital Game Design', 2, 7, NULL, NULL),
(18, 'Visual Communication Design', 2, 7, NULL, NULL),
(19, 'New Media & Communication ', 2, 7, NULL, NULL),
(20, 'Advertising Design & Communication', 2, 7, NULL, NULL),
(21, 'Communication Design And Management', 2, 7, NULL, NULL),
(22, 'Contemporary Dance*', 2, 8, NULL, NULL),
(23, 'Acting*', 2, 8, NULL, NULL),
(24, 'Sound Arts and Design*', 2, 8, NULL, NULL),
(25, 'Art', 3, 5, NULL, NULL),
(26, 'Architectural Design ', 3, 6, NULL, NULL),
(27, 'Communication Studies', 3, 7, NULL, NULL),
(28, 'Architectural ', 4, 6, NULL, NULL),
(29, 'Arts And Culture', 4, 5, NULL, NULL),
(30, 'Management', 4, 7, NULL, NULL),
(31, 'Computer Programming', 1, 9, NULL, NULL),
(32, 'Test Programcilik', 1, 9, NULL, NULL),
(33, 'Business Management', 1, 9, NULL, NULL),
(34, 'First and Emergency Aid', 1, 10, NULL, NULL),
(35, 'Anesthesia', 1, 10, NULL, NULL),
(36, 'Audiometry', 1, 10, NULL, NULL),
(37, 'Medical Documentation & Secretarial Services', 1, 10, NULL, NULL),
(38, 'Pefusions', 1, 10, NULL, NULL),
(39, 'Justice', 1, 11, NULL, NULL),
(40, 'Civil Aviation Cabin Services', 2, 12, NULL, NULL),
(41, 'Business Administration', 2, 13, NULL, NULL),
(42, 'Polotical Science And International Relations', 2, 13, NULL, NULL),
(43, 'Psychology', 2, 13, NULL, NULL),
(44, 'Banking And Finance', 2, 13, NULL, NULL),
(45, 'Management Information Sysytems', 2, 13, NULL, NULL),
(46, 'Economy', 2, 13, NULL, NULL),
(47, 'Social Work', 2, 13, NULL, NULL),
(48, 'Computer Engineering ', 2, 14, NULL, NULL),
(49, 'Computer Engineering ( CyberSecurity)', 2, 14, NULL, NULL),
(50, 'Computer Engineering ( AI)', 2, 14, NULL, NULL),
(51, 'Civil Engineering', 2, 14, NULL, NULL),
(52, 'Architecture', 2, 14, NULL, NULL),
(53, 'Electrical and Electronics Engineering', 2, 14, NULL, NULL),
(54, 'Software Engineering', 2, 14, NULL, NULL),
(55, 'Industrial Engineering', 2, 14, NULL, NULL),
(56, 'Law LL.B. ', 2, 4, NULL, NULL),
(57, 'English Language Teaching', 2, 15, NULL, NULL),
(58, 'Tourism And Hotel Management', 2, 16, NULL, NULL),
(59, 'Gastronomy and Culinary Arts', 2, 16, NULL, NULL),
(60, 'Nursing', 2, 17, NULL, NULL),
(61, 'Pharmacy', 2, 18, NULL, NULL),
(62, 'Political Sciences And International Relations', 3, 13, NULL, NULL),
(63, 'Business Administration ', 3, 13, NULL, NULL),
(64, 'Public Administration', 3, 13, NULL, NULL),
(65, 'Architecture', 3, 14, NULL, NULL),
(66, 'Computer Engineering ', 3, 14, NULL, NULL),
(67, 'Blockchain Technologies', 3, 14, NULL, NULL),
(68, 'Management Information Systems', 3, 14, NULL, NULL),
(69, 'International and Comparative Law', 3, 4, NULL, NULL),
(70, 'Healthcare Management', 3, 17, NULL, NULL),
(71, 'English Language Teaching', 3, 15, NULL, NULL),
(72, 'Political Sciences And International Relations', 4, 13, NULL, NULL),
(73, 'Business Administration ', 4, 13, NULL, NULL),
(74, 'Public Administration', 4, 13, NULL, NULL),
(75, 'Architecture', 4, 14, NULL, NULL),
(76, 'Computer Engineering', 4, 14, NULL, NULL),
(77, 'Management Information Systems', 4, 14, NULL, NULL),
(78, 'International And Comparative Law', 4, 4, NULL, NULL),
(79, 'Computer technology And Programming', 1, 9, NULL, NULL),
(80, 'Construction Technology', 1, 9, NULL, NULL),
(81, 'First and Emergency Aid', 1, 9, NULL, NULL),
(82, 'Public Relations And Advertising', 1, 9, NULL, NULL),
(83, 'Radio & TV Programming', 1, 9, NULL, NULL),
(84, 'Plant Production And technologies', 2, 19, NULL, NULL),
(85, 'Molecular Biology & Genetics', 2, 20, NULL, NULL),
(86, 'Psychology', 2, 20, NULL, NULL),
(87, 'Translation Science', 2, 20, NULL, NULL),
(88, 'Advertising And Public Relations', 2, 7, NULL, NULL),
(89, 'Journalism', 2, 7, NULL, NULL),
(90, 'Radio And Television', 2, 7, NULL, NULL),
(91, 'Visual Communication Design', 2, 7, NULL, NULL),
(92, 'Accounting & Finance', 2, 21, NULL, NULL),
(93, 'Business Administration', 2, 21, NULL, NULL),
(94, 'International Relations', 2, 21, NULL, NULL),
(95, 'Digital Media And Marketing', 2, 21, NULL, NULL),
(96, 'Economics', 2, 21, NULL, NULL),
(97, 'English Language teaching', 2, 22, NULL, NULL),
(98, 'BioEngineering', 2, 14, NULL, NULL),
(99, 'Biomedical Engineering', 2, 14, NULL, NULL),
(100, 'Civil Engineering', 2, 14, NULL, NULL),
(101, 'Computer Engineering', 2, 14, NULL, NULL),
(102, 'Electrical & Electronics Engineering', 2, 14, NULL, NULL),
(103, 'Energy Systems Engineering', 2, 14, NULL, NULL),
(104, 'Environmental Engineering', 2, 14, NULL, NULL),
(105, 'Industrial Engineering', 2, 14, NULL, NULL),
(106, 'Information Systems Engineering', 2, 14, NULL, NULL),
(107, 'Mechanical Engineering', 2, 14, NULL, NULL),
(108, 'Mechatronis Engineering', 2, 14, NULL, NULL),
(109, 'Medical Engineering', 2, 14, NULL, NULL),
(110, 'Petroleum and Natural Gas Engineering', 2, 14, NULL, NULL),
(111, 'Software Engineering', 2, 14, NULL, NULL),
(112, 'Architecture', 2, 23, NULL, NULL),
(113, 'Graphic Design', 2, 23, NULL, NULL),
(114, 'Interior Design', 2, 23, NULL, NULL),
(115, 'Nursing', 2, 17, NULL, NULL),
(116, 'Social Work ', 2, 17, NULL, NULL),
(117, 'Physiotherapy and Rehabilitation', 2, 17, NULL, NULL),
(118, 'International Law (LLB)', 2, 4, NULL, NULL),
(119, 'Medicine', 2, 24, NULL, NULL),
(120, 'Dentistry', 2, 25, NULL, NULL),
(121, 'Pharmacy(Pharm.D)', 2, 18, NULL, NULL),
(122, 'Information Technology', 2, 26, NULL, NULL),
(123, 'Management Information Systems', 2, 26, NULL, NULL),
(124, 'Computer Technologies And Programming ', 2, 26, NULL, NULL),
(125, 'Tourism And Hotel Management', 2, 27, NULL, NULL),
(126, 'Gastronomy & Cullinary Arts', 2, 27, NULL, NULL),
(127, 'Accounting And Finance', 3, 28, NULL, NULL),
(128, 'Architecture', 3, 28, NULL, NULL),
(129, 'Bioengineering', 3, 28, NULL, NULL),
(130, 'Bsiness Administration', 3, 28, NULL, NULL),
(131, 'Chemistry ', 3, 28, NULL, NULL),
(132, 'Civil Engineering', 3, 28, NULL, NULL),
(133, 'Communication and Media Studies', 3, 28, NULL, NULL),
(134, 'Computer Engineering ', 3, 28, NULL, NULL),
(135, 'Economy', 3, 28, NULL, NULL),
(136, 'Electrical And Electronics Engineering', 3, 28, NULL, NULL),
(137, 'Energy Systems Engineering', 3, 28, NULL, NULL),
(138, 'Engineering Management ', 3, 28, NULL, NULL),
(139, 'English Language And Literature', 3, 28, NULL, NULL),
(140, 'English Language Teaching', 3, 28, NULL, NULL),
(141, 'Environmental Engineering', 3, 28, NULL, NULL),
(142, 'Environmental Sciences', 3, 28, NULL, NULL),
(143, 'Graphic Design', 3, 28, NULL, NULL),
(144, 'Health Care Organization Management', 3, 28, NULL, NULL),
(145, 'Information Systems Engineering', 3, 28, NULL, NULL),
(146, 'Information Technology', 3, 28, NULL, NULL),
(147, 'Interior Design', 3, 28, NULL, NULL),
(148, 'International Banking And Finance', 3, 28, NULL, NULL),
(149, 'International LAw', 3, 28, NULL, NULL),
(150, 'International Relations', 3, 28, NULL, NULL),
(151, 'Management Information Systems', 3, 28, NULL, NULL),
(152, 'Marketing Management', 3, 28, NULL, NULL),
(153, 'Pharmacognosy', 3, 28, NULL, NULL),
(154, 'Plant Sciences and Technologies', 3, 28, NULL, NULL),
(155, 'Tourism And Hospitality Management ', 3, 28, NULL, NULL),
(156, 'Architecture', 4, 28, NULL, NULL),
(157, 'Bioengineering', 4, 28, NULL, NULL),
(158, 'Business Administration', 4, 28, NULL, NULL),
(159, 'Civil Engineering', 4, 28, NULL, NULL),
(160, 'Communication and Media Studies', 4, 28, NULL, NULL),
(161, 'Computer Engineering', 4, 28, NULL, NULL),
(162, 'Electrical And Electronics Engineering', 4, 28, NULL, NULL),
(163, 'Energy Systems Engineering', 4, 28, NULL, NULL),
(164, 'English Language Teaching', 4, 28, NULL, NULL),
(165, 'Environmental Engineering', 4, 28, NULL, NULL),
(166, 'Environmental Sciences', 4, 28, NULL, NULL),
(167, 'International Relations', 4, 28, NULL, NULL),
(168, 'Management Information Systems', 4, 28, NULL, NULL),
(169, 'Tourism Management ', 4, 28, NULL, NULL),
(170, 'Physiotherapy', 1, 10, NULL, NULL),
(171, 'First and Emergency Aid', 1, 10, NULL, NULL),
(172, 'Opticianry', 1, 10, NULL, NULL),
(173, 'Logistics', 1, 29, NULL, NULL),
(174, 'Tourist Guidance', 1, 29, NULL, NULL),
(175, 'Justice', 1, 11, NULL, NULL),
(176, 'Aviation Ground Service Management', 1, 30, NULL, NULL),
(177, 'Civil Aviation Cabin Services', 1, 30, NULL, NULL),
(178, 'Culinary Arts', 1, 31, NULL, NULL),
(179, 'Computer Engineering ', 2, 14, NULL, NULL),
(180, 'Electrical and Electronics Engineering', 2, 14, NULL, NULL),
(181, 'Mechatronics Engineering', 2, 14, NULL, NULL),
(182, 'Software Engineering', 2, 14, NULL, NULL),
(183, 'Information Security Engineering', 2, 14, NULL, NULL),
(184, 'Buisness Administration ', 2, 13, NULL, NULL),
(185, 'Business Administartion *', 2, 13, NULL, NULL),
(186, 'Banking And Finance', 2, 13, NULL, NULL),
(187, 'Civil Aviation Management', 2, 13, NULL, NULL),
(188, 'International Relations ', 2, 13, NULL, NULL),
(189, 'International Relations *', 2, 13, NULL, NULL),
(190, 'Psychology ', 2, 13, NULL, NULL),
(191, 'Psychology*', 2, 13, NULL, NULL),
(192, 'Political Sciences And Public Administration', 2, 13, NULL, NULL),
(193, 'Tourism And Hotel Management', 2, 16, NULL, NULL),
(194, 'Gastronomy and Culinary Arts*', 2, 16, NULL, NULL),
(195, 'Architecture', 2, 32, NULL, NULL),
(196, 'Interior Architecture and Environmental Design*', 2, 32, NULL, NULL),
(197, 'Nursing ', 2, 17, NULL, NULL),
(198, 'Physiotherapy and Rehabilitation*', 2, 17, NULL, NULL),
(199, 'Law*', 2, 4, NULL, NULL),
(200, 'International Law', 2, 4, NULL, NULL),
(201, 'Psychological Counselling and Guidance*', 2, 15, NULL, NULL),
(202, 'Turkish Language Teaching*', 2, 15, NULL, NULL),
(203, 'Business Administration ', 3, 13, NULL, NULL),
(204, 'Banking And Finance', 3, 13, NULL, NULL),
(205, 'Tourism Management', 3, 16, NULL, NULL),
(206, 'Education management *', 3, 15, NULL, NULL),
(207, 'Physiotherapy and Rehabilitation *', 3, 17, NULL, NULL),
(208, 'Nursing * ', 3, 17, NULL, NULL),
(209, 'Computer Engineering ', 3, 14, NULL, NULL),
(210, 'Business Adminnistration ', 4, 13, NULL, NULL),
(211, 'Education Management And Supervision* ', 4, 15, NULL, NULL),
(212, 'Business Administration ', 2, 13, NULL, NULL),
(213, 'Civil Aviation Management', 2, 12, NULL, NULL),
(214, 'Tourism And Hotel Management', 2, 16, NULL, NULL),
(215, 'Psychology', 2, 13, NULL, NULL),
(216, 'Logistics', 2, 13, NULL, NULL),
(217, 'Computer Engineering', 2, 14, NULL, NULL),
(218, 'Electrical and Electronics Engineering', 2, 14, NULL, NULL),
(219, 'Information Systems Engineering', 2, 14, NULL, NULL),
(220, 'Business Administration', 2, 13, NULL, NULL),
(221, 'Architecture', 2, 23, NULL, NULL),
(222, 'Interior Architecture', 2, 23, NULL, NULL),
(223, 'Actuarial Science*', 2, 20, NULL, NULL),
(224, 'Mathematics & Computer Science*', 2, 20, NULL, NULL),
(225, 'Molecular Biology & Genetics', 2, 20, NULL, NULL),
(226, 'Psychology', 2, 20, NULL, NULL),
(227, 'Chemistry', 2, 20, NULL, NULL),
(228, 'Physics', 2, 20, NULL, NULL),
(229, 'Statistics', 2, 20, NULL, NULL),
(230, 'Computer Education and Instructional Technology', 2, 15, NULL, NULL),
(231, 'Guidance and Psychological Counselling', 2, 15, NULL, NULL),
(232, 'English Language Teaching', 2, 15, NULL, NULL),
(233, 'Civil Engineering', 2, 14, NULL, NULL),
(234, 'Computer Engineering*', 2, 14, NULL, NULL),
(235, 'Software Engineering', 2, 14, NULL, NULL),
(236, 'electrical and Electronics Engineering*', 2, 14, NULL, NULL),
(237, 'Information Systems Engineering*', 2, 14, NULL, NULL),
(238, 'Industrial Engineering*', 2, 14, NULL, NULL),
(239, 'Management Engineering', 2, 14, NULL, NULL),
(240, 'Mechanical Engineering*', 2, 14, NULL, NULL),
(241, 'Mechatronics Engineering', 2, 14, NULL, NULL),
(242, 'Biomedical Engineering', 2, 14, NULL, NULL),
(243, 'Electronics and Communication Engineering', 2, 14, NULL, NULL),
(244, 'Business Administration ', 2, 2, NULL, NULL),
(245, 'Economics', 2, 2, NULL, NULL),
(246, 'International Relations', 2, 2, NULL, NULL),
(247, 'Political Sciences ', 2, 2, NULL, NULL),
(248, 'Public Administration ', 2, 2, NULL, NULL),
(249, 'Accounting & Finance Management ', 2, 2, NULL, NULL),
(250, 'Banking and Finance*', 2, 2, NULL, NULL),
(251, 'Banking and Insurance', 2, 2, NULL, NULL),
(252, 'International Finance', 2, 2, NULL, NULL),
(253, 'International Trade & Business', 2, 2, NULL, NULL),
(254, 'Management Information Systems*', 2, 2, NULL, NULL),
(255, 'Marketing ', 2, 2, NULL, NULL),
(256, 'Human Resources Management ', 2, 2, NULL, NULL),
(257, 'Dental Medicine', 2, 33, NULL, NULL),
(258, 'Nutrition & Dietetics', 2, 17, NULL, NULL),
(259, 'Physiotherapy & Rehabilitation ', 2, 17, NULL, NULL),
(260, 'Nursing ', 2, 17, NULL, NULL),
(261, 'Medicine', 2, 24, NULL, NULL),
(262, 'Pharmacy ( B.Pharm ) ', 2, 18, NULL, NULL),
(263, 'Pharmacy ( D.Pharm )', 2, 18, NULL, NULL),
(264, 'Digital Game Design', 2, 34, NULL, NULL),
(265, 'Public Relations and Advertising', 2, 34, NULL, NULL),
(266, 'Radio-TV and Film Studies', 2, 34, NULL, NULL),
(267, 'Visual Communication Design', 2, 34, NULL, NULL),
(268, 'New Media & Journalism ', 2, 34, NULL, NULL),
(269, 'Tourism Management', 2, 16, NULL, NULL),
(270, 'Gastronomy and Cullinary Arts', 2, 16, NULL, NULL),
(271, 'Recreation Management', 2, 16, NULL, NULL),
(272, 'Tourism and Hospitality Management', 2, 27, NULL, NULL),
(273, 'Civil Aviationa Cabin Services', 2, 27, NULL, NULL),
(274, 'Informaion Technology*', 2, 36, NULL, NULL),
(275, 'Computer Programming and Information technology', 2, 36, NULL, NULL),
(276, 'Business Administration ', 3, 2, NULL, NULL),
(277, 'Economics', 3, 2, NULL, NULL),
(278, 'International Relations', 3, 2, NULL, NULL),
(279, 'Banking And Finance', 3, 2, NULL, NULL),
(280, 'Diplomacy and Conflict Management ', 3, 2, NULL, NULL),
(281, 'Marketing Management', 3, 2, NULL, NULL),
(282, 'Energy Economics and Finance', 3, 2, NULL, NULL),
(283, 'Gender Studies', 3, 2, NULL, NULL),
(284, 'Civil Engineering', 3, 14, NULL, NULL),
(285, 'Computer Engineering ', 3, 14, NULL, NULL),
(286, 'Electrical And Electronic Engineering', 3, 14, NULL, NULL),
(287, 'Industrial Engineering', 3, 14, NULL, NULL),
(288, 'Mechanical Engineering', 3, 14, NULL, NULL),
(289, 'Applied Mathematics & Computer Science', 3, 20, NULL, NULL),
(290, 'Chemistry ', 3, 20, NULL, NULL),
(291, 'Mathematics', 3, 20, NULL, NULL),
(292, 'Physics', 3, 20, NULL, NULL),
(293, 'General Psychology', 3, 20, NULL, NULL),
(294, 'Architecture', 3, 23, NULL, NULL),
(295, 'Interior Architecture', 3, 23, NULL, NULL),
(296, 'Urban design ', 3, 23, NULL, NULL),
(297, 'Cultural heritage Studies', 3, 23, NULL, NULL),
(298, 'Communication & Media Studies', 3, 34, NULL, NULL),
(299, 'English Language Teaching', 3, 22, NULL, NULL),
(300, 'Information & Communication technologies in Education ', 3, 22, NULL, NULL),
(301, 'Tourism Management', 3, 16, NULL, NULL),
(302, 'Informatiom Technology', 3, 35, NULL, NULL),
(303, 'Business Administration ', 4, 2, NULL, NULL),
(304, 'Economics', 4, 2, NULL, NULL),
(305, 'International Relations', 4, 2, NULL, NULL),
(306, 'Banking And Finance', 4, 2, NULL, NULL),
(307, 'Marketing Management', 4, 2, NULL, NULL),
(308, 'HR Management ', 4, 2, NULL, NULL),
(309, 'International trade And Business', 4, 2, NULL, NULL),
(310, 'Computer Engineering', 4, 14, NULL, NULL),
(311, 'Industrial Engineering ', 4, 14, NULL, NULL),
(312, 'Engineering Management ', 4, 14, NULL, NULL),
(313, 'Information Systems', 4, 20, NULL, NULL),
(314, 'Medical Biotechnology', 4, 20, NULL, NULL),
(315, 'Architecture', 4, 23, NULL, NULL),
(316, 'Interior Architecture', 4, 23, NULL, NULL),
(317, 'Urba Design', 4, 23, NULL, NULL),
(318, 'Visual Arts & Communication Design', 4, 33, NULL, NULL),
(319, 'Digital media and Film', 4, 33, NULL, NULL),
(320, 'English Language Teaching', 4, 22, NULL, NULL),
(321, 'Information & Communication technologies in Education ', 4, 22, NULL, NULL),
(322, 'Tourism Management ', 4, 16, NULL, NULL),
(323, 'Comparative Legal Systems', 4, 4, NULL, NULL),
(324, 'Information Technology', 4, 35, NULL, NULL),
(325, 'Business Administration ', 2, 13, NULL, NULL),
(326, 'Digital Marketing & Social Media', 2, 7, NULL, NULL),
(327, 'Tourism Management', 2, 16, NULL, NULL),
(328, 'Business Administration ', 3, 13, NULL, NULL),
(329, 'Accounting And Taxation', 1, 9, NULL, NULL),
(330, 'Accounting And Taxation', 1, 9, NULL, NULL),
(331, 'Anesthesia', 1, 9, NULL, NULL),
(332, 'Alternative Energy And Source Technology', 1, 9, NULL, NULL),
(333, 'Applied English Translation', 1, 9, NULL, NULL),
(334, 'Architectural  Restoration', 1, 9, NULL, NULL),
(335, 'Architectural  Restoration', 1, 9, NULL, NULL),
(336, 'Audiometry Technician', 1, 9, NULL, NULL),
(337, 'Audiometry Technician', 1, 9, NULL, NULL),
(338, 'Automative Technology', 1, 9, NULL, NULL),
(339, 'Banking and Insurance', 1, 9, NULL, NULL),
(340, 'Banking and Insurance', 1, 9, NULL, NULL),
(341, 'Biomedical Device Technology', 1, 9, NULL, NULL),
(342, 'Child Development', 1, 9, NULL, NULL),
(343, 'Computer Programming', 1, 9, NULL, NULL),
(344, 'COmputer Programming', 1, 9, NULL, NULL),
(345, 'Constructionn Technology', 1, 9, NULL, NULL),
(346, 'Constructionn Technology', 1, 9, NULL, NULL),
(347, 'Culinary Arts', 1, 9, NULL, NULL),
(348, 'Dialysis Technician', 1, 9, NULL, NULL),
(349, 'Dialysis Technician', 1, 9, NULL, NULL),
(350, 'Elderly Care', 1, 9, NULL, NULL),
(351, 'Electronuerophysiology Technician', 1, 9, NULL, NULL),
(352, 'Electronic technologies', 1, 9, NULL, NULL),
(353, 'Electronic technologies', 1, 9, NULL, NULL),
(354, 'First And emergencies Assisstance Technique', 1, 9, NULL, NULL),
(355, 'First And Emergencies Assisstance Technique', 1, 9, NULL, NULL),
(356, 'Film Making', 1, 9, NULL, NULL),
(357, 'Foreign Trade', 1, 9, NULL, NULL),
(358, 'Graphic Design', 1, 9, NULL, NULL),
(359, 'Hair Dressing And Beauty care', 1, 9, NULL, NULL),
(360, 'Laboratorian & Veterinary Health Technicians', 1, 9, NULL, NULL),
(361, 'Medical Documentation & Secretarial Services', 1, 9, NULL, NULL),
(362, 'Medical Documentation & Secretarial Services', 1, 9, NULL, NULL),
(363, 'Medical Imaging Technology', 1, 9, NULL, NULL),
(364, 'Medical Imaging Technology', 1, 9, NULL, NULL),
(365, 'Medical Laboratory Technician', 1, 9, NULL, NULL),
(366, 'Midwifery Technician', 1, 9, NULL, NULL),
(367, 'Mouth And Dental Support Personel', 1, 9, NULL, NULL),
(368, 'Mouth And Dental Support Personel', 1, 9, NULL, NULL),
(369, 'Occupational Health And Safety', 1, 9, NULL, NULL),
(370, 'Operating Room Practice', 1, 9, NULL, NULL),
(371, 'Operating Room Practice', 1, 9, NULL, NULL),
(372, 'Opticianry', 1, 9, NULL, NULL),
(373, 'Orthopedic Prothesis Orthosis Technician', 1, 9, NULL, NULL),
(374, 'Pathology Laboratory Technician', 1, 9, NULL, NULL),
(375, 'Pharmaceutical Services', 1, 9, NULL, NULL),
(376, 'Perfusion Techniques', 1, 9, NULL, NULL),
(377, 'Photography And Camraman', 1, 9, NULL, NULL),
(378, 'Physiotherapy Technician', 1, 9, NULL, NULL),
(379, 'Physiotherapy Technician', 1, 9, NULL, NULL),
(380, 'Radio Television Technology', 1, 9, NULL, NULL),
(381, 'Radiotherapy Technician', 1, 9, NULL, NULL),
(382, 'Tourism And Hotel Management', 1, 9, NULL, NULL),
(383, 'Toursim And Hotel Management', 1, 9, NULL, NULL),
(384, 'Visual Communication', 1, 9, NULL, NULL),
(385, 'Computer Technology And Programming (3 Years)', 1, 9, NULL, NULL),
(386, 'Electrical And Electronics Technologies (3 Years)', 1, 9, NULL, NULL),
(387, 'Construction And Technical Drawing Technologies (3 Years)', 1, 9, NULL, NULL),
(388, 'Adult Education teaching', 2, 36, NULL, NULL),
(389, 'Art Teaching', 2, 36, NULL, NULL),
(390, 'Classroom Teaching', 2, 36, NULL, NULL),
(391, 'Computer Education and Instructional Technology', 2, 36, NULL, NULL),
(392, 'English Language Teaching', 2, 36, NULL, NULL),
(393, 'Geography Teaching', 2, 36, NULL, NULL),
(394, 'Hearing Impaired Education Teaching', 2, 36, NULL, NULL),
(395, 'Hairdressing and Beauty Education', 2, 36, NULL, NULL),
(396, 'History Teaching', 2, 36, NULL, NULL),
(397, 'Mathematics Teaching for Elementry schools', 2, 36, NULL, NULL),
(398, 'Mathematics Teachings', 2, 36, NULL, NULL),
(399, 'Music teaching', 2, 36, NULL, NULL),
(400, 'Philosophy Teaching', 2, 36, NULL, NULL),
(401, 'Pre-School Teaching', 2, 36, NULL, NULL),
(402, 'Psychological Counseling And Guidance', 2, 36, NULL, NULL),
(403, 'Psychological Counselling and Guidance', 2, 36, NULL, NULL),
(404, 'Science Teaching', 2, 36, NULL, NULL),
(405, 'Special Education', 2, 36, NULL, NULL),
(406, 'Social Science Teaching', 2, 36, NULL, NULL),
(407, 'Teaching Program For Mentally Disadvantage', 2, 36, NULL, NULL),
(408, 'Technology Desidn Teaching', 2, 36, NULL, NULL),
(409, 'Turkish Language Teaching', 2, 36, NULL, NULL),
(410, 'Architecture', 2, 23, NULL, NULL),
(411, 'Interior Architecture', 2, 23, NULL, NULL),
(412, 'Landscape Architecture', 2, 23, NULL, NULL),
(413, 'English Language and Literature', 2, 20, NULL, NULL),
(414, 'Geography', 2, 20, NULL, NULL),
(415, 'History', 2, 20, NULL, NULL),
(416, 'Mathematics', 2, 20, NULL, NULL),
(417, 'Molecular Biology & Genetics', 2, 20, NULL, NULL),
(418, 'Psychology', 2, 20, NULL, NULL),
(419, 'Translation and Interpretation', 2, 20, NULL, NULL),
(420, 'Turkish Language and Literature', 2, 20, NULL, NULL),
(421, 'Civil Engineering', 2, 37, NULL, NULL),
(422, 'Environmental Engineering', 2, 37, NULL, NULL),
(423, 'Cartoons & Animation', 2, 7, NULL, NULL),
(424, 'Film making & Broadcasting', 2, 7, NULL, NULL),
(425, 'Journalism', 2, 7, NULL, NULL),
(426, 'Public Relations and Advertising', 2, 7, NULL, NULL),
(427, 'Radio-TV and Film Studies', 2, 7, NULL, NULL),
(428, 'Visual Communication Design', 2, 7, NULL, NULL),
(429, 'Dentistry', 2, 25, NULL, NULL),
(430, 'Banking And Finance', 2, 13, NULL, NULL),
(431, 'Banking And Accounting', 2, 13, NULL, NULL),
(432, 'Business Administration ', 2, 13, NULL, NULL),
(433, 'Computer Information Systems', 2, 13, NULL, NULL),
(434, 'Economics', 2, 13, NULL, NULL),
(435, 'European Union Relations', 2, 13, NULL, NULL),
(436, 'Human Resources Management ', 2, 13, NULL, NULL),
(437, 'Insurance And Actuarial Science', 2, 13, NULL, NULL),
(438, 'International Relations', 2, 13, NULL, NULL),
(439, 'International Business Administration ', 2, 13, NULL, NULL),
(440, 'Knowledge Management', 2, 13, NULL, NULL),
(441, 'Marketing ', 2, 13, NULL, NULL),
(442, 'Management Information Systems', 2, 13, NULL, NULL),
(443, 'Political Sciences', 2, 13, NULL, NULL),
(444, 'Public Administration', 2, 13, NULL, NULL),
(445, 'Automotive Engineering', 2, 14, NULL, NULL),
(446, 'Artificial Intelligence Engineering', 2, 14, NULL, NULL),
(447, 'Bio-Engineering', 2, 14, NULL, NULL),
(448, 'Biomedical Engineering', 2, 14, NULL, NULL),
(449, 'Computer Engineering', 2, 14, NULL, NULL),
(450, 'Electrical And Electronic Engineering', 2, 14, NULL, NULL),
(451, 'Food Engineering', 2, 14, NULL, NULL),
(452, 'Industrial Engineering', 2, 14, NULL, NULL),
(453, 'Information Systems Engineering', 2, 14, NULL, NULL),
(454, 'Material Sciences and nanotechnology Engineering', 2, 14, NULL, NULL),
(455, 'Mechanical Engineering', 2, 14, NULL, NULL),
(456, 'Petroleum and Natural Gas Engineering', 2, 14, NULL, NULL),
(457, 'Software Engineering', 2, 14, NULL, NULL),
(458, 'Graphic Design', 2, 39, NULL, NULL),
(459, 'Plastic Arts', 2, 39, NULL, NULL),
(460, 'Audiology', 2, 17, NULL, NULL),
(461, 'Child Development', 2, 17, NULL, NULL),
(462, 'Emergency And Disaster Management ', 2, 17, NULL, NULL),
(463, 'Gerontology', 2, 17, NULL, NULL),
(464, 'Health Management', 2, 17, NULL, NULL),
(465, 'Nutrition & Dietetics', 2, 17, NULL, NULL),
(466, 'Midwifery*', 2, 17, NULL, NULL),
(467, 'Physiotherapy and Rehabilitation', 2, 17, NULL, NULL),
(468, 'Speech And Language Therapy', 2, 17, NULL, NULL),
(469, 'Social Work', 2, 17, NULL, NULL),
(470, 'Occupational Therapy', 2, 17, NULL, NULL),
(471, 'Occupational Health And Safety', 2, 17, NULL, NULL),
(472, 'International Law', 2, 4, NULL, NULL),
(473, 'Law', 2, 4, NULL, NULL),
(474, 'Medicine', 2, 24, NULL, NULL),
(475, 'Nursing', 2, 40, NULL, NULL),
(476, 'Acting', 2, 41, NULL, NULL),
(477, 'Drama Writing', 2, 41, NULL, NULL),
(478, 'theology Studies', 2, 42, NULL, NULL),
(479, 'Pharmacy', 2, 18, NULL, NULL),
(480, 'Veterinary Medicine', 2, 43, NULL, NULL),
(481, 'Justice', 2, 44, NULL, NULL),
(482, 'Gastronomy', 2, 45, NULL, NULL),
(483, 'Tourism And Hotel Management', 2, 45, NULL, NULL),
(484, 'Physical Education And Sports Teaching', 2, 46, NULL, NULL),
(485, 'Recreation', 2, 46, NULL, NULL),
(486, 'Sports Management', 2, 46, NULL, NULL),
(487, 'Sports Trainer Education', 2, 46, NULL, NULL),
(488, 'Arts And Crafts Teaching', 3, 15, NULL, NULL),
(489, 'Computer Education and Institutional Technology', 3, 15, NULL, NULL),
(490, 'Creative Drama In Education', 3, 15, NULL, NULL),
(491, 'Educational Administration, Supervision', 3, 15, NULL, NULL),
(492, 'Educational Programs And Instruction', 3, 15, NULL, NULL),
(493, 'English Language Teaching', 3, 15, NULL, NULL),
(494, 'Environmental  Education And Management', 3, 15, NULL, NULL),
(495, 'Folklore Education', 3, 15, NULL, NULL),
(496, 'Geography Education', 3, 15, NULL, NULL),
(497, 'Guidance And Psychological Counselling', 3, 15, NULL, NULL),
(498, 'History Education', 3, 15, NULL, NULL),
(499, 'Islamic History', 3, 15, NULL, NULL),
(500, 'Human Resources Development In Education ', 3, 15, NULL, NULL),
(501, 'Mathematic Education', 3, 15, NULL, NULL),
(502, 'Measurement And Evaluation In Education', 3, 15, NULL, NULL),
(503, 'Music Education', 3, 15, NULL, NULL),
(504, 'Ottoman Palaeograohy And Archiving', 3, 15, NULL, NULL),
(505, 'Pre-School Education', 3, 15, NULL, NULL),
(506, 'Science Teaching', 3, 15, NULL, NULL),
(507, 'Special Education', 3, 15, NULL, NULL),
(508, 'Turkish Education', 3, 15, NULL, NULL),
(509, 'Security Studies', 3, 15, NULL, NULL),
(510, 'Art History', 3, 15, NULL, NULL),
(511, 'Criminal Chemistry And Toxicology', 3, 48, NULL, NULL),
(512, 'Forensic Psychology', 3, 48, NULL, NULL),
(513, 'Architecture', 3, 26, NULL, NULL),
(514, 'Artificial Science Engineering', 3, 26, NULL, NULL),
(515, 'Biomedical Engineering', 3, 26, NULL, NULL),
(516, 'Chemistry ', 3, 26, NULL, NULL),
(517, 'Civil Engineering', 3, 26, NULL, NULL),
(518, 'Computer Engineering ', 3, 26, NULL, NULL),
(519, 'Computer Information Systems', 3, 26, NULL, NULL),
(520, 'Construction Management', 3, 26, NULL, NULL),
(521, 'Electrical And Electronic Engineering', 3, 26, NULL, NULL),
(522, 'Food Engineering', 3, 26, NULL, NULL),
(523, 'Information Systems Engineering', 3, 26, NULL, NULL),
(524, 'Interior Architecture', 3, 26, NULL, NULL),
(525, 'Landscape Architecture', 3, 26, NULL, NULL),
(526, 'Mathematics', 3, 26, NULL, NULL),
(527, 'Mechanical Engineering', 3, 26, NULL, NULL),
(528, 'Mechatronics Engineering', 3, 26, NULL, NULL),
(529, 'Petroleum And Natural Gas Engineering', 3, 26, NULL, NULL),
(530, 'Physics Engineering', 3, 26, NULL, NULL),
(531, 'Software Engineering', 3, 26, NULL, NULL),
(532, 'Environmental Sciences and Engineering', 3, 26, NULL, NULL),
(533, 'Analytical Chemistry', 3, 49, NULL, NULL),
(534, 'Biochemistry', 3, 49, NULL, NULL),
(535, 'Clinical Pharmacy', 3, 49, NULL, NULL),
(536, 'Pharmacognosy', 3, 49, NULL, NULL),
(537, 'Pharmacology', 3, 49, NULL, NULL),
(538, 'Phytotherapy', 3, 49, NULL, NULL),
(539, 'Pharmaceutical Botany', 3, 49, NULL, NULL),
(540, 'Toxicology', 3, 49, NULL, NULL),
(541, 'Anatomy', 3, 50, NULL, NULL),
(542, 'Biostatistics', 3, 50, NULL, NULL),
(543, 'Medical Biochemistry', 3, 50, NULL, NULL),
(544, 'Histology and Embriology', 3, 50, NULL, NULL),
(545, 'Medical Microbiology and Clinical Microbiology', 3, 50, NULL, NULL),
(546, 'Medical Biology And Genetics', 3, 50, NULL, NULL),
(547, 'Molecular Medicine', 3, 50, NULL, NULL),
(548, 'Occupational Health And Safety', 3, 50, NULL, NULL),
(549, 'Physiology', 3, 50, NULL, NULL),
(550, 'Midwifery', 3, 51, NULL, NULL),
(551, 'Nutrition And Dietetics', 3, 51, NULL, NULL),
(552, 'Physical Therapy And Rehabilitation', 3, 51, NULL, NULL),
(553, 'Child Health And Pediatric Nursing', 3, 52, NULL, NULL),
(554, 'Fundamentals Of Nursing And Nursing Administration', 3, 52, NULL, NULL),
(555, 'Internal Medicine Nursing', 3, 52, NULL, NULL),
(556, 'Mental Health And Psychiatric Nursing', 3, 52, NULL, NULL),
(557, 'Nursing', 3, 52, NULL, NULL),
(558, 'Obstetric And Gynecology Nursing', 3, 52, NULL, NULL),
(559, 'Surgical Nursing', 3, 52, NULL, NULL),
(560, 'Animal Nutrition And Nutritional Diseases', 3, 53, NULL, NULL),
(561, 'Food Hygiene And Technology', 3, 53, NULL, NULL),
(562, 'Obstetric And Gynecology ', 3, 53, NULL, NULL),
(563, 'Veternary Internal Medicine', 3, 53, NULL, NULL),
(564, 'Veternary Microbiology', 3, 53, NULL, NULL),
(565, 'Zootechnique', 3, 53, NULL, NULL),
(566, 'Physical Education And Sports', 3, 55, NULL, NULL),
(567, 'Arabic Language And Rhetoric', 3, 54, NULL, NULL),
(568, 'Arts And Design', 3, 54, NULL, NULL),
(569, 'Banking And Finance', 3, 54, NULL, NULL),
(570, 'Banking And Accounting', 3, 54, NULL, NULL),
(571, 'Business Administration', 3, 54, NULL, NULL),
(572, 'Clinical Psychology', 3, 54, NULL, NULL),
(573, 'Dramaturgy', 3, 54, NULL, NULL),
(574, 'Economics', 3, 54, NULL, NULL),
(575, 'English Language And Literature', 3, 54, NULL, NULL),
(576, 'European Union Relations', 3, 54, NULL, NULL),
(577, 'Fine Arts And Design', 3, 54, NULL, NULL),
(578, 'General Psychology', 3, 54, NULL, NULL),
(579, 'Human Resources Management', 3, 54, NULL, NULL),
(580, 'Innovation Knowledge Management', 3, 54, NULL, NULL),
(581, 'International Business', 3, 54, NULL, NULL),
(582, 'International Law', 3, 54, NULL, NULL),
(583, 'International Relations', 3, 54, NULL, NULL),
(584, 'Maritime Law', 3, 54, NULL, NULL),
(585, 'Marketing', 3, 54, NULL, NULL),
(586, 'Media And Communication Studies', 3, 54, NULL, NULL),
(587, 'Private Law', 3, 54, NULL, NULL),
(588, 'Public Law', 3, 54, NULL, NULL),
(589, 'Security Studies', 3, 54, NULL, NULL),
(590, 'Security Studies(AR)', 3, 54, NULL, NULL),
(591, 'Tourism Management', 3, 54, NULL, NULL),
(592, 'Turkish Language And Literature', 3, 54, NULL, NULL),
(593, 'Political Sciences', 3, 54, NULL, NULL),
(594, 'Banking And Finance', 3, 56, NULL, NULL),
(595, 'Business Administration', 3, 56, NULL, NULL),
(596, 'Economics', 3, 56, NULL, NULL),
(597, 'Inernational Relations', 3, 56, NULL, NULL),
(598, 'Marketing Management', 3, 56, NULL, NULL),
(599, 'Computer Education and Instructional Technology', 4, 47, NULL, NULL),
(600, 'Educational Administration, Supervision, Planning & Economics', 4, 47, NULL, NULL),
(601, 'Educational Program And Instruction', 4, 47, NULL, NULL),
(602, 'English Language Education', 4, 47, NULL, NULL),
(603, 'Environmental Education And Management', 4, 47, NULL, NULL),
(604, 'Folklore Education', 4, 47, NULL, NULL),
(605, 'Guidance And Psychological Counselling', 4, 47, NULL, NULL),
(606, 'History Education', 4, 47, NULL, NULL),
(607, 'Mathematics Education', 4, 47, NULL, NULL),
(608, 'Music Education', 4, 47, NULL, NULL),
(609, 'Special Education', 4, 47, NULL, NULL),
(610, 'Preschool Education', 4, 47, NULL, NULL),
(611, 'Architecture', 4, 26, NULL, NULL),
(612, 'Biomedical Engineering', 4, 26, NULL, NULL),
(613, 'Chemistry', 4, 26, NULL, NULL),
(614, 'Civil Engineering', 4, 26, NULL, NULL),
(615, 'Computer Engineering', 4, 26, NULL, NULL),
(616, 'Computer Information Systems', 4, 26, NULL, NULL),
(617, 'Electrical And Electronics Engineering', 4, 26, NULL, NULL),
(618, 'Interior Architecture', 4, 26, NULL, NULL),
(619, 'Mathematics ', 4, 26, NULL, NULL),
(620, 'Mechanical Engineering', 4, 26, NULL, NULL),
(621, 'Petroleum And Natural Gas Engineering', 4, 26, NULL, NULL),
(622, 'Physics Engineering', 4, 26, NULL, NULL),
(623, 'Endodontics', 4, 64, NULL, NULL),
(624, 'Oral & Maxillofacial Surgery', 4, 64, NULL, NULL),
(625, 'Orthodontics', 4, 64, NULL, NULL),
(626, 'Peridontology', 4, 64, NULL, NULL),
(627, 'Prosthodontics', 4, 64, NULL, NULL),
(628, 'Analytical Chemistry', 4, 49, NULL, NULL),
(629, 'Biochemistry', 4, 49, NULL, NULL),
(630, 'Clinical Pharmacy', 4, 49, NULL, NULL),
(631, 'Pharmacognosy', 4, 49, NULL, NULL),
(632, 'Pharmacology', 4, 49, NULL, NULL),
(633, 'Phytotherapy', 4, 49, NULL, NULL),
(634, 'Pharmaceutical Botany', 4, 49, NULL, NULL),
(635, 'Toxicology', 4, 49, NULL, NULL),
(636, 'Allergy And Immunology', 4, 50, NULL, NULL),
(637, 'Anatomy', 4, 50, NULL, NULL),
(638, 'Biostatistics', 4, 50, NULL, NULL),
(639, 'Histology & Embriology', 4, 50, NULL, NULL),
(640, 'Medical Biochemistry', 4, 50, NULL, NULL),
(641, 'Medical Microbiology and Clinical Microbiology', 4, 50, NULL, NULL),
(642, 'Medical Biology And Genetics', 4, 50, NULL, NULL),
(643, 'Molecular Medicine', 4, 50, NULL, NULL),
(644, 'Health Institutions Administration', 4, 51, NULL, NULL),
(645, 'Nutrition And Dietetics', 4, 51, NULL, NULL),
(646, 'Physiotherapy And Rehabilitation', 4, 51, NULL, NULL),
(647, 'Child Health And Pediatric Nursing', 4, 52, NULL, NULL),
(648, 'Fundamentals Of Nursing And Nursing Administration', 4, 52, NULL, NULL),
(649, 'Internal Medicine Nursing', 4, 52, NULL, NULL),
(650, 'Mental Health And Psychiatric Nursing', 4, 52, NULL, NULL),
(651, 'Nursing', 4, 52, NULL, NULL),
(652, 'Obstetric And Gynecology Nursing', 4, 52, NULL, NULL),
(653, 'Gurgical Nursing', 4, 52, NULL, NULL),
(654, 'Obstetric And Gynecology', 4, 53, NULL, NULL),
(655, 'Zootechnique', 4, 53, NULL, NULL),
(656, 'Physical Education & Sports', 4, 55, NULL, NULL),
(657, 'Arts And Design', 4, 54, NULL, NULL),
(658, 'Banking And Finance', 4, 54, NULL, NULL),
(659, 'Business Administration ', 4, 54, NULL, NULL),
(660, 'Clinical Psychology', 4, 54, NULL, NULL),
(661, 'Economics', 4, 54, NULL, NULL),
(662, 'General Psychology', 4, 54, NULL, NULL),
(663, 'Innovation and Knowledge Management', 4, 54, NULL, NULL),
(664, 'Media And Communication Studies', 4, 54, NULL, NULL),
(665, 'Private Law', 4, 54, NULL, NULL),
(666, 'Political Sciences And International Relations', 4, 54, NULL, NULL),
(667, 'Public Law', 4, 54, NULL, NULL),
(668, 'Banking And Finance', 4, 56, NULL, NULL),
(669, 'Economics', 4, 56, NULL, NULL),
(670, 'International Relations', 4, 56, NULL, NULL),
(671, 'Elderly Care', 1, 10, NULL, NULL),
(672, 'Cookery', 1, 57, NULL, NULL),
(673, 'Civil Aviation Cabin Services', 1, 30, NULL, NULL),
(674, 'Civil Air Transportation Management', 1, 30, NULL, NULL),
(675, 'Maritime transportation Management', 1, 58, NULL, NULL),
(676, 'Maritime Management And Operations', 1, 58, NULL, NULL),
(677, 'Ship Machinery', 1, 58, NULL, NULL),
(678, 'Applied English Translation', 1, 59, NULL, NULL),
(679, 'Maritime Management', 2, 60, NULL, NULL),
(680, 'Maritime Transport Management Engineering', 2, 60, NULL, NULL),
(681, 'Marine Engineering', 2, 60, NULL, NULL),
(682, 'Dentistry ', 2, 25, NULL, NULL),
(683, 'Psychological Counselling and Guidance*', 2, 15, NULL, NULL),
(684, 'Turkish Language Teaching*', 2, 15, NULL, NULL),
(685, 'Social Education teaching*', 2, 15, NULL, NULL),
(686, 'English Language Teaching', 2, 15, NULL, NULL),
(687, 'Psychology', 2, 20, NULL, NULL),
(688, 'Aeronautical Engineering', 2, 61, NULL, NULL),
(689, 'Pilotage-professional Pilot training', 2, 61, NULL, NULL),
(690, 'Aviation Management', 2, 61, NULL, NULL),
(691, 'Law', 2, 4, NULL, NULL),
(692, 'International Business Administration', 2, 21, NULL, NULL),
(693, 'International Relations', 2, 21, NULL, NULL),
(694, 'Banking And Finance', 2, 21, NULL, NULL),
(695, 'Logistics Management', 2, 21, NULL, NULL),
(696, 'Tourism Management', 2, 21, NULL, NULL),
(697, 'Architecture*', 2, 23, NULL, NULL),
(698, 'Interior Architecture*', 2, 23, NULL, NULL),
(699, 'Mechanical Engineering', 2, 14, NULL, NULL),
(700, 'Computer Engineering', 2, 14, NULL, NULL),
(701, 'Electrical And Electronic engineerig', 2, 14, NULL, NULL),
(702, 'Civil Engineering', 2, 14, NULL, NULL),
(703, 'Software Engineering', 2, 14, NULL, NULL),
(704, 'Pharmacy', 2, 18, NULL, NULL),
(705, 'Physiotherapy and Rehabilitation', 2, 17, NULL, NULL),
(706, 'Nursing', 2, 17, NULL, NULL),
(707, 'Nutrition And Dietics', 2, 17, NULL, NULL),
(708, 'Medicine', 2, 24, NULL, NULL),
(709, 'Gastronomy and Cullinary Arts', 2, 63, NULL, NULL),
(710, 'Maritime Transportation and Management Engineering', 3, 26, NULL, NULL),
(711, 'Big Data Analysis', 3, 26, NULL, NULL),
(712, 'Business Administration', 3, 54, NULL, NULL),
(713, 'Aviation Management', 3, 54, NULL, NULL),
(714, 'Banking And Finance', 3, 54, NULL, NULL),
(715, 'International Relations', 3, 54, NULL, NULL),
(716, 'Clinical Embrology', 3, 17, NULL, NULL),
(717, 'Maritime Transportation and Management Engineering', 4, 26, NULL, NULL),
(718, 'Immunology-Allergy', 4, 17, NULL, NULL),
(719, 'International Relations', 2, 38, NULL, NULL),
(720, 'Political science and Public Administration', 2, 38, NULL, NULL),
(721, 'Business Administration', 2, 38, NULL, NULL),
(722, 'International Hospitality and tourism ', 2, 38, NULL, NULL),
(723, 'Management Information Systems', 2, 38, NULL, NULL),
(724, 'Psychology', 2, 38, NULL, NULL),
(725, 'International Law', 2, 4, NULL, NULL),
(726, 'Plastic Arts', 2, 5, NULL, NULL),
(727, 'Architecture', 2, 14, NULL, NULL),
(728, 'Software Engineering', 2, 14, NULL, NULL),
(729, 'Civil engineering', 2, 14, NULL, NULL),
(730, 'Nursing', 2, 17, NULL, NULL),
(731, 'Politcal Science and International Relations', 3, 28, NULL, NULL),
(732, 'Business Administration ', 3, 28, NULL, NULL),
(733, 'International Hospitality And Tourism Management ', 3, 28, NULL, NULL),
(734, 'International Relations', 4, 28, NULL, NULL),
(735, 'Public Administration', 4, 28, NULL, NULL);

-- --------------------------------------------------------

--
-- Table structure for table `departments`
--

CREATE TABLE `departments` (
  `id` bigint(20) UNSIGNED NOT NULL,
  `department_name` varchar(200) NOT NULL,
  `created_at` timestamp NULL DEFAULT NULL,
  `updated_at` timestamp NULL DEFAULT NULL
) ENGINE=InnoDB DEFAULT CHARSET=utf8mb4 COLLATE=utf8mb4_unicode_ci;

--
-- Dumping data for table `departments`
--

INSERT INTO `departments` (`id`, `department_name`, `created_at`, `updated_at`) VALUES
(1, 'Fine Arts', NULL, NULL),
(2, 'Business & Economics', NULL, NULL),
(3, 'Political Sciences', NULL, NULL),
(4, 'Law', NULL, NULL),
(5, 'Arts', NULL, NULL),
(6, 'Design', NULL, NULL),
(7, 'Communication', NULL, NULL),
(8, 'Music and Performing Arts', NULL, NULL),
(9, 'Vocational School', NULL, NULL),
(10, 'Vocational School Of Health Services', NULL, NULL),
(11, 'Vocational School Of Justice', NULL, NULL),
(12, 'Aviation ', NULL, NULL),
(13, 'Economics, Administrative and Social Science', NULL, NULL),
(14, 'Engineering', NULL, NULL),
(15, 'Educational Science', NULL, NULL),
(16, 'Tourism ', NULL, NULL),
(17, 'Health Science', NULL, NULL),
(18, 'Pharmacy', NULL, NULL),
(19, 'Agricultural Sciences & Technologies', NULL, NULL),
(20, 'Arts & Science', NULL, NULL),
(21, 'Economics & Administrative Sciences', NULL, NULL),
(22, 'Education', NULL, NULL),
(23, 'Architecture', NULL, NULL),
(24, 'Medicine', NULL, NULL),
(25, 'Dentistry', NULL, NULL),
(26, 'Applied Sciences', NULL, NULL),
(27, 'Tourism & Hotel Management', NULL, NULL),
(28, 'Miscellaneous', NULL, NULL),
(29, 'Vocational School Of Applied Sciences', NULL, NULL),
(30, 'Vocational School Of Aviation ', NULL, NULL),
(31, 'Vocational School Of Culinary Arts', NULL, NULL),
(32, 'Fine Arts And Design', NULL, NULL),
(33, 'Communication & Media Studies', NULL, NULL),
(34, 'Tourism and Hospitality Management', NULL, NULL),
(35, 'Computing and Technoloy', NULL, NULL),
(36, 'Ataturk Faculty Of Education', NULL, NULL),
(37, 'Civil & Environmental Engineering', NULL, NULL),
(38, 'Economics, and Administrative Science', NULL, NULL),
(39, 'Fine Arts ', NULL, NULL),
(40, 'Nursing', NULL, NULL),
(41, 'Performing Arts', NULL, NULL),
(42, 'Theology', NULL, NULL),
(43, 'Veterinary Medicine', NULL, NULL),
(44, 'Justice', NULL, NULL),
(45, 'Tourism And Hotel Management', NULL, NULL),
(46, 'Physical Education And Sports', NULL, NULL),
(47, 'Education Sciences', NULL, NULL),
(48, 'Criminal Sciences', NULL, NULL),
(49, 'Health Science - Pharmacy', NULL, NULL),
(50, 'Health Science - Medicine', NULL, NULL),
(51, 'Health Science - Health Sciences', NULL, NULL),
(52, 'Health Science - Nursing', NULL, NULL),
(53, 'Health Science - Veternary Medicine', NULL, NULL),
(54, 'Social Sciences', NULL, NULL),
(55, 'Physical Education & Sport', NULL, NULL),
(56, 'Open And Distance Learning', NULL, NULL),
(57, 'Vocational School Of Hotel Management', NULL, NULL),
(58, 'Vocational School Of Maritime', NULL, NULL),
(59, 'Vocational School Of Foreign Language', NULL, NULL),
(60, 'Maritime Studies', NULL, NULL),
(61, 'Aviation And Space Sciences', NULL, NULL),
(62, 'Economics and Administrative Science', NULL, NULL),
(63, 'Tourism', NULL, NULL),
(64, 'Health Sciences - Dentistry', NULL, NULL);

-- --------------------------------------------------------

--
-- Table structure for table `failed_jobs`
--

CREATE TABLE `failed_jobs` (
  `id` bigint(20) UNSIGNED NOT NULL,
  `uuid` varchar(200) NOT NULL,
  `connection` text NOT NULL,
  `queue` text NOT NULL,
  `payload` longtext NOT NULL,
  `exception` longtext NOT NULL,
  `failed_at` timestamp NOT NULL DEFAULT current_timestamp()
) ENGINE=InnoDB DEFAULT CHARSET=utf8mb4 COLLATE=utf8mb4_unicode_ci;

-- --------------------------------------------------------

--
-- Table structure for table `fields`
--

CREATE TABLE `fields` (
  `id` bigint(20) UNSIGNED NOT NULL,
  `field` varchar(200) NOT NULL,
  `created_at` timestamp NULL DEFAULT NULL,
  `updated_at` timestamp NULL DEFAULT NULL
) ENGINE=InnoDB DEFAULT CHARSET=utf8mb4 COLLATE=utf8mb4_unicode_ci;

--
-- Dumping data for table `fields`
--

INSERT INTO `fields` (`id`, `field`, `created_at`, `updated_at`) VALUES
(1, 'Computer Science', '2025-05-15 06:33:01', '2025-05-15 06:33:01'),
(2, 'Mechanical Engineering', '2025-05-15 06:33:01', '2025-05-15 06:33:01'),
(3, 'Civil Engineering', '2025-05-15 06:33:01', '2025-05-15 06:33:01'),
(4, 'Electrical Engineering', '2025-05-15 06:33:01', '2025-05-15 06:33:01'),
(5, 'Business Administration', '2025-05-15 06:33:01', '2025-05-15 06:33:01'),
(6, 'Economics', '2025-05-15 06:33:01', '2025-05-15 06:33:01'),
(7, 'Psychology', '2025-05-15 06:33:01', '2025-05-15 06:33:01'),
(8, 'Medicine', '2025-05-15 06:33:01', '2025-05-15 06:33:01'),
(9, 'Law', '2025-05-15 06:33:01', '2025-05-15 06:33:01'),
(10, 'Architecture', '2025-05-15 06:33:01', '2025-05-15 06:33:01');

-- --------------------------------------------------------

--
-- Table structure for table `heroes`
--

CREATE TABLE `heroes` (
  `id` bigint(20) UNSIGNED NOT NULL,
  `heading` varchar(200) NOT NULL,
  `desc` varchar(200) NOT NULL,
  `created_at` timestamp NULL DEFAULT NULL,
  `updated_at` timestamp NULL DEFAULT NULL
) ENGINE=InnoDB DEFAULT CHARSET=utf8mb4 COLLATE=utf8mb4_unicode_ci;

-- --------------------------------------------------------

--
-- Table structure for table `migrations`
--

CREATE TABLE `migrations` (
  `id` int(10) UNSIGNED NOT NULL,
  `migration` varchar(200) NOT NULL,
  `batch` int(11) NOT NULL
) ENGINE=InnoDB DEFAULT CHARSET=utf8mb4 COLLATE=utf8mb4_unicode_ci;

--
-- Dumping data for table `migrations`
--

INSERT INTO `migrations` (`id`, `migration`, `batch`) VALUES
(1, '2014_10_12_000000_create_users_table', 1),
(2, '2014_10_12_100000_create_password_reset_tokens_table', 1),
(3, '2014_10_12_200000_add_two_factor_columns_to_users_table', 1),
(4, '2019_08_19_000000_create_failed_jobs_table', 1),
(5, '2019_12_14_000001_create_personal_access_tokens_table', 1),
(6, '2024_10_09_125222_create_sessions_table', 1),
(7, '2024_10_09_134934_create_countries_table', 1),
(8, '2024_10_10_052024_create_consults_table', 1),
(9, '2024_10_11_104124_create_fields_table', 1),
(10, '2024_10_15_135505_create_services_table', 1),
(11, '2024_10_18_195305_create_countrydetails_table', 1),
(12, '2024_11_22_065401_create_heroes_table', 1),
(13, '2025_04_10_130850_create_universities_table', 1),
(14, '2025_04_21_182935_create_program_levels_table', 1),
(15, '2025_04_21_183155_create_departments_table', 1),
(16, '2025_04_21_183213_create_universitydepartments_table', 1),
(17, '2025_04_21_183215_create_courses_table', 1),
(18, '2025_05_15_122320_create_unideptcourseprogs_table', 2),
(19, '2025_05_15_123151_create_unideptprogcourses_table', 3),
(20, '2025_06_23_101859_create_contacts_table', 4);

-- --------------------------------------------------------

--
-- Table structure for table `password_reset_tokens`
--

CREATE TABLE `password_reset_tokens` (
  `email` varchar(200) NOT NULL,
  `token` varchar(200) NOT NULL,
  `created_at` timestamp NULL DEFAULT NULL
) ENGINE=InnoDB DEFAULT CHARSET=utf8mb4 COLLATE=utf8mb4_unicode_ci;

-- --------------------------------------------------------

--
-- Table structure for table `personal_access_tokens`
--

CREATE TABLE `personal_access_tokens` (
  `id` bigint(20) UNSIGNED NOT NULL,
  `tokenable_type` varchar(200) NOT NULL,
  `tokenable_id` bigint(20) UNSIGNED NOT NULL,
  `name` varchar(200) NOT NULL,
  `token` varchar(64) NOT NULL,
  `abilities` text DEFAULT NULL,
  `last_used_at` timestamp NULL DEFAULT NULL,
  `expires_at` timestamp NULL DEFAULT NULL,
  `created_at` timestamp NULL DEFAULT NULL,
  `updated_at` timestamp NULL DEFAULT NULL
) ENGINE=InnoDB DEFAULT CHARSET=utf8mb4 COLLATE=utf8mb4_unicode_ci;

-- --------------------------------------------------------

--
-- Table structure for table `program_levels`
--

CREATE TABLE `program_levels` (
  `id` bigint(20) UNSIGNED NOT NULL,
  `program_name` varchar(200) NOT NULL,
  `created_at` timestamp NULL DEFAULT NULL,
  `updated_at` timestamp NULL DEFAULT NULL
) ENGINE=InnoDB DEFAULT CHARSET=utf8mb4 COLLATE=utf8mb4_unicode_ci;

--
-- Dumping data for table `program_levels`
--

INSERT INTO `program_levels` (`id`, `program_name`, `created_at`, `updated_at`) VALUES
(1, 'Associate Degree', '2025-05-15 06:33:01', '2025-05-15 06:33:01'),
(2, 'Bachelors', '2025-05-15 06:33:01', '2025-05-15 06:33:01'),
(3, 'Masters', '2025-05-15 06:33:01', '2025-05-15 06:33:01'),
(4, 'Ph.D', '2025-05-15 06:33:01', '2025-05-15 06:33:01');

-- --------------------------------------------------------

--
-- Table structure for table `services`
--

CREATE TABLE `services` (
  `id` bigint(20) UNSIGNED NOT NULL,
  `service_icon` varchar(200) NOT NULL,
  `service_heading` varchar(200) NOT NULL,
  `service_details` varchar(200) NOT NULL,
  `status` varchar(200) NOT NULL DEFAULT 'active',
  `created_at` timestamp NULL DEFAULT NULL,
  `updated_at` timestamp NULL DEFAULT NULL
) ENGINE=InnoDB DEFAULT CHARSET=utf8mb4 COLLATE=utf8mb4_unicode_ci;

--
-- Dumping data for table `services`
--

INSERT INTO `services` (`id`, `service_icon`, `service_heading`, `service_details`, `status`, `created_at`, `updated_at`) VALUES
(1, 'fa-regular fa-user', 'Career Guidance', 'Deciding what profession you should go into is easier when you, have us helping you make an informed decision.', 'active', '2025-05-15 06:33:01', '2025-05-15 06:33:01'),
(2, 'fa-solid fa-image', 'Career Guidance', 'Deciding what profession you should go into is easier when you, have us helping you make an informed decision.', 'active', '2025-05-15 06:33:01', '2025-05-15 06:33:01'),
(3, 'fa-solid fa-heart', 'Career Guidance', 'Deciding what profession you should go into is easier when you, have us helping you make an informed decision.', 'active', '2025-05-15 06:33:01', '2025-05-15 06:33:01');

-- --------------------------------------------------------

--
-- Table structure for table `sessions`
--

CREATE TABLE `sessions` (
  `id` varchar(200) NOT NULL,
  `user_id` bigint(20) UNSIGNED DEFAULT NULL,
  `ip_address` varchar(45) DEFAULT NULL,
  `user_agent` text DEFAULT NULL,
  `payload` longtext NOT NULL,
  `last_activity` int(11) NOT NULL
) ENGINE=InnoDB DEFAULT CHARSET=utf8mb4 COLLATE=utf8mb4_unicode_ci;

--
-- Dumping data for table `sessions`
--

INSERT INTO `sessions` (`id`, `user_id`, `ip_address`, `user_agent`, `payload`, `last_activity`) VALUES
('bOMOQujj3IIDv2V9DvvxCoSUbYRkCOUMjKJGqH8B', 3, '127.0.0.1', 'Mozilla/5.0 (Windows NT 10.0; Win64; x64) AppleWebKit/537.36 (KHTML, like Gecko) Chrome/137.0.0.0 Safari/537.36 Edg/137.0.0.0', 'YTo1OntzOjY6Il90b2tlbiI7czo0MDoiQXhWUmdCYlBKRDdlWktpZkg0dERQTUdhVG15T2E0UUxNdVRiODB3SyI7czo5OiJfcHJldmlvdXMiO2E6MTp7czozOiJ1cmwiO3M6MjE6Imh0dHA6Ly8xMjcuMC4wLjE6ODAwMCI7fXM6NjoiX2ZsYXNoIjthOjI6e3M6Mzoib2xkIjthOjA6e31zOjM6Im5ldyI7YTowOnt9fXM6NTA6ImxvZ2luX3dlYl81OWJhMzZhZGRjMmIyZjk0MDE1ODBmMDE0YzdmNThlYTRlMzA5ODlkIjtpOjM7czoyMToicGFzc3dvcmRfaGFzaF9zYW5jdHVtIjtzOjYwOiIkMnkkMTAkNFVFaC9KYngvNWtMY2FnSEx4bjc3dTZTT1c2QlAwYUNUOTRTcTlOWlk0bjVaM2hWNzVGcUciO30=', 1750415458),
('EQq66W54DSLjQmGUSr4Ro9QRXFktf1L4hw53sO2F', NULL, '127.0.0.1', 'Mozilla/5.0 (Windows NT 10.0; Win64; x64) AppleWebKit/537.36 (KHTML, like Gecko) Chrome/137.0.0.0 Safari/537.36 Edg/137.0.0.0', 'YTozOntzOjY6Il90b2tlbiI7czo0MDoic0hxWVI2VkpQU3E5VkgwNzlzQXVhUEYwOGlQbnFPbFpMZUkzcE0wWSI7czo5OiJfcHJldmlvdXMiO2E6MTp7czozOiJ1cmwiO3M6MjE6Imh0dHA6Ly9sb2NhbGhvc3Q6ODAwMCI7fXM6NjoiX2ZsYXNoIjthOjI6e3M6Mzoib2xkIjthOjA6e31zOjM6Im5ldyI7YTowOnt9fX0=', 1750663601),
('LfwQaWqVFQvjFU5x5k5WcdwFtuAEarm8iejyyL2X', 3, '127.0.0.1', 'Mozilla/5.0 (Windows NT 10.0; Win64; x64) AppleWebKit/537.36 (KHTML, like Gecko) Chrome/137.0.0.0 Safari/537.36 Edg/137.0.0.0', 'YTo1OntzOjY6Il90b2tlbiI7czo0MDoiVWhkcHgwa2JlcWpTdE1tWG56SnIyZ0MyRHlPTmpsRFd4T21MenZvaCI7czo5OiJfcHJldmlvdXMiO2E6MTp7czozOiJ1cmwiO3M6Mzc6Imh0dHA6Ly8xMjcuMC4wLjE6ODAwMC9hZG1pbi9jb3VudHJpZXMiO31zOjY6Il9mbGFzaCI7YToyOntzOjM6Im9sZCI7YTowOnt9czozOiJuZXciO2E6MDp7fX1zOjUwOiJsb2dpbl93ZWJfNTliYTM2YWRkYzJiMmY5NDAxNTgwZjAxNGM3ZjU4ZWE0ZTMwOTg5ZCI7aTozO3M6MjE6InBhc3N3b3JkX2hhc2hfc2FuY3R1bSI7czo2MDoiJDJ5JDEwJDRVRWgvSmJ4LzVrTGNhZ0hMeG43N3U2U09XNkJQMGFDVDk0U3E5TlpZNG41WjNoVjc1RnFHIjt9', 1750416025),
('oCpRukcp01fQc7micHJimZr4u1SoN5YjjW4XJ1qv', 3, '127.0.0.1', 'Mozilla/5.0 (Windows NT 10.0; Win64; x64) AppleWebKit/537.36 (KHTML, like Gecko) Chrome/137.0.0.0 Safari/537.36 Edg/137.0.0.0', 'YTo1OntzOjY6Il90b2tlbiI7czo0MDoiQzFtVWlaakpKWkpnSWJZNXVkWVR4OUJ2WFh3emQ0MGQ5ZDJGSlBnMCI7czo5OiJfcHJldmlvdXMiO2E6MTp7czozOiJ1cmwiO3M6MjE6Imh0dHA6Ly8xMjcuMC4wLjE6ODAwMCI7fXM6NjoiX2ZsYXNoIjthOjI6e3M6Mzoib2xkIjthOjA6e31zOjM6Im5ldyI7YTowOnt9fXM6NTA6ImxvZ2luX3dlYl81OWJhMzZhZGRjMmIyZjk0MDE1ODBmMDE0YzdmNThlYTRlMzA5ODlkIjtpOjM7czoyMToicGFzc3dvcmRfaGFzaF9zYW5jdHVtIjtzOjYwOiIkMnkkMTAkNFVFaC9KYngvNWtMY2FnSEx4bjc3dTZTT1c2QlAwYUNUOTRTcTlOWlk0bjVaM2hWNzVGcUciO30=', 1750415498),
('UPWNveDMzRJtDb0uxDPTtRV088ape2g803my0j5S', NULL, '127.0.0.1', 'Mozilla/5.0 (Windows NT 10.0; Win64; x64) AppleWebKit/537.36 (KHTML, like Gecko) Chrome/137.0.0.0 Safari/537.36 Edg/137.0.0.0', 'YTozOntzOjY6Il90b2tlbiI7czo0MDoiRFBsa1JtaEVqbmtBUXNuM3o5bElPM1J2cnozaHlIaEZDdEtBejZzaCI7czo5OiJfcHJldmlvdXMiO2E6MTp7czozOiJ1cmwiO3M6MjE6Imh0dHA6Ly8xMjcuMC4wLjE6ODAwMCI7fXM6NjoiX2ZsYXNoIjthOjI6e3M6Mzoib2xkIjthOjA6e31zOjM6Im5ldyI7YTowOnt9fX0=', 1750659738);

-- --------------------------------------------------------

--
-- Table structure for table `unideptprogcourses`
--

CREATE TABLE `unideptprogcourses` (
  `id` bigint(20) UNSIGNED NOT NULL,
  `university_id` bigint(20) UNSIGNED NOT NULL,
  `depart_id` bigint(20) UNSIGNED NOT NULL,
  `program_level` bigint(20) UNSIGNED NOT NULL,
  `course_id` bigint(20) UNSIGNED NOT NULL,
  `created_at` timestamp NULL DEFAULT NULL,
  `updated_at` timestamp NULL DEFAULT NULL
) ENGINE=InnoDB DEFAULT CHARSET=utf8mb4 COLLATE=utf8mb4_unicode_ci;

--
-- Dumping data for table `unideptprogcourses`
--

INSERT INTO `unideptprogcourses` (`id`, `university_id`, `depart_id`, `program_level`, `course_id`, `created_at`, `updated_at`) VALUES
(1, 1, 1, 2, 1, NULL, NULL),
(2, 1, 1, 2, 2, NULL, NULL),
(3, 1, 2, 2, 3, NULL, NULL),
(4, 1, 2, 2, 4, NULL, NULL),
(5, 1, 3, 2, 5, NULL, NULL),
(6, 1, 3, 2, 6, NULL, NULL),
(7, 1, 4, 2, 7, NULL, NULL),
(8, 2, 5, 2, 8, NULL, NULL),
(9, 2, 5, 2, 9, NULL, NULL),
(10, 2, 5, 2, 10, NULL, NULL),
(11, 2, 5, 2, 11, NULL, NULL),
(12, 2, 5, 2, 12, NULL, NULL),
(13, 2, 6, 2, 13, NULL, NULL),
(14, 2, 6, 2, 14, NULL, NULL),
(15, 2, 6, 2, 15, NULL, NULL),
(16, 2, 6, 2, 16, NULL, NULL),
(17, 2, 7, 2, 17, NULL, NULL),
(18, 2, 7, 2, 18, NULL, NULL),
(19, 2, 7, 2, 19, NULL, NULL),
(20, 2, 7, 2, 20, NULL, NULL),
(21, 2, 7, 2, 21, NULL, NULL),
(22, 2, 8, 2, 22, NULL, NULL),
(23, 2, 8, 2, 23, NULL, NULL),
(24, 2, 8, 2, 24, NULL, NULL),
(25, 2, 5, 3, 25, NULL, NULL),
(26, 2, 6, 3, 26, NULL, NULL),
(27, 2, 7, 3, 27, NULL, NULL),
(28, 2, 6, 4, 28, NULL, NULL),
(29, 2, 5, 4, 29, NULL, NULL),
(30, 2, 7, 4, 30, NULL, NULL),
(31, 3, 9, 1, 31, NULL, NULL),
(32, 3, 9, 1, 32, NULL, NULL),
(33, 3, 9, 1, 33, NULL, NULL),
(34, 3, 10, 1, 34, NULL, NULL),
(35, 3, 10, 1, 35, NULL, NULL),
(36, 3, 10, 1, 36, NULL, NULL),
(37, 3, 10, 1, 37, NULL, NULL),
(38, 3, 10, 1, 38, NULL, NULL),
(39, 3, 11, 1, 39, NULL, NULL),
(40, 3, 12, 2, 40, NULL, NULL),
(41, 3, 13, 2, 41, NULL, NULL),
(42, 3, 13, 2, 42, NULL, NULL),
(43, 3, 13, 2, 43, NULL, NULL),
(44, 3, 13, 2, 44, NULL, NULL),
(45, 3, 13, 2, 45, NULL, NULL),
(46, 3, 13, 2, 46, NULL, NULL),
(47, 3, 13, 2, 47, NULL, NULL),
(48, 3, 14, 2, 48, NULL, NULL),
(49, 3, 14, 2, 49, NULL, NULL),
(50, 3, 14, 2, 50, NULL, NULL),
(51, 3, 14, 2, 51, NULL, NULL),
(52, 3, 14, 2, 52, NULL, NULL),
(53, 3, 14, 2, 53, NULL, NULL),
(54, 3, 14, 2, 54, NULL, NULL),
(55, 3, 14, 2, 55, NULL, NULL),
(56, 3, 4, 2, 56, NULL, NULL),
(57, 3, 15, 2, 57, NULL, NULL),
(58, 3, 16, 2, 58, NULL, NULL),
(59, 3, 16, 2, 59, NULL, NULL),
(60, 3, 17, 2, 60, NULL, NULL),
(61, 3, 18, 2, 61, NULL, NULL),
(62, 3, 13, 3, 62, NULL, NULL),
(63, 3, 13, 3, 63, NULL, NULL),
(64, 3, 13, 3, 64, NULL, NULL),
(65, 3, 14, 3, 65, NULL, NULL),
(66, 3, 14, 3, 66, NULL, NULL),
(67, 3, 14, 3, 67, NULL, NULL),
(68, 3, 14, 3, 68, NULL, NULL),
(69, 3, 4, 3, 69, NULL, NULL),
(70, 3, 17, 3, 70, NULL, NULL),
(71, 3, 15, 3, 71, NULL, NULL),
(72, 3, 13, 4, 72, NULL, NULL),
(73, 3, 13, 4, 73, NULL, NULL),
(74, 3, 13, 4, 74, NULL, NULL),
(75, 3, 14, 4, 75, NULL, NULL),
(76, 3, 14, 4, 76, NULL, NULL),
(77, 3, 14, 4, 77, NULL, NULL),
(78, 3, 4, 4, 78, NULL, NULL),
(79, 4, 9, 1, 79, NULL, NULL),
(80, 4, 9, 1, 80, NULL, NULL),
(81, 4, 9, 1, 81, NULL, NULL),
(82, 4, 9, 1, 82, NULL, NULL),
(83, 4, 9, 1, 83, NULL, NULL),
(84, 4, 19, 2, 84, NULL, NULL),
(85, 4, 20, 2, 85, NULL, NULL),
(86, 4, 20, 2, 86, NULL, NULL),
(87, 4, 20, 2, 87, NULL, NULL),
(88, 4, 7, 2, 88, NULL, NULL),
(89, 4, 7, 2, 89, NULL, NULL),
(90, 4, 7, 2, 90, NULL, NULL),
(91, 4, 7, 2, 91, NULL, NULL),
(92, 4, 21, 2, 92, NULL, NULL),
(93, 4, 21, 2, 93, NULL, NULL),
(94, 4, 21, 2, 94, NULL, NULL),
(95, 4, 21, 2, 95, NULL, NULL),
(96, 4, 21, 2, 96, NULL, NULL),
(97, 4, 22, 2, 97, NULL, NULL),
(98, 4, 14, 2, 98, NULL, NULL),
(99, 4, 14, 2, 99, NULL, NULL),
(100, 4, 14, 2, 100, NULL, NULL),
(101, 4, 14, 2, 101, NULL, NULL),
(102, 4, 14, 2, 102, NULL, NULL),
(103, 4, 14, 2, 103, NULL, NULL),
(104, 4, 14, 2, 104, NULL, NULL),
(105, 4, 14, 2, 105, NULL, NULL),
(106, 4, 14, 2, 106, NULL, NULL),
(107, 4, 14, 2, 107, NULL, NULL),
(108, 4, 14, 2, 108, NULL, NULL),
(109, 4, 14, 2, 109, NULL, NULL),
(110, 4, 14, 2, 110, NULL, NULL),
(111, 4, 14, 2, 111, NULL, NULL),
(112, 4, 23, 2, 112, NULL, NULL),
(113, 4, 23, 2, 113, NULL, NULL),
(114, 4, 23, 2, 114, NULL, NULL),
(115, 4, 17, 2, 115, NULL, NULL),
(116, 4, 17, 2, 116, NULL, NULL),
(117, 4, 17, 2, 117, NULL, NULL),
(118, 4, 4, 2, 118, NULL, NULL),
(119, 4, 24, 2, 119, NULL, NULL),
(120, 4, 25, 2, 120, NULL, NULL),
(121, 4, 18, 2, 121, NULL, NULL),
(122, 4, 26, 2, 122, NULL, NULL),
(123, 4, 26, 2, 123, NULL, NULL),
(124, 4, 26, 2, 124, NULL, NULL),
(125, 4, 27, 2, 125, NULL, NULL),
(126, 4, 27, 2, 126, NULL, NULL),
(127, 4, 28, 3, 127, NULL, NULL),
(128, 4, 28, 3, 128, NULL, NULL),
(129, 4, 28, 3, 129, NULL, NULL),
(130, 4, 28, 3, 130, NULL, NULL),
(131, 4, 28, 3, 131, NULL, NULL),
(132, 4, 28, 3, 132, NULL, NULL),
(133, 4, 28, 3, 133, NULL, NULL),
(134, 4, 28, 3, 134, NULL, NULL),
(135, 4, 28, 3, 135, NULL, NULL),
(136, 4, 28, 3, 136, NULL, NULL),
(137, 4, 28, 3, 137, NULL, NULL),
(138, 4, 28, 3, 138, NULL, NULL),
(139, 4, 28, 3, 139, NULL, NULL),
(140, 4, 28, 3, 140, NULL, NULL),
(141, 4, 28, 3, 141, NULL, NULL),
(142, 4, 28, 3, 142, NULL, NULL),
(143, 4, 28, 3, 143, NULL, NULL),
(144, 4, 28, 3, 144, NULL, NULL),
(145, 4, 28, 3, 145, NULL, NULL),
(146, 4, 28, 3, 146, NULL, NULL),
(147, 4, 28, 3, 147, NULL, NULL),
(148, 4, 28, 3, 148, NULL, NULL),
(149, 4, 28, 3, 149, NULL, NULL),
(150, 4, 28, 3, 150, NULL, NULL),
(151, 4, 28, 3, 151, NULL, NULL),
(152, 4, 28, 3, 152, NULL, NULL),
(153, 4, 28, 3, 153, NULL, NULL),
(154, 4, 28, 3, 154, NULL, NULL),
(155, 4, 28, 3, 155, NULL, NULL),
(156, 4, 28, 4, 156, NULL, NULL),
(157, 4, 28, 4, 157, NULL, NULL),
(158, 4, 28, 4, 158, NULL, NULL),
(159, 4, 28, 4, 159, NULL, NULL),
(160, 4, 28, 4, 160, NULL, NULL),
(161, 4, 28, 4, 161, NULL, NULL),
(162, 4, 28, 4, 162, NULL, NULL),
(163, 4, 28, 4, 163, NULL, NULL),
(164, 4, 28, 4, 164, NULL, NULL),
(165, 4, 28, 4, 165, NULL, NULL),
(166, 4, 28, 4, 166, NULL, NULL),
(167, 4, 28, 4, 167, NULL, NULL),
(168, 4, 28, 4, 168, NULL, NULL),
(169, 4, 28, 4, 169, NULL, NULL),
(170, 5, 10, 1, 170, NULL, NULL),
(171, 5, 10, 1, 171, NULL, NULL),
(172, 5, 10, 1, 172, NULL, NULL),
(173, 5, 29, 1, 173, NULL, NULL),
(174, 5, 29, 1, 174, NULL, NULL),
(175, 5, 11, 1, 175, NULL, NULL),
(176, 5, 30, 1, 176, NULL, NULL),
(177, 5, 30, 1, 177, NULL, NULL),
(178, 5, 31, 1, 178, NULL, NULL),
(179, 5, 14, 2, 179, NULL, NULL),
(180, 5, 14, 2, 180, NULL, NULL),
(181, 5, 14, 2, 181, NULL, NULL),
(182, 5, 14, 2, 182, NULL, NULL),
(183, 5, 14, 2, 183, NULL, NULL),
(184, 5, 13, 2, 184, NULL, NULL),
(185, 5, 13, 2, 185, NULL, NULL),
(186, 5, 13, 2, 186, NULL, NULL),
(187, 5, 13, 2, 187, NULL, NULL),
(188, 5, 13, 2, 188, NULL, NULL),
(189, 5, 13, 2, 189, NULL, NULL),
(190, 5, 13, 2, 190, NULL, NULL),
(191, 5, 13, 2, 191, NULL, NULL),
(192, 5, 13, 2, 192, NULL, NULL),
(193, 5, 16, 2, 193, NULL, NULL),
(194, 5, 16, 2, 194, NULL, NULL),
(195, 5, 32, 2, 195, NULL, NULL),
(196, 5, 32, 2, 196, NULL, NULL),
(197, 5, 17, 2, 197, NULL, NULL),
(198, 5, 17, 2, 198, NULL, NULL),
(199, 5, 4, 2, 199, NULL, NULL),
(200, 5, 4, 2, 200, NULL, NULL),
(201, 5, 15, 2, 201, NULL, NULL),
(202, 5, 15, 2, 202, NULL, NULL),
(203, 5, 13, 3, 203, NULL, NULL),
(204, 5, 13, 3, 204, NULL, NULL),
(205, 5, 16, 3, 205, NULL, NULL),
(206, 5, 15, 3, 206, NULL, NULL),
(207, 5, 17, 3, 207, NULL, NULL),
(208, 5, 17, 3, 208, NULL, NULL),
(209, 5, 14, 3, 209, NULL, NULL),
(210, 5, 13, 4, 210, NULL, NULL),
(211, 5, 15, 4, 211, NULL, NULL),
(212, 6, 13, 2, 212, NULL, NULL),
(213, 6, 12, 2, 213, NULL, NULL),
(214, 6, 16, 2, 214, NULL, NULL),
(215, 6, 13, 2, 215, NULL, NULL),
(216, 6, 13, 2, 216, NULL, NULL),
(217, 6, 14, 2, 217, NULL, NULL),
(218, 6, 14, 2, 218, NULL, NULL),
(219, 6, 14, 2, 219, NULL, NULL),
(220, 6, 13, 2, 220, NULL, NULL),
(221, 7, 23, 2, 221, NULL, NULL),
(222, 7, 23, 2, 222, NULL, NULL),
(223, 7, 20, 2, 223, NULL, NULL),
(224, 7, 20, 2, 224, NULL, NULL),
(225, 7, 20, 2, 225, NULL, NULL),
(226, 7, 20, 2, 226, NULL, NULL),
(227, 7, 20, 2, 227, NULL, NULL),
(228, 7, 20, 2, 228, NULL, NULL),
(229, 7, 20, 2, 229, NULL, NULL),
(230, 7, 15, 2, 230, NULL, NULL),
(231, 7, 15, 2, 231, NULL, NULL),
(232, 7, 15, 2, 232, NULL, NULL),
(233, 7, 14, 2, 233, NULL, NULL),
(234, 7, 14, 2, 234, NULL, NULL),
(235, 7, 14, 2, 235, NULL, NULL),
(236, 7, 14, 2, 236, NULL, NULL),
(237, 7, 14, 2, 237, NULL, NULL),
(238, 7, 14, 2, 238, NULL, NULL),
(239, 7, 14, 2, 239, NULL, NULL),
(240, 7, 14, 2, 240, NULL, NULL),
(241, 7, 14, 2, 241, NULL, NULL),
(242, 7, 14, 2, 242, NULL, NULL),
(243, 7, 14, 2, 243, NULL, NULL),
(244, 7, 2, 2, 244, NULL, NULL),
(245, 7, 2, 2, 245, NULL, NULL),
(246, 7, 2, 2, 246, NULL, NULL),
(247, 7, 2, 2, 247, NULL, NULL),
(248, 7, 2, 2, 248, NULL, NULL),
(249, 7, 2, 2, 249, NULL, NULL),
(250, 7, 2, 2, 250, NULL, NULL),
(251, 7, 2, 2, 251, NULL, NULL),
(252, 7, 2, 2, 252, NULL, NULL),
(253, 7, 2, 2, 253, NULL, NULL),
(254, 7, 2, 2, 254, NULL, NULL),
(255, 7, 2, 2, 255, NULL, NULL),
(256, 7, 2, 2, 256, NULL, NULL),
(257, 7, 33, 2, 257, NULL, NULL),
(258, 7, 17, 2, 258, NULL, NULL),
(259, 7, 17, 2, 259, NULL, NULL),
(260, 7, 17, 2, 260, NULL, NULL),
(261, 7, 24, 2, 261, NULL, NULL),
(262, 7, 18, 2, 262, NULL, NULL),
(263, 7, 18, 2, 263, NULL, NULL),
(264, 7, 34, 2, 264, NULL, NULL),
(265, 7, 34, 2, 265, NULL, NULL),
(266, 7, 34, 2, 266, NULL, NULL),
(267, 7, 34, 2, 267, NULL, NULL),
(268, 7, 34, 2, 268, NULL, NULL),
(269, 7, 16, 2, 269, NULL, NULL),
(270, 7, 16, 2, 270, NULL, NULL),
(271, 7, 16, 2, 271, NULL, NULL),
(272, 7, 27, 2, 272, NULL, NULL),
(273, 7, 27, 2, 273, NULL, NULL),
(274, 7, 36, 2, 274, NULL, NULL),
(275, 7, 36, 2, 275, NULL, NULL),
(276, 7, 2, 3, 276, NULL, NULL),
(277, 7, 2, 3, 277, NULL, NULL),
(278, 7, 2, 3, 278, NULL, NULL),
(279, 7, 2, 3, 279, NULL, NULL),
(280, 7, 2, 3, 280, NULL, NULL),
(281, 7, 2, 3, 281, NULL, NULL),
(282, 7, 2, 3, 282, NULL, NULL),
(283, 7, 2, 3, 283, NULL, NULL),
(284, 7, 14, 3, 284, NULL, NULL),
(285, 7, 14, 3, 285, NULL, NULL),
(286, 7, 14, 3, 286, NULL, NULL),
(287, 7, 14, 3, 287, NULL, NULL),
(288, 7, 14, 3, 288, NULL, NULL),
(289, 7, 20, 3, 289, NULL, NULL),
(290, 7, 20, 3, 290, NULL, NULL),
(291, 7, 20, 3, 291, NULL, NULL),
(292, 7, 20, 3, 292, NULL, NULL),
(293, 7, 20, 3, 293, NULL, NULL),
(294, 7, 23, 3, 294, NULL, NULL),
(295, 7, 23, 3, 295, NULL, NULL),
(296, 7, 23, 3, 296, NULL, NULL),
(297, 7, 23, 3, 297, NULL, NULL),
(298, 7, 34, 3, 298, NULL, NULL),
(299, 7, 22, 3, 299, NULL, NULL),
(300, 7, 22, 3, 300, NULL, NULL),
(301, 7, 16, 3, 301, NULL, NULL),
(302, 7, 35, 3, 302, NULL, NULL),
(303, 7, 2, 4, 303, NULL, NULL),
(304, 7, 2, 4, 304, NULL, NULL),
(305, 7, 2, 4, 305, NULL, NULL),
(306, 7, 2, 4, 306, NULL, NULL),
(307, 7, 2, 4, 307, NULL, NULL),
(308, 7, 2, 4, 308, NULL, NULL),
(309, 7, 2, 4, 309, NULL, NULL),
(310, 7, 14, 4, 310, NULL, NULL),
(311, 7, 14, 4, 311, NULL, NULL),
(312, 7, 14, 4, 312, NULL, NULL),
(313, 7, 20, 4, 313, NULL, NULL),
(314, 7, 20, 4, 314, NULL, NULL),
(315, 7, 23, 4, 315, NULL, NULL),
(316, 7, 23, 4, 316, NULL, NULL),
(317, 7, 23, 4, 317, NULL, NULL),
(318, 7, 33, 4, 318, NULL, NULL),
(319, 7, 33, 4, 319, NULL, NULL),
(320, 7, 22, 4, 320, NULL, NULL),
(321, 7, 22, 4, 321, NULL, NULL),
(322, 7, 16, 4, 322, NULL, NULL),
(323, 7, 4, 4, 323, NULL, NULL),
(324, 7, 35, 4, 324, NULL, NULL),
(325, 8, 13, 2, 325, NULL, NULL),
(326, 8, 7, 2, 326, NULL, NULL),
(327, 8, 16, 2, 327, NULL, NULL),
(328, 8, 13, 3, 328, NULL, NULL),
(329, 9, 9, 1, 329, NULL, NULL),
(330, 9, 9, 1, 330, NULL, NULL),
(331, 9, 9, 1, 331, NULL, NULL),
(332, 9, 9, 1, 332, NULL, NULL),
(333, 9, 9, 1, 333, NULL, NULL),
(334, 9, 9, 1, 334, NULL, NULL),
(335, 9, 9, 1, 335, NULL, NULL),
(336, 9, 9, 1, 336, NULL, NULL),
(337, 9, 9, 1, 337, NULL, NULL),
(338, 9, 9, 1, 338, NULL, NULL),
(339, 9, 9, 1, 339, NULL, NULL),
(340, 9, 9, 1, 340, NULL, NULL),
(341, 9, 9, 1, 341, NULL, NULL),
(342, 9, 9, 1, 342, NULL, NULL),
(343, 9, 9, 1, 343, NULL, NULL),
(344, 9, 9, 1, 344, NULL, NULL),
(345, 9, 9, 1, 345, NULL, NULL),
(346, 9, 9, 1, 346, NULL, NULL),
(347, 9, 9, 1, 347, NULL, NULL),
(348, 9, 9, 1, 348, NULL, NULL),
(349, 9, 9, 1, 349, NULL, NULL),
(350, 9, 9, 1, 350, NULL, NULL),
(351, 9, 9, 1, 351, NULL, NULL),
(352, 9, 9, 1, 352, NULL, NULL),
(353, 9, 9, 1, 353, NULL, NULL),
(354, 9, 9, 1, 354, NULL, NULL),
(355, 9, 9, 1, 355, NULL, NULL),
(356, 9, 9, 1, 356, NULL, NULL),
(357, 9, 9, 1, 357, NULL, NULL),
(358, 9, 9, 1, 358, NULL, NULL),
(359, 9, 9, 1, 359, NULL, NULL),
(360, 9, 9, 1, 360, NULL, NULL),
(361, 9, 9, 1, 361, NULL, NULL),
(362, 9, 9, 1, 362, NULL, NULL),
(363, 9, 9, 1, 363, NULL, NULL),
(364, 9, 9, 1, 364, NULL, NULL),
(365, 9, 9, 1, 365, NULL, NULL),
(366, 9, 9, 1, 366, NULL, NULL),
(367, 9, 9, 1, 367, NULL, NULL),
(368, 9, 9, 1, 368, NULL, NULL),
(369, 9, 9, 1, 369, NULL, NULL),
(370, 9, 9, 1, 370, NULL, NULL),
(371, 9, 9, 1, 371, NULL, NULL),
(372, 9, 9, 1, 372, NULL, NULL),
(373, 9, 9, 1, 373, NULL, NULL),
(374, 9, 9, 1, 374, NULL, NULL),
(375, 9, 9, 1, 375, NULL, NULL),
(376, 9, 9, 1, 376, NULL, NULL),
(377, 9, 9, 1, 377, NULL, NULL),
(378, 9, 9, 1, 378, NULL, NULL),
(379, 9, 9, 1, 379, NULL, NULL),
(380, 9, 9, 1, 380, NULL, NULL),
(381, 9, 9, 1, 381, NULL, NULL),
(382, 9, 9, 1, 382, NULL, NULL),
(383, 9, 9, 1, 383, NULL, NULL),
(384, 9, 9, 1, 384, NULL, NULL),
(385, 9, 9, 1, 385, NULL, NULL),
(386, 9, 9, 1, 386, NULL, NULL),
(387, 9, 9, 1, 387, NULL, NULL),
(388, 9, 36, 2, 388, NULL, NULL),
(389, 9, 36, 2, 389, NULL, NULL),
(390, 9, 36, 2, 390, NULL, NULL),
(391, 9, 36, 2, 391, NULL, NULL),
(392, 9, 36, 2, 392, NULL, NULL),
(393, 9, 36, 2, 393, NULL, NULL),
(394, 9, 36, 2, 394, NULL, NULL),
(395, 9, 36, 2, 395, NULL, NULL),
(396, 9, 36, 2, 396, NULL, NULL),
(397, 9, 36, 2, 397, NULL, NULL),
(398, 9, 36, 2, 398, NULL, NULL),
(399, 9, 36, 2, 399, NULL, NULL),
(400, 9, 36, 2, 400, NULL, NULL),
(401, 9, 36, 2, 401, NULL, NULL),
(402, 9, 36, 2, 402, NULL, NULL),
(403, 9, 36, 2, 403, NULL, NULL),
(404, 9, 36, 2, 404, NULL, NULL),
(405, 9, 36, 2, 405, NULL, NULL),
(406, 9, 36, 2, 406, NULL, NULL),
(407, 9, 36, 2, 407, NULL, NULL),
(408, 9, 36, 2, 408, NULL, NULL),
(409, 9, 36, 2, 409, NULL, NULL),
(410, 9, 23, 2, 410, NULL, NULL),
(411, 9, 23, 2, 411, NULL, NULL),
(412, 9, 23, 2, 412, NULL, NULL),
(413, 9, 20, 2, 413, NULL, NULL),
(414, 9, 20, 2, 414, NULL, NULL),
(415, 9, 20, 2, 415, NULL, NULL),
(416, 9, 20, 2, 416, NULL, NULL),
(417, 9, 20, 2, 417, NULL, NULL),
(418, 9, 20, 2, 418, NULL, NULL),
(419, 9, 20, 2, 419, NULL, NULL),
(420, 9, 20, 2, 420, NULL, NULL),
(421, 9, 37, 2, 421, NULL, NULL),
(422, 9, 37, 2, 422, NULL, NULL),
(423, 9, 7, 2, 423, NULL, NULL),
(424, 9, 7, 2, 424, NULL, NULL),
(425, 9, 7, 2, 425, NULL, NULL),
(426, 9, 7, 2, 426, NULL, NULL),
(427, 9, 7, 2, 427, NULL, NULL),
(428, 9, 7, 2, 428, NULL, NULL),
(429, 9, 25, 2, 429, NULL, NULL),
(430, 9, 13, 2, 430, NULL, NULL),
(431, 9, 13, 2, 431, NULL, NULL),
(432, 9, 13, 2, 432, NULL, NULL),
(433, 9, 13, 2, 433, NULL, NULL),
(434, 9, 13, 2, 434, NULL, NULL),
(435, 9, 13, 2, 435, NULL, NULL),
(436, 9, 13, 2, 436, NULL, NULL),
(437, 9, 13, 2, 437, NULL, NULL),
(438, 9, 13, 2, 438, NULL, NULL),
(439, 9, 13, 2, 439, NULL, NULL),
(440, 9, 13, 2, 440, NULL, NULL),
(441, 9, 13, 2, 441, NULL, NULL),
(442, 9, 13, 2, 442, NULL, NULL),
(443, 9, 13, 2, 443, NULL, NULL),
(444, 9, 13, 2, 444, NULL, NULL),
(445, 9, 14, 2, 445, NULL, NULL),
(446, 9, 14, 2, 446, NULL, NULL),
(447, 9, 14, 2, 447, NULL, NULL),
(448, 9, 14, 2, 448, NULL, NULL),
(449, 9, 14, 2, 449, NULL, NULL),
(450, 9, 14, 2, 450, NULL, NULL),
(451, 9, 14, 2, 451, NULL, NULL),
(452, 9, 14, 2, 452, NULL, NULL),
(453, 9, 14, 2, 453, NULL, NULL),
(454, 9, 14, 2, 454, NULL, NULL),
(455, 9, 14, 2, 455, NULL, NULL),
(456, 9, 14, 2, 456, NULL, NULL),
(457, 9, 14, 2, 457, NULL, NULL),
(458, 9, 39, 2, 458, NULL, NULL),
(459, 9, 39, 2, 459, NULL, NULL),
(460, 9, 17, 2, 460, NULL, NULL),
(461, 9, 17, 2, 461, NULL, NULL),
(462, 9, 17, 2, 462, NULL, NULL),
(463, 9, 17, 2, 463, NULL, NULL),
(464, 9, 17, 2, 464, NULL, NULL),
(465, 9, 17, 2, 465, NULL, NULL),
(466, 9, 17, 2, 466, NULL, NULL),
(467, 9, 17, 2, 467, NULL, NULL),
(468, 9, 17, 2, 468, NULL, NULL),
(469, 9, 17, 2, 469, NULL, NULL),
(470, 9, 17, 2, 470, NULL, NULL),
(471, 9, 17, 2, 471, NULL, NULL),
(472, 9, 4, 2, 472, NULL, NULL),
(473, 9, 4, 2, 473, NULL, NULL),
(474, 9, 24, 2, 474, NULL, NULL),
(475, 9, 40, 2, 475, NULL, NULL),
(476, 9, 41, 2, 476, NULL, NULL),
(477, 9, 41, 2, 477, NULL, NULL),
(478, 9, 42, 2, 478, NULL, NULL),
(479, 9, 18, 2, 479, NULL, NULL),
(480, 9, 43, 2, 480, NULL, NULL),
(481, 9, 44, 2, 481, NULL, NULL),
(482, 9, 45, 2, 482, NULL, NULL),
(483, 9, 45, 2, 483, NULL, NULL),
(484, 9, 46, 2, 484, NULL, NULL),
(485, 9, 46, 2, 485, NULL, NULL),
(486, 9, 46, 2, 486, NULL, NULL),
(487, 9, 46, 2, 487, NULL, NULL),
(488, 9, 15, 3, 488, NULL, NULL),
(489, 9, 15, 3, 489, NULL, NULL),
(490, 9, 15, 3, 490, NULL, NULL),
(491, 9, 15, 3, 491, NULL, NULL),
(492, 9, 15, 3, 492, NULL, NULL),
(493, 9, 15, 3, 493, NULL, NULL),
(494, 9, 15, 3, 494, NULL, NULL),
(495, 9, 15, 3, 495, NULL, NULL),
(496, 9, 15, 3, 496, NULL, NULL),
(497, 9, 15, 3, 497, NULL, NULL),
(498, 9, 15, 3, 498, NULL, NULL),
(499, 9, 15, 3, 499, NULL, NULL),
(500, 9, 15, 3, 500, NULL, NULL),
(501, 9, 15, 3, 501, NULL, NULL),
(502, 9, 15, 3, 502, NULL, NULL),
(503, 9, 15, 3, 503, NULL, NULL),
(504, 9, 15, 3, 504, NULL, NULL),
(505, 9, 15, 3, 505, NULL, NULL),
(506, 9, 15, 3, 506, NULL, NULL),
(507, 9, 15, 3, 507, NULL, NULL),
(508, 9, 15, 3, 508, NULL, NULL),
(509, 9, 15, 3, 509, NULL, NULL),
(510, 9, 15, 3, 510, NULL, NULL),
(511, 9, 48, 3, 511, NULL, NULL),
(512, 9, 48, 3, 512, NULL, NULL),
(513, 9, 26, 3, 513, NULL, NULL),
(514, 9, 26, 3, 514, NULL, NULL),
(515, 9, 26, 3, 515, NULL, NULL),
(516, 9, 26, 3, 516, NULL, NULL),
(517, 9, 26, 3, 517, NULL, NULL),
(518, 9, 26, 3, 518, NULL, NULL),
(519, 9, 26, 3, 519, NULL, NULL),
(520, 9, 26, 3, 520, NULL, NULL),
(521, 9, 26, 3, 521, NULL, NULL),
(522, 9, 26, 3, 522, NULL, NULL),
(523, 9, 26, 3, 523, NULL, NULL),
(524, 9, 26, 3, 524, NULL, NULL),
(525, 9, 26, 3, 525, NULL, NULL),
(526, 9, 26, 3, 526, NULL, NULL),
(527, 9, 26, 3, 527, NULL, NULL),
(528, 9, 26, 3, 528, NULL, NULL),
(529, 9, 26, 3, 529, NULL, NULL),
(530, 9, 26, 3, 530, NULL, NULL),
(531, 9, 26, 3, 531, NULL, NULL),
(532, 9, 26, 3, 532, NULL, NULL),
(533, 9, 49, 3, 533, NULL, NULL),
(534, 9, 49, 3, 534, NULL, NULL),
(535, 9, 49, 3, 535, NULL, NULL),
(536, 9, 49, 3, 536, NULL, NULL),
(537, 9, 49, 3, 537, NULL, NULL),
(538, 9, 49, 3, 538, NULL, NULL),
(539, 9, 49, 3, 539, NULL, NULL),
(540, 9, 49, 3, 540, NULL, NULL),
(541, 9, 50, 3, 541, NULL, NULL),
(542, 9, 50, 3, 542, NULL, NULL),
(543, 9, 50, 3, 543, NULL, NULL),
(544, 9, 50, 3, 544, NULL, NULL),
(545, 9, 50, 3, 545, NULL, NULL),
(546, 9, 50, 3, 546, NULL, NULL),
(547, 9, 50, 3, 547, NULL, NULL),
(548, 9, 50, 3, 548, NULL, NULL),
(549, 9, 50, 3, 549, NULL, NULL),
(550, 9, 51, 3, 550, NULL, NULL),
(551, 9, 51, 3, 551, NULL, NULL),
(552, 9, 51, 3, 552, NULL, NULL),
(553, 9, 52, 3, 553, NULL, NULL),
(554, 9, 52, 3, 554, NULL, NULL),
(555, 9, 52, 3, 555, NULL, NULL),
(556, 9, 52, 3, 556, NULL, NULL),
(557, 9, 52, 3, 557, NULL, NULL),
(558, 9, 52, 3, 558, NULL, NULL),
(559, 9, 52, 3, 559, NULL, NULL),
(560, 9, 53, 3, 560, NULL, NULL),
(561, 9, 53, 3, 561, NULL, NULL),
(562, 9, 53, 3, 562, NULL, NULL),
(563, 9, 53, 3, 563, NULL, NULL),
(564, 9, 53, 3, 564, NULL, NULL),
(565, 9, 53, 3, 565, NULL, NULL),
(566, 9, 55, 3, 566, NULL, NULL),
(567, 9, 54, 3, 567, NULL, NULL),
(568, 9, 54, 3, 568, NULL, NULL),
(569, 9, 54, 3, 569, NULL, NULL),
(570, 9, 54, 3, 570, NULL, NULL),
(571, 9, 54, 3, 571, NULL, NULL),
(572, 9, 54, 3, 572, NULL, NULL),
(573, 9, 54, 3, 573, NULL, NULL),
(574, 9, 54, 3, 574, NULL, NULL),
(575, 9, 54, 3, 575, NULL, NULL),
(576, 9, 54, 3, 576, NULL, NULL),
(577, 9, 54, 3, 577, NULL, NULL),
(578, 9, 54, 3, 578, NULL, NULL),
(579, 9, 54, 3, 579, NULL, NULL),
(580, 9, 54, 3, 580, NULL, NULL),
(581, 9, 54, 3, 581, NULL, NULL),
(582, 9, 54, 3, 582, NULL, NULL),
(583, 9, 54, 3, 583, NULL, NULL),
(584, 9, 54, 3, 584, NULL, NULL),
(585, 9, 54, 3, 585, NULL, NULL),
(586, 9, 54, 3, 586, NULL, NULL),
(587, 9, 54, 3, 587, NULL, NULL),
(588, 9, 54, 3, 588, NULL, NULL),
(589, 9, 54, 3, 589, NULL, NULL),
(590, 9, 54, 3, 590, NULL, NULL),
(591, 9, 54, 3, 591, NULL, NULL),
(592, 9, 54, 3, 592, NULL, NULL),
(593, 9, 54, 3, 593, NULL, NULL),
(594, 9, 56, 3, 594, NULL, NULL),
(595, 9, 56, 3, 595, NULL, NULL),
(596, 9, 56, 3, 596, NULL, NULL),
(597, 9, 56, 3, 597, NULL, NULL),
(598, 9, 56, 3, 598, NULL, NULL),
(599, 9, 47, 4, 599, NULL, NULL),
(600, 9, 47, 4, 600, NULL, NULL),
(601, 9, 47, 4, 601, NULL, NULL),
(602, 9, 47, 4, 602, NULL, NULL),
(603, 9, 47, 4, 603, NULL, NULL),
(604, 9, 47, 4, 604, NULL, NULL),
(605, 9, 47, 4, 605, NULL, NULL),
(606, 9, 47, 4, 606, NULL, NULL),
(607, 9, 47, 4, 607, NULL, NULL),
(608, 9, 47, 4, 608, NULL, NULL),
(609, 9, 47, 4, 609, NULL, NULL),
(610, 9, 47, 4, 610, NULL, NULL),
(611, 9, 26, 4, 611, NULL, NULL),
(612, 9, 26, 4, 612, NULL, NULL),
(613, 9, 26, 4, 613, NULL, NULL),
(614, 9, 26, 4, 614, NULL, NULL),
(615, 9, 26, 4, 615, NULL, NULL),
(616, 9, 26, 4, 616, NULL, NULL),
(617, 9, 26, 4, 617, NULL, NULL),
(618, 9, 26, 4, 618, NULL, NULL),
(619, 9, 26, 4, 619, NULL, NULL),
(620, 9, 26, 4, 620, NULL, NULL),
(621, 9, 26, 4, 621, NULL, NULL),
(622, 9, 26, 4, 622, NULL, NULL),
(623, 9, 64, 4, 623, NULL, NULL),
(624, 9, 64, 4, 624, NULL, NULL),
(625, 9, 64, 4, 625, NULL, NULL),
(626, 9, 64, 4, 626, NULL, NULL),
(627, 9, 64, 4, 627, NULL, NULL),
(628, 9, 49, 4, 628, NULL, NULL),
(629, 9, 49, 4, 629, NULL, NULL),
(630, 9, 49, 4, 630, NULL, NULL),
(631, 9, 49, 4, 631, NULL, NULL),
(632, 9, 49, 4, 632, NULL, NULL),
(633, 9, 49, 4, 633, NULL, NULL),
(634, 9, 49, 4, 634, NULL, NULL),
(635, 9, 49, 4, 635, NULL, NULL),
(636, 9, 50, 4, 636, NULL, NULL),
(637, 9, 50, 4, 637, NULL, NULL),
(638, 9, 50, 4, 638, NULL, NULL),
(639, 9, 50, 4, 639, NULL, NULL),
(640, 9, 50, 4, 640, NULL, NULL),
(641, 9, 50, 4, 641, NULL, NULL),
(642, 9, 50, 4, 642, NULL, NULL),
(643, 9, 50, 4, 643, NULL, NULL),
(644, 9, 51, 4, 644, NULL, NULL),
(645, 9, 51, 4, 645, NULL, NULL),
(646, 9, 51, 4, 646, NULL, NULL),
(647, 9, 52, 4, 647, NULL, NULL),
(648, 9, 52, 4, 648, NULL, NULL),
(649, 9, 52, 4, 649, NULL, NULL),
(650, 9, 52, 4, 650, NULL, NULL),
(651, 9, 52, 4, 651, NULL, NULL),
(652, 9, 52, 4, 652, NULL, NULL),
(653, 9, 52, 4, 653, NULL, NULL),
(654, 9, 53, 4, 654, NULL, NULL),
(655, 9, 53, 4, 655, NULL, NULL),
(656, 9, 55, 4, 656, NULL, NULL),
(657, 9, 54, 4, 657, NULL, NULL),
(658, 9, 54, 4, 658, NULL, NULL),
(659, 9, 54, 4, 659, NULL, NULL),
(660, 9, 54, 4, 660, NULL, NULL),
(661, 9, 54, 4, 661, NULL, NULL),
(662, 9, 54, 4, 662, NULL, NULL),
(663, 9, 54, 4, 663, NULL, NULL),
(664, 9, 54, 4, 664, NULL, NULL),
(665, 9, 54, 4, 665, NULL, NULL),
(666, 9, 54, 4, 666, NULL, NULL),
(667, 9, 54, 4, 667, NULL, NULL),
(668, 9, 56, 4, 668, NULL, NULL),
(669, 9, 56, 4, 669, NULL, NULL),
(670, 9, 56, 4, 670, NULL, NULL),
(671, 10, 10, 1, 671, NULL, NULL),
(672, 10, 57, 1, 672, NULL, NULL),
(673, 10, 30, 1, 673, NULL, NULL),
(674, 10, 30, 1, 674, NULL, NULL),
(675, 10, 58, 1, 675, NULL, NULL),
(676, 10, 58, 1, 676, NULL, NULL),
(677, 10, 58, 1, 677, NULL, NULL),
(678, 10, 59, 1, 678, NULL, NULL),
(679, 10, 60, 2, 679, NULL, NULL),
(680, 10, 60, 2, 680, NULL, NULL),
(681, 10, 60, 2, 681, NULL, NULL),
(682, 10, 25, 2, 682, NULL, NULL),
(683, 10, 15, 2, 683, NULL, NULL),
(684, 10, 15, 2, 684, NULL, NULL),
(685, 10, 15, 2, 685, NULL, NULL),
(686, 10, 15, 2, 686, NULL, NULL),
(687, 10, 20, 2, 687, NULL, NULL),
(688, 10, 61, 2, 688, NULL, NULL),
(689, 10, 61, 2, 689, NULL, NULL),
(690, 10, 61, 2, 690, NULL, NULL),
(691, 10, 4, 2, 691, NULL, NULL),
(692, 10, 21, 2, 692, NULL, NULL),
(693, 10, 21, 2, 693, NULL, NULL),
(694, 10, 21, 2, 694, NULL, NULL),
(695, 10, 21, 2, 695, NULL, NULL),
(696, 10, 21, 2, 696, NULL, NULL),
(697, 10, 23, 2, 697, NULL, NULL),
(698, 10, 23, 2, 698, NULL, NULL),
(699, 10, 14, 2, 699, NULL, NULL),
(700, 10, 14, 2, 700, NULL, NULL),
(701, 10, 14, 2, 701, NULL, NULL),
(702, 10, 14, 2, 702, NULL, NULL),
(703, 10, 14, 2, 703, NULL, NULL),
(704, 10, 18, 2, 704, NULL, NULL),
(705, 10, 17, 2, 705, NULL, NULL),
(706, 10, 17, 2, 706, NULL, NULL),
(707, 10, 17, 2, 707, NULL, NULL),
(708, 10, 24, 2, 708, NULL, NULL),
(709, 10, 63, 2, 709, NULL, NULL),
(710, 10, 26, 3, 710, NULL, NULL),
(711, 10, 26, 3, 711, NULL, NULL),
(712, 10, 54, 3, 712, NULL, NULL),
(713, 10, 54, 3, 713, NULL, NULL),
(714, 10, 54, 3, 714, NULL, NULL),
(715, 10, 54, 3, 715, NULL, NULL),
(716, 10, 17, 3, 716, NULL, NULL),
(717, 10, 26, 4, 717, NULL, NULL),
(718, 10, 17, 4, 718, NULL, NULL),
(719, 11, 38, 2, 719, NULL, NULL),
(720, 11, 38, 2, 720, NULL, NULL),
(721, 11, 38, 2, 721, NULL, NULL),
(722, 11, 38, 2, 722, NULL, NULL),
(723, 11, 38, 2, 723, NULL, NULL),
(724, 11, 38, 2, 724, NULL, NULL),
(725, 11, 4, 2, 725, NULL, NULL),
(726, 11, 5, 2, 726, NULL, NULL),
(727, 11, 14, 2, 727, NULL, NULL),
(728, 11, 14, 2, 728, NULL, NULL),
(729, 11, 14, 2, 729, NULL, NULL),
(730, 11, 17, 2, 730, NULL, NULL),
(731, 11, 28, 3, 731, NULL, NULL),
(732, 11, 28, 3, 732, NULL, NULL),
(733, 11, 28, 3, 733, NULL, NULL),
(734, 11, 28, 4, 734, NULL, NULL),
(735, 11, 28, 4, 735, NULL, NULL);

-- --------------------------------------------------------

--
-- Table structure for table `universities`
--

CREATE TABLE `universities` (
  `id` bigint(20) UNSIGNED NOT NULL,
  `university_name` varchar(200) NOT NULL,
  `description` text NOT NULL,
  `logo` text NOT NULL,
  `location` text NOT NULL,
  `rating` int(11) NOT NULL,
  `student_count` int(11) NOT NULL,
  `email` text NOT NULL,
  `phone` text NOT NULL,
  `website` text NOT NULL,
  `slug` varchar(200) NOT NULL,
  `country_id` bigint(20) UNSIGNED NOT NULL,
  `created_at` timestamp NULL DEFAULT NULL,
  `updated_at` timestamp NULL DEFAULT NULL
) ENGINE=InnoDB DEFAULT CHARSET=utf8mb4 COLLATE=utf8mb4_unicode_ci;

--
-- Dumping data for table `universities`
--

INSERT INTO `universities` (`id`, `university_name`, `description`, `logo`, `location`, `rating`, `student_count`, `email`, `phone`, `website`, `slug`, `country_id`, `created_at`, `updated_at`) VALUES
(1, 'American University Of Cyprus', 'Welcome to the American University of Cyprus (AUC) family. You our valued students will spend your student years in KAU?s natural laboratory environment see your achievements day by day, and become more aware of the correctness of your choice.<br><br>By studying in the Turkish Republic of Northern Cyprus (TRNC), you will also be taking part in a world university. You will sail to new horizons with the application of a free education system at KAU. The mission of KAU is to shine another light of science on Nicosia, the city of lights, to provide high quality education and training to contribute with scientifically based knowledge through research and publication activities, to share its results with the society locally and internationally and to serve them.<br><br>Located in the capital Nicosia, KAU is an international university with a vision that is both in line with the historical characteristics and texture of the city and shapes the future.', 'data:image/png;base64,iVBORw0KGgoAAAANSUhEUgAAAOEAAADhCAMAAAAJbSJIAAAA+VBMVEX///8AAADbuF3hvV/eul7jv2DmwWHivmDnwmHbuF4AAAbfvF8AAAjUslv5+fkAAAfBolXPrlrv7++vk07IqFipjkxdXV28nlOXf0XW1tbm5uaNd0Gtra10YjddTi6hoaG3mlFANiIWFhZqamomIBe8vLyTfEM0NDSghkmEbz5fUC6IiIhUVFRERERiYmJ2YzhNQSg0LB1ycnIkJCQjHhaDg4PMzMwAABE2NjZrWjRSRSqVlZUbGxsRERGpqakcFxMwKBwAABscFhstJhdfTzc+NipURydMQC+Ndkk8Myt6ZjM7Mx0wJiFIPTBrWjszKS8ZESZ2ZEMVExueli6hAAAaQElEQVR4nO1dC3faxhKupF1pxSIHWVIgVsAoIURykwoSGgINhd7WdtKkvrf9/z/map/alYST1mCSHub0YUDAjmZ3Ht88+O67Ix3pSEc60pGOdKQjHelIRzrSkY50pCMd6UhHOtKRjnSkJjr94dAr2De9NZ4eegn7pYeGYXx/6EXsk14ZhH469DL2R98bjB4feiH7oseGoDeHXsp+6JlR0qNDL2Yf9EZh0FidHXo5u6czQ6MnJ4de0K7pdKVzaLz9l7F48lZwNhV/vDj0mnZLLwVfE7QQf/6rnJungqsNNNFAPPgXOTfC0htrD5gmnoiH54de2BfR2edN27ngqOVj0zSBOxJPPPvsex8d3qwUy394/ug2xVha+o5lmpTF1pc4NyePzl98DXL+ka703cOft3FZWvoImoxw2P6Mc1Nw9/DJV3JYX5RG/IfzhvWWlr5nm4JgVzy5Oq2/5dH5D6X1fLh/Fj5Drw2Nqjv2VL6SlQwWLAaSRe1yIjv9A9/eLzt1OjVq9E7h8uS5eHaBGG/sKJp2T7zwUnxUuTNVWh3a9zmrLYkR37HS0i+5BGGMOYuZtg9rspN0aGX6Zsu66NJ//kH8mVC+XBPFxoAL0+6LF5/+/KL5AygdOpb8+Za1lbQGgHLlpMWDnKtUtPyi9x4aEODuyrKX3LLIto9V/RJzKYLb3jPKcvbHoVEdvr8yhHA3XrabVxsyBnGHP+Z2A4BN4+WtJA9cZHOLcmiA9R1bRopdEzvQ7caTVm3FQ7Ytsf9APBPwZ7zaLSHceQ4kt8Rnz7w+MId8YV2uIYGFCJfaolPIfbV1+Rz333CoXbnJAs+G/KNMl5v9wzIojIWvWHPgaDu2L06duiVboXYyiex+JzuTayT22kf20mHNBTcWK9fUCVuO2Y2T4qU2f8nWBdvyGC+QPP1rITtLyk6QzQPJw+JyHAL9CM06AYiGa2PBXrIvKgdu41IWcVQoHscGDe+H3Cc4rLngxmJA2QCoKgaMpyl9DvaNKiWUK+AbYfX2ACZOizt2hzUXHJ7I6CL9ReRbjsYl8IeAS6pGzFP1Ao1BDB13mAf0TUN23auDcsj9zh5RjYAYsGk/8pAiS0D/xIHKWouSccNUkHItRO4wmxQ2hTqvgJuLg4JyJ1yhD8mKcMo5WBeydGxNloUewY7jQGIdxsiBjl2QLjvbG2YCamSHF7AHBzWIInaixsKKVUWySL26+gDEq4mt2vMmCLJEcRWmVLyIx1INQfK90SO+IsoLXBgatb0v5tCZVN5K5Yv4s4c0F9xYPGG3vOJlDhpEtYVDTfyEqBGF3Pf+PCK3P/qJLWHCONSczHZaMQIAW9Bm5xBaWNvBrgk7U43DkCrTMXtwSLiNG4ucSsVTlzjxococRCAMelk+mS6Wm342jjqFi2YpbGIrV98ekU8UGviQ5oIbizEWO1BQD5Vrt60wXTDAauEj2wZsS7YHcddV7Arqjsr3x1D5xJefX8i+6ITHTgFZp1Va9anvCOk5YNiXKx8yAwFDEUatBpEn/VEMSlXFzIXH1OsBzYWILOipcUptseKGAqNOzizmenp90ZfumeUvk8vNjF18EdiwplEn9CmH35vDmQthLKhZEMaCsJQQYVlOINVHFyEIy2MHbISQlHm75xKGKPrGXYgRFax9cHPBMxIjqmggW05GA90xBE70a3mugqpPXtyAtHx5lbkQ0Gi4E1AemS0VcNzBzMXpK76l6PHCZEuNOrZFNaA31NR/ULeBuje+6lFz2oeWN5AbH/KN/+ow2/SZRHsvbGEschLo2WS7VgCYJg4D/RLyjg25DEXFnxHQlNfLexfj6bmSrxgwFbkZddkf1syoUtTgxwS1q4wOCyb9K6NDOeyVL70+v09BPnqlrWvKIgGTOyoWqHiZzRxWZUjEyN0EAF2maTQvwHh1Txrn5Nnz6spC1Qezu/O6cCKRrSDEjKUIcDUaayGVNaq8/PbZ/vM0Z9+/q69rUXowJkrrr5ccLgkxWB93my5cKCxaDcjAu5/2u1nfPK1/J6ESiShTSk0culS8V/SGaF5eSRMJKGKvDi4Terq3zXryuLY9F1EYdrMND/JNrkebOOTnkKpYpplA2Hzpry5n0Zsb7X4QhsHv1Xqq54/3sVnPfqwuZZZ5NgYAQCeeCglWMUNBqcYhuo1DVpJCNmk+oF+AIUiTyjWr73eNE7+p5S+nEZBbE3LUF22RoOTQpRwub+fQGPGNCqQjZMHuoHrVwx0mFk/Pq9ql1Q9RHYWpKPcGDk2PElu/v/XqaQPCg7x4Xbns9fluNmvF+JF7HHtNILVdhSIaOFTJ2375EtUvBxBESfXCH++udd7UEtCTwFHCd1zupCb7Jqj39zhUCjeA4rNju1M7By/uulkf6Z83z0MVuoc4yjiiBsrsYJ0W1cwNXe8tMpfVRbg3VjcMQG5cAbzurHLUPbpJXS3I8+LCAw14ij7ZutppVwgdyP+YhTaBfk19SGr7QAi6vQhVeBmCQPUKf7wrg0rBzNUQKnsNoy7dMTyxhpotPaHMKRYLiAlwO74fgk7om8DpBh52UVQ1dZISdhRZOcMkUuNnjMJcOgM7UDYcMSxcM0W72G7KNwtzs/BW1b9k3rQ9Ic5raozCwrj5MGj1g2wemtjaemfG1H0VUWQ79pG6WYXbvovElMhNGL50p6Cfy3tPc0umlTQvc5XaIonWd8h/r2zTz1DH6COMMsI0DOuRCKUW+z5XRpqDbrmHbG453u3EXojy0IEoawquynWsGaDf6G4XAvb4CYT5uuUSI7+EoOBwYHQBMY6UeRg1+5/s+6DiJiU9fpOhCBx3lD0VwS4rR9Ch25zuJbfxOK260qz5cWrEUHI41wIuCzfXDrGMlhZGbrgHz79vV2V9ogQ2YQJx1a/sUjyl+TAlkkGY9SJjhgsOryDZpZ9YDC/IabYb7P2OCogwREt+386wDRFTMLQFKutpecQ8gsYFEoQKuwBYwLQH3ULzBpZfeCsgjO0xAeOA7xFYwLVMa9z8AYUQMVJLHPg9E2HV7sBwUZ635rVMqoM47fnbLMUAoc4cDguFko9xsdtWrnNhRJ2BR7DVKIwGphX30CBHzVEzYcgNNJPJJC8d/B0GiiKyYM6XVVnQoI48sefjZX8xiT94XhR5IAiCDrCibEwsI+zEWRE2w0U2SMaTxTaTcaGf7ws9sNxlw4bw3Vbcf9FTYdtoGTr20FsUHJFwCGDyX8w1PrBo5gkt/K5ne9vdBY2Y/YBCrDsNEYXvxjxi6WRntdBU3Ir1dNElJhrAQSqVCrAdP/RB6YPhzoCWLUIvm4y2uDebWMA17MslvnN3f00l4bs9YH62yD+HEPrjmkBnRh9iR+SUrGUgMMJOf1ToiPUysnixoj3ndZkmdLATGLNqJd867ziOgNyYf2iLm7pjJEO0vfTZUWAoEi2FQj1tTe0sxKGWwe8OKEbI4XpKoyGiEryO1Cvx0PJSPXKYkH0Af6d/xwyi26W/ptKJ+E52FhjiFBNzXxg3hXJUnC89hQ1QGltKdT67zi40xsIGWlhVvBMjPcz05P0csU+1eYHG7hsYdd+NQRCUWx2MWDZUuOFOYsMq9nnhwDxqQAosfUtQcAAR88Tgul37ayoJ343nFgrfbUO3mm46Ro5ZW7bV+w+qAwB9FCe12wGqYA9NBpMAZMoPM9dHz3fPYOm7cVC+sI7UY6vgCkM4rJUKwYHf4FxHuV+5DoNAq7MtaEZLBELhFEt/bS8V/KINlOHXVnBDz5BVARUyz4iXFVQGdxqjB62LhnzUODfSaqDJMugZqw2UUMl+ihek78Yr7tj6apjgzYTFRgq5QaOt64WVLTqfDH6rXsmPH9ujSBRx7gnYl76birVVD9iFhxCobD/nqgp1UvpPpSzM9RGqhRmZWpcjbue+GmxF6cVKOWjVsGDahKQ2JtJISrt+aQ3wUZWzLULvvZV+iyhqWUJfVm+6WChHMWnAcoulNXLYkPrWY7P5YnE9KC+S1W/7UKSUJLC4VuJXC0GIFGM3bFg2bvasJ/XixSKgLLOiffLRijZyJXqyp10q23knZrV2BA7Lg5bWqr3/xi6FXokrV1WtmjfYS+237FJb6YWFrOQelK7IYlg7inZju1Bd3H4uQ80Lj9pdoH1Wmdzagz2UjYYtX/1S4PEdKxFMY1mD8D2UNHHo+tVbYWXCcPYZOmqFvrYjSkhj58qmbAYVPUvsm8GU+P/kTnPXehrWNpcVN3d8rZPapdBjUsrJK46LxqIMAojWIiHk57v2vGWGNLZJxasJI+baFE5WNJwkLkUmyLeH9foutAXzNVoNddKQhJu0uc3OV2lnw7wHEMbVTqkdl/ALaF90gJJQgS7PYz7IiOxMbEcXvQYbx9JoTY5bWr8dOBzErJCP+y8UNYVL3rVilkHKTvvY5dAAnp2lnYT0AApslnGOnfqSSXnGr79dXt1cX2f54Dr/fXPZu15mBokhNk2ZUEeHu6gMSR0m161ltccOAyipZdrMm2FDEWjoJkOBqNHUk5te7KsHnYvCYHyK+++Nd8HASNtJZowJXD/e9i5L5ivojaQIKdcAtsQKduadyvhetBmyXCH1GB3pz/SbPBQe0X5Yv48n68txdvHHpREZ0btJfHlJjeTCa3ybUixENA0HEPkZd6RTsCttIxPd/JDxohmKXsJELqWm+wlh+vpq1jI26/VsPRrNigM5Wq1nM2NTclAjCTexVCkHZ3gdCvCFfHcURMlCGl6RZXNnm0bd5bQZ2cCsErwtk80ocepvU9KRtA1cfAz3eh1pe3eCKMp+9AlbigRL1xhB11dC/KAeV/Cbn+ZJfn3xIf3Q+3A9Xnz4kF4vFgaHKxZ1KAMquaxN6GFb+jL8Jku0Zhe9GLJUYcVbIuUWaeWDqR6v5p0ai4iemeAm+73VNQIj/a1QNcviKC4W84BtU7G5pSeE/VT72PZoksnTzg/KDt23ckZXhx/z5g5zTrWOH5alHhof30+y4n/Rpz8u17ERrPLFH5dUvoPq3t5eK0WJKzv8UTxx11pFOaOLl3/Y2/wTRnUTTu/IvJD4jPyvvV6RWzZvtdsrVildVzS31dkYQuZAbuQ7um+y2pKbW72woD1a5qkK6g9qjqZeJNoi7QYttfDmouEdGj6ZZpWzMGXbWY4vuNtIgjIk5AsBajovgZYNkdLhe9EESyj2JFte3ny6vPlT2ehNJsZWWBwVQTAEKkr8hB/2snbgDsGiDAmn8k4jBTajTXlKU8FVkw9W7Ce5sbPM6A9Xi1L9rorD3eTnlSxKRFh+hiysKRGdf5zsPlM/V3YnueUC6X6Rx4aVMWGgKhufoG5QVNzFgz/+WC4XQuqzrGAPa8ijxcrYoLwpFEwsje60U1YjD8ut8E/dN7XkWQn7UCDCBKol0CV/5NOOuqExKPOFKKVNbJbtB7TlZ71erQ2qa4xBFGJIYJ4PuBS9HRuZpW1tehORcNMy6dljrPa//+Oj+Fj5EFWMmBtrWhmB+SEZ07tLvA8R2ILwv7/88l96bACGoRYG9xDFQqz3/5v/7zfxwWTfJVomm/VuOuxBEjYeljsFGadqabC2Q0aSKQHT0nDRCsk3DwCk68f+vOWJ5UMVjsqE3ND7B9ccQ4fMU2GjXfg+ZWG2X7nFlqsmS17czSLqYpRuGQZEjAwsY8V1A+LT2TxBMcsi0oqH0146lseydLUUmNf6LbwhZ9XyhnSMhsEjKmYyWnSTUqhuWo5eQIEKod85SjxRxTgqxYi6G15CRH1PMuADQ1WrE9MBLF7fzdKqvGxyGlMxuWT5LgSkSlxr87pwLa5d2FwUEoCNZd2eLsCHu2i/UOf/GrklT6MZ8x4EkCSTQu1bHcXfyVPFR4U3Nt+IXtRLQ4vfmEgxFH4Ul1DwmgbXg+WKOzxeVgrQ3q0AGWmncdORx112Klt2cYe15G0XlUCn6zjzjs0da4zZC66LFgvklsAjhljpAVoWe95GApgFVnk6dngCVdoiRpUAUooIN4ovVmjU+Xz+ixCY4PSmeHJ+ozVMKdnfttv0HaYdqQp5px17p6pt3HTrziTwQ2X3xKr7BtD1/C+fKxz4p1hsr93uaU4Q6Cq1VcNuQz+fpzas/LDrBihdjJWBQCBEbWV5vn4HwC/5XJxK8ItwK/vX1339OqvELoyZEVbzp3rJ9D5aLlUxrrtaRwlOB5fli5WUCugOkUfDKmijbitDdKoJiG07rghJbfZq55ofD2xPdfp/2E+X3jN1buNgqKgJgtgqIuTMYwcU/1qA+JrU+/nzw/Wn+V/Xl9fEO7DoPxRhlQcbKqHYAzX94YaZIsDV3npmT/TmPCXHBJSwldeFmFZ3MPtrdBV3kBAGHM/nf83bN6IgBReyXUyfPJmIGRpqKa7aZuP9pX7vngTI6M27Gies2FCp9OZjLsstNxt7fN/aQXs+/1PM+cRl4wTP1ivFObzBrfCiXF3N7k+AjE7KDpOc+chLBg5BmaBl0wK0fEwrZyXtMGt/mn9gqD1I1bJU3rUhA4YnrMo93LApJ2XJ2NP998m+EQeC+d2Fz0gVewmc8CF7WN1YRisj6Qj8S1aIsVh0oRj1Hl/uYsv0zVBktjLHVNGpe+laFyA/PYakFoOHvmVljTqpq+QxhTiMkGn5qWV3qiWbdABMOe8zpfuDZA+Yk+5ybOd+BtJqkwTpHKARjSv0VEN1MJJBZtbQtCrAbkOjItmVSG6DnHQSUVB0Q3FoUZV8Pz35YpIgixcoIxe2qgyuacqmoWuLI9YNnfgsToJlcc7Ew0x5sQkZoq/kfgbScgCOhU6AHaeMtAUl0/5mmiwiVqzcUAa1ZrVSVlO3MHV1YCefTDeLyXRttMOu+sK9Thjk2nTBAnyuG9bk7FiQzGRj5eZNU/YMGg43t8deMOvgQMeCEBbm9QHfstqEjN3Wdm8jnmxjg47KsQEXag4Jh43FCew9zbB9T/X1FPMaqyOa7mV+uTY6CZQrGQovC5ABO83VF7dxWMSUWAaVwJfGhJl+3oq0t3ovlUTZfljpeFpyGYLIuUyS5na08W0cTicrP+DVGUreccRGpfFhG/dhLgQQDqqOS8h7RTrT6sCOUkx4mxKi1N7w3gygTrdzSp19PwOVOPr2jt1aZbEtXsUFbBWsVakVForR9Trb2n8TntQHvuoQUH/iPufv8aQ3SzNpnXoixWjCoElKo6tpSjdhukiSJgZjRxxDbRNouPN9jGsVE7wbjpQsrWVwqk4DjHhKwwK23au9Xk7ps/WGy57wfwndhzLlXQnUTFVny055TOeadnilv1QpB0N/Vd4ZSNDAqdydhYqs38OPQQhVSlNGOE2mo/WqJTVnmUgCdlcXxRAWgT4AsPBNgWlBzZxsUqWYypFPP1itZ9MpK9QRTY/790x55QKfVm3Z0AGu54edbhClsZbkxnZHdc+SHEcw6GZBgIderMKe08BSgTUcxL0oGHbC0HOB5fCJfAKl2v90b465zfSByAVhjKtAKkCe2tkWzy+Izm/FhlL+PtPnUFAWreKzMGgunt2/MhUjS+uQaSNBdVZSU9dFt2EMTOMHcR9g/8NMORjV/0IOaYI6GsaTKnftJI+Insqay+FqdH/DTHmtcNM4Fo0zjhmjKYXoLYRcP0jHcZ7nWZySAa0I0hLHTwyXAo2pAoWEYdr/MFMugiHkZFkYKycG8L6vXh54hRKiLsEEmtZN5MWu4wPbBNAPoZt13wNm+LyCO+h2hJZSK1SLs21Z/HscwLXvvhkUEMZomiyXi0IevZSoPc9zyMBOhMIF81dnhegmWdcmhrqIKOD7i15iw/dLb+5bvRzi6IkLWEwfIL93UZiCORWmvRxC8jm2QzR0N0jTOM4Xg6vk46/cJO3bXGz/5ZzCeE2nc+4oS+CTIIZ+sR+DTXCBrCjpfcR42C9M482ATGotXt1wJJ0VjJGwa5PMnmz5tRNj/0DG+dZvFsTiH0sZXnqR+m7oR7kF3/eGMxcHSwe/91PPC1Sgl4WXbv0DK7RvIKM2FqtGUdNUgk0/cotd6JleWPzrmtCu/pIJK+VoGohZoX0DGbf9MhMj3vpar2HM+YhMs6mwds37mD//C0l79r1PPrsA0ZJW/8EHJVtWn83HrM+WBimN3u2Zw4cvnzcMv9SIF8GhSqSfqQavGl3Nv6i2s2Dv+cuH94J7n5yenT168+zx+U/f//jq4YuXb1+rLkvU8JsWsp6Jm06k4/ppXYSr129fvnj46sfvfzp//OzNo7OzQ/5EAuX59ExYkhkvxk7K5Y6FIbdEwxpWmxLZNGlTNIC9fnR2enro38xrJJFArQoxkeUwwGvLFls7lGJk/owU4c+HZmQrSYcHa0JMZfhA+rbKTmGAeBS1YSIUQ+0O/Stdt5GwluqxWpa/kgA9wsOkbJOBPlUt3IQKmR/61/JuIyFElhKj5ypSRJYyX2wVlUIl5cC8wV9E8atDc3Er6UIEwyu3Ki9KV56Uq+NNAv3Yfs0iVFr2ecunJcq8AOypQH87LftreNGazZ2ge0lN3IF0IUpSBcho6UHtim/iFBISYONa82Aax9P2tDYpUSx08F/H/SyJTjelXRaGSQOD+m/RyMaTQ/4w0JeREOKsVKGqAF9rQ7PLyl9RivA120JBggVe4G131DCqCO7OXiqPRfW2xAS+fhGWQmwTm4gdtVHqOcv+aTgBq8AXWbqv/xQSEoPPiqhdF6BsL9fESKKOb+gUEhJCbAFt1OlbNX2r/VBy5kAeSx7wl53+FsnpdWoIWEltnqlwyMe9zrfaAzVAHW/r+ffH9au+dnempJ+qS29Mp5zUfo3gWxFhTYgvtuX8nunXfSunkJAmxFvyYVqvyjckQk2In2lMelZCWAf9RdW/TVKIn40UyrLqb0mE34kk3Bd1lj379k4hIeqZfamHQsV42J/f/vt0sjKefjmE++b1N3YKCf3892L1+/rFsSMd6UhHOtKRjnSkIx3pSEc60pGOdKQjHelIRzrSkY709dL/ATFPJUFdoSboAAAAAElFTkSuQmCC', '', 0, 0, '', '', '', 'auoc', 247, NULL, NULL),
(2, 'ARUCAD', 'ARUCAD, Founded in North Cyprus in 2017, Arkin University of Creative Arts and Design (ARUCAD) is a thematic art university that is wholly dedicated to the fields of art design and communication. ARUCAD?s goal is to become one of the most reputable universities in art education, whereby its students continuously improve their creative productivity through interdisciplinary and cross-cultural programs based on traditional, modern and contemporary art teaching and learning whilst adhering to the inseparable link of theory and practice.<br><br>Respect for ecological, recycling and health and safety issues, in addition to equality in gender, racial and religious values will be practiced throughout the teaching/learning environment. ?Learning whilst producing, producing whilst learning? is an education model that aims to connect experience, critical thinking and practice in order to generate greater- thinking artists and designers.', 'data:image/png;base64,iVBORw0KGgoAAAANSUhEUgAAAOEAAADhCAMAAAAJbSJIAAABhlBMVEX////qCyr44BxKTlcNEJ////5KT1NJT1ZHS1X9//////zIycw+Q0u4ubxeYGY7P0plam6+wcPq6upDSE1gZGfx8fKHi447QUU/Qkj4//9KT1LNz89haGr33wDY2NkAEKMAAKSlpqhYXWEAAJwAAKZrcG+vsbJfaGfk5OSAg4ZpbnLW19g2OkBydHjtCybpAAD04ACXmJv24izzCx9kYoSjDWCNkZGdnqCpq62NkpL89Mv699n49bX35EH57pT79uD37YUsMzj68Kj89sH55mcwNkL83SL56nr48GIbEJeqqVH9/O/37pz55Vq3utciKZynpVx3d7+YlWcyNKGIhIDj3CVwbX7TzUT/7AA8RJOcoM2KjHfe0ixTVYq6sU9ERbQ0OJDt6vZnAHdkEYlLEJKPjm3JvlBVWnL54uPPCkGPhnjkDTa2EU9/EH03EJfTwUNUTozNy+DpNkfIEEGWEnjuZ27ympn4vcGbEW3CDU+yDVvzf4nuysntlZvqWF7ztbvpdX3vHjt7HMrgAAARpklEQVR4nO1bi3faVpq/NkZwBTKS0AWDABvZYEkgbMwEkaRtmmTsrJuZZh7dqaeTdtM03XU2adrNTNptk7bpfz7fd/UCLIPzmO3Zc+7vJNjoPnR/93tfyYQICAgICAgICAgICAgICAgICAgICAgICAgICAgICAgICAgICAgICAgICAgICAgICAgICAgICAgICAgICAgICAgICAgICPzLkKWEUJnS1xssZ2UYTuRl/RZ+vcigtCHp08xfpVeuyjRL5GVrPGcRWULp7XfmGbICRy/pZxcimD092U0620/nX1n4DSdtTRzV8NqtmYWHk9nJJTOavMXIHKjcbL773lVZrr0WQ0rla++vNq/M7Vv3erFUKlXLCRXleilEtV/NOGZ4mR2WSsVDJ+ql4bhDPRll9ct5QLFkmCSBc4gT9b1kGVIfLhSLxWp1w6r0prqCBG40V4+azYP3bxJSA22T5SxdqrHQC/tAx2s33t1fXW3+dm6Em88h+sm9lGIuJ9XrEkcm3/cYvz2Dy/VyJWZYhVEbnCFoB1OrGWjGETDXOL4HLfO5cv3kruvQMVeHa7lMPt9XW7HEQT0PVjma+83f3riKBgnLX6axMgHzq2Wv/e7d5n4w+vZMOzvMcOSHUwwzmZwUAprKFsN5WCmTkaYYbkBTMWBI9HIZe/IRuUymH09m9vlcuY1CwjCf4z35bXPl60rcQm82A4ZHR0f7zeY+sJSXyxDGXbt56wD6HxwFDN+badVg3fk8/LfmGFb7/X61XEbyRWcxQ8LKfMX5av96tQyiMeJVjWECaMwl40KG1WqpmOfsD5VIivTfQimsruLPZhNXfeudK7cJBZ3lVAONRJUMcfvqjVuwG6vTOADtThg6cBu1Ah/91gzDqqLbdkvrbOQCIgsZekArlyuuazpr+cAx2XYpJ5UdA+RaJJGLW0f1tFq9QtvYQPvI9O2gQWbHH8wudTXkufrurfdu3Lx67dptZAjafPv2tatX3vnd+78/4M3zQ65kpxhWYesrGnAqtmcZhmrlwOIzJW0hw0IfVa7oBw26kfjIXh8YaijIkjnDcD2Yo4r7V47c0IfbO3f+cHCWZEiUi+rg6Ojg4AAtNY1b2PfWlPEWgGFR0dFa1lMZ2v0cZ7+IoYpGWEz0MMGwnJP6tobbOI4Z5mOGsDdoi9VQiH/c3tzcuvOng5Oj9JVfGPtTIdHB7bUJGv2GncaQHua4eBYwtIFALlc+E90AFnjWMsUNzGeia1MyxPvj5kyCL3/eXltb29pZ++jfm0dvRLJ5bdqZwzq5NebK3VQZlpbKkPcvJ744gd2XJNRBC7qWIjufYdiroocK1PRzJLi2eby1vfOXj0/eiOHNeAkm6CDOr5RACkYaw2EeN3mhHVbK2H86zEdogxtFAaGmxOFoWksJrdahKUfQS37IGXJsbf31g3kP+SoM35ty5vXcRje0tpKeMMwU+YqZD7Tq9So7n2GWqOj1+6lKmg9kh54sF4WjGRkGsQM1XM5+kjBc29zeWfvb3ZPm6ylr8/cxQ0hCctxZo7YWlSmGGdXzPKuK8ZDTWsAQeeSqKYEZDRTChEy4J4uCwowMYXtihn+cYri2uba2s/XpZwcnryXI/Wj6FthJzqKhpuXdaYaYY2K0woi9KKdZwLCLkzqwdmCVyUXhaFaGbsxQ/o9phhw723c++nr15OjglYUYJW7DInfjgAKy2mBTDEPUpaoVbD4rLmLYT2Fo5LgJ443K9ZjVLEOD7yFneGdzniEY5PbOvS/vvrJFNq+E06OPy3k+AINyZkObkyFXUT9c+7kMAztMqowIOsbzfMUfDn0eFEp2CkPuzHMyZjSBboYfsa6ubW7t3PvbxydxQncBHByFzpTbSS6fLwP4VjoJwxzYoQVrkSLrJBTTyTj/IJNyqF6kwrVUO8NQ4RkLzF4sljFtLQbhaMoOs4GLy6MXlz+HeL+5tpkiSJTksYM2ebE4CcnOjWAJ7XJmBrnrNGLIvb9e5QtjYYZgSPWpzR9jtm3F/csOmYdblmamzxtzMszKpF2M8r3s5/fvf/HFg7U0kseba9tbWzvffPmf+yf7SzS22Ty5+4f/+iRUUinUxlAjwyCYxMPLPOOIApkDxpQpRVHBkqRQonoJa4TIVcbIXq9LM9NnqvqcDAnj10tYm9ZO90aj0WCw8vDS/QebW2dFeby2DTTvffTBxwcnJ2n5NuDk5O5n/31va2vrk1BJIafKrYfgxVplliHjlUWUNnY3ovSGYEYJpW05cI8eqml+PfI1msbrCK2Ig6Pp8fcNZUqGmP4zlTPkmkBPByscg8Fo8OjxV09QlsdpCrtzfO8vX37w9d2DfWAUAsqsu19/9qff3NvZ3gKXvP1hsGLUs+vRlsPNQCizDAMlimxP73O+3OB60lTK3OMN+XX+jfkbUIjJQV0Wp/MUU+wgO4u1lGkS2nJowpStJBgAzYeXvthMVdiQ5/b2nXvffPobxKff/PXPa3BpC0TP20OGBlbkBmwmr6aAjCTx3GuKIZVwk/thRuah3dar6uVhJyh7wgAK0RRXmiuq46FXLsIvyLUaWFg2mN+NEx+exeQ8Ty0W+YFAuIFUTvjx/0By5fF9YLR5vHaGKFyDvAfVdmt7ewc/NiP2nOH/8M2GbZWSqpALojieZRhoJtT/fBPsQ16xBmaFZztRMk3XuS+GFqjb+aEF5XUZVoUhJhhruLTWeRoRmiZYRnggkCVPBytnMBr9/R9PdjbPUlyM7c9jZSzFB1AMF5mX6FzmXUe5FcODBuW6lIsdr9QPix5sMzYSjyxJKPQKPwCJs9UWz4icSIaxf+07ofnS2rMUhlxfVy7dT48i5wA8L/cVXhEiYSlJRTw8DESxKCXI1yKGWh9FtoG/QvalbWzkw6WV+wq6e94AP/x+MWrBJEimZZxOTY5O4W5APWAYOdjioRsLWa59O0phGNAcDcAqgWXI86wDiqhxPLl/CQ9cmWQYxvpUFOtaeAG0VsNfrOjWroHfImVmbaPfL5X6fcufKyaw5RBaql7givgkk6S9sr7OZ6WeEUD1Ksp0IkS/2zuPYehhH1766sFawnOOXXD9wT9+eLQyevbqjwWmRrCWabZY2hTMNk2bnhlwQdROz5XhFM2Vh4//96sHT44DRjGOj5988dWl7x8NIKSCyL9dePvlZ7D/KvyyjGFkmKPRyqOHf//+8Q+XLl364YfH3z98hNQgXQgtee/0HIbya+z8WwR9nuZqFqktksWPM+No/OBD16ctQSaeF1tOKlldZzM/I2S1Xlr3FBZa2mlHiBeLDPFVyD+nkYNTLEOaWqpM1EbkUmzLOnsuoUuhA5rxIYCuYZ2tntKgWEG1mXbmQeTli78Q9l7EjwIc11WV6Xu4asSwEC5llqERPlfq7HZnGgqWkbrmMzB5x7HRTWnL0udLfc3FQCNPwgyvrc5UPQlDkqZOCcPG3BJTfWsaeMfdhpLSlIXyIkjZ3giD0Y8xQ81wbINvPi0UiD4pBAwZPgfV8emnXjBJa9KOuc4yhB5MaSs43i4UqB48L4XRNmbV7UlvamICPbsmf65KmdlRfbNA8DaQDZqFaP4a/eltSHCQqJOjdomq8gBtWT20Lc7QMQwd1MnCDxfCv2pcTmVoWYqLrTomCRbVLa57Gh+4iwF/iBmr1VONNmlh/JdsVH5mSmAc1jroqgEegVpGpDe09jZ8zeB5ojAG1DvDQE0N12tUNM5wsotrNhvw2TJca1JwXKOXxhDW6RQmhgrZuqZC/jxWsUqowIS6sasxu7OrEOrixAoBqen2BKdtMF1z3aGmIGuT3ygyeErpT29BSU/jUFEwgBzsMOMMG+gMXXXSM3bxjiFD9Cgsts55hsjIb7g0YGii7JlqFOBam0/hkKzbacB01GoE5zjAEO6jBv7NU0HK/rQnoKdvLETIZ2KfUFGHdqtlcDVddzkJ2FyvUSBTDG2uzcNUhpy41oAt4gypC1fNhooMhkpXaasqI27DDwyi4bdiho3AUWnYITSTSE9fvpk7BRVgMcOsAdZgWa6LRxdGcE8XNM91zmXILDViqEQMCzFD0gahDUF81HANmNkyIKS6QVxhjtEwxnMMQd5m6Ooi1NhyFgux9zONk5WC6rYnk0mlswu3WFdDhh2toU7OY0gs6AZpq46qeJYhrFbvoFUZKj5BBshcrhytocpFjAw7YbQYNoaaMf3QSia1hRXGUoyeTb2oEvoYu7GrJQxh0W3VaJ3HsKJ6uEFtbrxnGIJhtXcdPiD0vlMMcfA4YqgGKVHL8Coz76ZAwflGejpYkacCM2w0ryM6ncoMQ3B/LgsY9uYZ9gzXKZi+yh38NMMGZ6ioLm4XdFPHPbvV1UnEcNhjtteYhAwdtxMEQUyqyBzktNOMCwLytWSiOC1rr8MSg1hGdnHpLcuoBPGwF/RxjHE0SrEaGNk4446BTkTDBFYzeBbLrMYutyrNaqAZgi42DBSXLYFZNjoM74qhaFc1+PkT+Jr5/E2una68rhT3fq6RxJOaWujDdE2ziabxUyWN1wgFTdHhKiP8A78nmsQU3+8GWxN0tnEeO5ws7gk5TXtiMhJN3Ou224WgN87Ya/vcEgvqmXwWguLrhoy9H2tpJdGvVe7iCY7uxrXMNOiLvddQ1MHe89qvxyYNMpit2klrqZEXg1dX1L3nlP66Jfw8ZLBaL72qBIqvbIugolT+Pya4RGNkUpmcW1TS06evRHGw9925KtoL/ca5Ar5YaZuCrF04r2n5nDX55Sv4m9FTTLfTGRTq/B1PNrbq9bNnLbpNWPVstVqw4mxZX3B6ofAQUrHqljNbTivVZRShhqXfXdgY955n8RXo9KkqPNQxy2mx4J3dmY3AKGmeXc3YgXQg6GjN8Q+H89tpPBQ4FWa36zPd2ILjqAQ19vIiPnWw9/Scw8Ou52lEcT2k6AePZ7vKZEhMp6MR6rseVEGuU6GVnoYpc4XpFbUd0jJdiH9tze9OGs6Q9Bz8SvSx6/RIa9zzHFD8gue0G5whv4EFhD0PtKTtOswcU2zXLhNtonjD8wRao6c/LVPVweiXn2kt1QJ9o6dZBdtz0Fi8IC3zdx2tZfVsq0c0XavrpjssUOhUb5FxhRpd1uHhy1wnQ1DTsVsxTXVYYJZiY1hnGptYtAUq6XmQE03MjhozNC2oe+1CnSmqrUHKQ02razY6pGv4mpEWE0NtqL14NlqgqyC/n9GBpskwi+pVcYjDubnBm5NtNQtrN03PJ3r3MuTEXhcUWCNeG8RWaEBG6uJcw4rdBRO7jIkXJLfMGAfOyp5c3rVbkOhpFm9UjCmGzBuapqVplsKQ4Ri2aOKRrsVXcS4ww/l2JV1ZR3uDZy9A0Oe4UFYH2Q29kGEleErpww/H8Yc+SHLSs0ziBgwVtbcO2bXv+6im1Oh0OlCzX+aFJWyUXeHHp7B4zYoYIi8tYejvErcCE5tgFwbD9graCciQcH04D1lZrlH64vkve3ujQcwTz7r3Ri+/Y7S24K1+KHyp6ocMTcnHfAAZTjooJt8lOjAE4SFDcEQ+pOFhWDHrDDciZMjroAnaMSy6FzNsA7txoKVwBwU8jRO9imNpBYtMIAN3ljNMJPLi25c//TIY7QHVlafPfvzudGn+0rJcy2HEC8oGbV2yqrYPpQx1JLfc6lmeB9T8ukXL4EUqErBrSyp/yjbGgqdbZs5HuBV115Yc7lG1uudJdq8MDKUacyXpcp0ztCzJgDn0juVW6eWGqzKtTLNO3QJNntRjBVqMGipPrYbv7uOr3vji99I/yqAtlAmLHJnd0sMvNoYN1uLfbJvgIwrGox7rBSfy/K8TdBr0hll0HmcoDCTQD/5RHdYA8wWjbJtFt2CE2i1oC4Ko7/CJ2UVyCkrDV9hRbQnNLs/Qshd5hvb2n7PxGfFVeuZovsVLLjl7sT88+v8G1h36F3xeJSAgICAgICAgICAgICAgICAgICAgICAgICAgICAgICAgICAgICAgICAgICAgICAgICAgICAgICAgICAgICAgICAgICAgICAgICAg8Ab4J0TYKoRN3XDOAAAAAElFTkSuQmCC', 'NO:11 SAIR NEDIM SOKAK, Girne, Turkish Republic Of Northern Cyprus', 0, 0, 'info@arucad.edu.tr', '+90 392 650 65 55', 'https://arucad.edu.tr/', 'arucad', 247, NULL, NULL),
(3, 'BAU Cyprus', 'Bahçeşehir Cyprus University (BAU Cyprus) initiated education in the 2017-2018 academic year\nafter receiving permission from local authorities for its establishment in 2016 to offer outstanding\neducational programmes and to provide an embracing environment for academic creativity and the\ndevelopment of leadership skills, instilling the concept of social responsibility, while respecting\ndiversity and multicultural understanding. BAU Cyprus is officially recognised by the Turkish Higher\nEducation Council (YOK) in Turkey, while all the programmes are accredited by the National\nEducation and the Higher Education Accreditation Commission (YODAK) of the Turkish Republic of\nNorthern Cyprus.<br><br> BAU Cyprus is a member of the BAU Global Education Network, which is comprised of several universities, Bahçeşehir University – Istanbul (main headquarter), Bay Atlantic University – Washington, Berlin International University of Applied Sciences – Berlin, BAU International University Batumi – Batumi, and Bahcesehir Cyprus University, Nicosia, which educate students from around the world in different undergraduate and graduate programmes.', 'data:image/png;base64,iVBORw0KGgoAAAANSUhEUgAAAOAAAADhCAMAAADmr0l2AAAA4VBMVEX///8jYa7///3e7PcATZqLqMsjYa32//+jvNIjYK8wZacQV6j//v/8//+qwdhmjLIbXK2YscsGUp/m8vVNd6wNU5zm8vp9nLsUVZvc6+9tkbkAT6C80NxTfbOyyNyGo8HO3eljiLXu+f0jXZxxk8HV5ewASJgAT6MjXJ9agbEAUJvC1eehutE9baZ5msC+0eSSrMgARZA+bq0UUpPN3+9jj8BIdrN6o85qjbB5mcPB1N5PeKoiWZaPqs0AR4kAPo+vzd8tZayNpLg9b7FWg76tvsxZe6czYpMqXZTO5fQxYZQBTwokAAATyElEQVR4nO1dC2PaxrIWAktZZGEhkHjI4SEHEBgBdnLcXNwmJ22Ttuf//6AzM6vXSguJbZGQc/WltUHa17eP2dnZ2bWiVKhQoUKFChUqVKhQoUKFChUqVKhQoUKFChUqVKhQoUKFChUqVKhQ4VRQf3QBfgRU5fLJMcrJWIYnJZ6P+y25yAMJ4SjW0/lIEpUX6AUpfD2ynOJJevY5D5en9ukioCuar+QY3c78byvEZJ2LKq20ayHUuiMJIia0nr2MGwF6ih4YB2Cvws21/vVEwly8+UxRi3V/tRDC1CUJ7YQgXquE3oUEm7WDsCwjaB+lCEWY2PlYF7KOf2WxTBhbRrBtZJMxWi+m9xWCmgZFYsbN7ZEEoKU2Vi4eC8ySCJ68BXl5G+tjSehBIYZ9/RMR1OCfNzqSxCjfQ6GPDn8igoT+QDk4nyzzPRTavO8XQ581QTY9mMLAkYQ3XhUDnjXBmn1wTtoZkuCs+1MR1GBUjQ90UT1kxQhMViFnQ5DVZEUOTXkCtzZVQB7G+EwJspr2KQj6tpGTHGxVVK0o92FRxAA01tTz2vR5EASBqeu6X7/e9MV2tCfF3ICCX5wEo/AF7eA8CDLWV3jbuF2BoXEtiawoLZmIQRSnwvMgCC0Yr9X8gIm5yRh2JeMVOzpMhZ2cWDoTgtSCHDtLzE2CWVGLSSKsz5VgIi63mew0OcGLTB1oojClqTBbwPMj+C7bPLIxCHq20ENzYml27gRvswTtd5LYI6FA2r+ERoSpUD1jgqqohDFHoj4rS6HNnLqg1eCqMIszIwj9L/vcepRE7qyyTcYelbEw6+dWhWdBUOPTBPFLl0EaLQ/ymalYHi0JgUFE44UlLkHOgSA0CLagaeqzdhDzQ7tFLcgZ2C4hqhmyTJGZ40KjC33UESKdA0Favz88PDQd2xBkoi2bJMT2Yq+hOGIfNQRTx1kQRBUEURNhbBTJamkI644kpEadeJItoSauCs+CIOcIXVXLzGrMG5pKzhwP8URVrrZysdfesOxMIawKz4VgEUGxf6JdV9SzQYZiaS6M7HISlslq0vRnS5D9sncL0eDfo7ja4LUw8bIdnN3oaRHPlmDNMlbdUcG8ndOzVz4nLq4PjW06ds+XIIhWZjTzC9gLoTDWkqemjI0sjexUeMYEEazxWzZaTs9m1ENxwwXnjkwf7aeWjnMkSJsT/BPI0l024tYW5/SYiNkUh2Y6FYoEHZkd8jtoMsKaLjvPwTd7q6QjaioUN2MYvhDmeqt7aAxOpASF5chJdFFWM2yEYViFTaOmnhDsNIRXmbLkNtNSIt9AcPddVhMTwnVrHNoCRZY1yLeN7Iye1TpFfRT3CqNSvrey/cGYSHSjnKZ3MqNTjNk0rVGGrRsmr5rsQA/Nl7IWxBPMeytrIZZaCP5PJDg6DcHsMlWcC2qrAY+D/TDbgtbF/jrGvp0tpUZTYUzwWPPgN3EBfRqCTCBohgV1hfLMb+paMGjtCOIrDadC2rDvCWNQus0dCno+CLWXu8kcJ6jmBDfXLRXF70s2MKJlCGM565rd4ZHErivbkPNFazoa009MUFH2kjW6KrVnx2XL8dNYbCAV5wAWFDYv8gIYpsqTd9G8EeI1XzU95ptPk3yKv8WiaZRbQ08KhRlbLDsRO53vT/CBXh6xZ8sQUZkIuo9mDaMSJHnpQbZ6tFT+noigWhyDDAheFmTr12D1KDF3VTQMx/TyeTHUESW7xGUTzM/a7LWi5OyJ3wLeFGJaOKumLYTry1luw05YLZ+IoD7N5XmFL7ZPa0CS95jcUJwgYYnlcwLkuzkJcuLJOOa78hKCyTt/dJ+f7mhBMZVu6h4BCF8UTaJDDahGVvNVrOLVe8IIxQZefZMr4JMJ1vq3t7fb7Wh9sQyMvLCkpnDtwhQog6CquthGfJoTmskIlhftdXsTOoVK40vo0gnCginy9bMKxkP071HVnJ4NE7njOLbtwD87+gX/iXGNNmUG+k8+TcYsyqtYO972K0V/HsE0Y8lDkuyiPRu3XNwi6n0xNfTRADFSbHt2wKsjq9iXTZDRSl6SqUarcNSzMy/j6SyHjShQYCq8hE66kYonTeKGInFiKIsgy6/kExg9KjoTSgQFkfkdvxN1AYuiKv4Ny2+THoDUna8MgrLKjPPs6mhsctJAWtL5Csg7QEVayaRR4/6LAvKZspoVliJCJQSP8Lsht4lW2jTYkCA+5DWdc2GjSQ3dTqQM82CBzOZ2OoJYICOq06yeDSPVKRi9ORGlvuIxoxKzJU3nUEENSuBoP7WCWQn+9k8giAvaMVdw6o5ocZnGhAocxdU57c0QbvvH9QTGjK7MI/+UBA1nWOf6lDLO9jwoy2FZ1xJXR9iX6VyL4k7tYxQtZ2fyEzDlETzUX1CaWrbTbSf9ECpDMDY15SIGQV5sLE6oxu7TgPuunZnaBa2B6pKXrBR+RPDXlSNH0HyY7q7dzAJxdCcEaLSPJD1sCGHvsgaIyTCwY1VJi6uAGXa4q0e6d1lAt7TOIfi6ycMkOfq5EAecSAl6PrU0U0xpO+46NqppCDyEEizbk8Md4pl4mqwqLe+oxvzZ9fq33mazudi19nU9yaJcjseKwcvybIl98AydVIZQR7k8DTtZonwlKrxSxeHxVeIHy3oZx1XjUFSL36vlKlSoUKEsSA9gnxf+H8jWFzA06z8BXrC2V/UPjbPHxxdYn1RzfHH+KM16UaFChQo/EJeRTlGCXqHyZaa4kFYz//8YqMKvEhLLOTqdh05WShkSa4Wae/YjObqoNJml5d95oQ72dHyt6GHDtu8GytPvnZKjN1/Zc9HfcNbrTUpJOwfV9HWfoOtHeHZZjTmD0rpQz8o7VM4cw5qXs2stQFUGH/p9Mj33w83hO4a6TCuXoJYjuMETJd3ypSgQtFkMa9U6ZAw8OcGhhbcLlE4QN3tWET30TXEOqe4nJ3g7Z8w7ttXxPECBB7hTyewGdBGNGbsDAU9NUFVG9832sa2OZ8NdoRfEP/7kgZGvlprO6JElGx+IBKNfl2pklSaD++VXPMvU6Cf+zhLMzn5RmFJNMS5eeGMPFDr7lyFo6tn6jAgqCj1Nt0j0KBTF4l/UmEnyNkpRT+MmUlQ/5jJZDkcgqBHBGRLcRBW6vboP7nt1v71er0cJQX8XBs3pLdU6hOq0l81mdzwgweTCl6C5bHfisk02D83m/TByR6vvHpvB/bTFv0UE14/N5rJlYmIzyKm9VxTKsaXo2957mV/+swnOzA5uqke3U/lT2oK1nF88wzDw8AoRvL1H7zWLzvgAg7aDl7KwBV0dg19QEBt9fs7O3Hi0w2nNJ/htjK9rFjOC24Tgv5c27iF7U2zY0cIwMKXBHeQY+qFneZJrk55JEHB/j85X1hfqRPojShyUPbiZjn7MRJB94k7xzMMyKxub79NbO2A79uCNYWMFeHRcCR8wy7a4mwIewGD0mq220OA9PEPxKdrHpvNNI0NjeO1QB4tz/9qS3wv1TIIaOoTgJvIDnyW4p4FlcIcDlhBktkNeu+S+RQ4zUGgb650uTQjW+1HINR7Fd+BD8Nt68xY9y1/hkbRma99qwtMbn7cgbsijkyEjZ6IRkE8IQmEsq0SCNXJ5QQ9OZ6hHbo/MGY/WoSUQ7I90d4kfmqai32CV9Ftuff07es8wPoeaIb//CRlbeLSZvKOaTOMH1TFpbDAiaLd9f4NH8e1OliBt1zvTXnfNJfPLCVKjOA65AhqP/IYKzZngSxyXCUGrTYoPVISjK9fYKPEZOaqkP0atVmv0L0a+F9SkzmZEXYLOFP5Jr19DOks+TdDJCbpWD73WxRbsYm0kMvelBJHXretOhujOaV/jATkWOcPV7YQg0YFn2ElXOrlq4fgiebpH1oy7mUJqDRdnVxzCxqoLhf9sJK8Zv+MCT8HwYzSYMF4EkiXI6EhIWev7ZB5UlHtG/QtdISMfNHS9SwlSIIcTJDm441ciKNcpg+j6TWXnWXgWpsYaE3Snz76+w9igNdE0gBdKCAT7dGhESSfTcgjOsCFgfKEA2aBA71Hirp3polyTiQjiQR0aZIg9BfvM7z2FXzgX3k6b5NEEzfwKZejwM38Jv8yMJiMlWJIzbEKQT/SKi8IFCLZg4DN+eQXSkBPE0z0YSI0974o+1vpsQ9dgAH+YTHrZV0cIOicgiO70rfUGjx0z6Jt8/ISj2QSmOpCZUoIg7eBVOAER8pkOqTESS/obwAbEwxUuXn0bD7CgVxfUGDarO4TX4x9AsBZ7hjMQEMrQoIN/Nve2khNUegatQm5uPChWC6f1/sWoFRqWhQ+2nt28aHejSXNHzb0brZuWZS3W359gem1FYw0k0PNYi93xDhHUuwb3faYlFqkqFklJq+nzc4cWyUwQMgqpRliJ6JD2aH5PgjCxNawYhh1yq8ggpCMTlv0L6FpcF4WWsYngCgLOUcqBwkrKJl1jaPYiB0LL7kIfmPUpASizQ9ptpNxCT7WXeHdSD5JbEMHX2ORIcGFRSh0sTljGBdQRP6VzNYywWXNnOHiot0PbdrrXLr5EAmP4fUXH3d7jJ+40t102Hbv/uCeBO9mEjm0HyxHZrvz1Y2DbfViQRKJ+P2zi6+mWnEFfQSLTCT7fYXIg4vaY0+eoOL2DBX4OQ/l3s+N+ze8Wws5m6EQYr/cgip+m4Xc612bGHUznHoff37abeDOkqkO6ZuX7CJcyczRe3dhs8oPEakxDTRbDKvpnD/34papkUlazxntVzcYk1ehklRBtiahptedICZ9V89Fid5Os56Calh7PTjDvi5IzFufKnnNlPAGzYpJq4eehCBsDFsEHnavdgBnLnEXiHPZXvh2v5qwvuy+PwwwtYyq7UPzngTt8+8/ht+YokB9r+pngKwc7KL7FBV1ZBzx+CL7e/S7PhqA/mw1enMgLx1tqbS0RXKaPHlaLhX2ze67p/PquF80QQ5w2Mtg9yg43FeE+RrbIU8ANF85yt5s68+f+iY7rxSYq3JvFJPvCbywO7XaIaC8aJR5YEuEG3oYS93vPJuhdRC34xpsI7dBefmMLfoGKMK/eP7MAR6DqXbRU892O50qEmGChBZ8GM/j1+ZEPouVNRR8HUeksDAvZHpLYgmJw+biSJauYNzflD0Oz20iLZJpm+glNwLOByb/hwsGMXvOfbuZv+mQIYgtCAJDKcVgeS8XfKkZLkvRnODLSgIoe3MQluFTM50q8HPzVfeodov/1dkKV+eXDZPzhn7Yz9+hGvN8/bKfzj5/3H9qoYod/A/dxY97fxvUtEuy8HbZWcy9Eo+/VB3fw4S/SSB8h7VnXm88xSf/XL7f9+a+6/zifh7i19fa9ov/NtCAI+GJw1C9pPM687NU8LY9sY3uvC4vuP9/uWhu7cYubFX90d1/0LYlE8z7Qle18uu4n9/6KXbTjfAraraWB91VO564yXYwozaUy6Hub0a4/nyh+/49g02srG+/i4g5SrTeGiv6oad1ls4GGA/3+2SJdSjBuQ7PrYYs9QjF7RhP74NYOTSDYxQ5DBFUiOPbqSirXcy3o4L1+5n0D4k8brjJrdKGTLL29MvRwb23mdIEg7dSZ4SfotfCh7r2BnzAGlfUCVdiRV5Yi667CrMp/C20HP3D7gAoDbQBjdLygTb/rlGBr8TBJ6+Xa22Rb0Caj0dSbcYLwaa/M5l0YY5rfcV3/z5Xv97n1euoNSYNCgqoZ3OAB9cYMfqzK8mQ2Qy8tKfxaLrZQ2RN0RuJ/yGYNVT3mF0tcewlBc7zyunseSc0QXBLB15xrTHACFTaErjGw2d3d3cc7ez7TnQeTNomXnj10oxZEKYqNt4T/N7LCPh0qEphGOwyEWSN8R70WCeKzNYyg8YL2ZTNjUFVmQ7sRbzJPPH57j2re2K7SWdFAfrOICSpL+9/QLYHgwzsOaMH4vp9t6AWdLEEFhknXdkuaMFRVD/lEj/WJnXVoaHQJE3ZRfIg9DQmq2HV7GCFo8nX61o6ljN6EHqXShXKhIiE4sTXsA3oQUPAOTBFON5kGNou1QHDifbJ7pSmmKoo2sg0pnSsUXB0H77dByzUZ27mQIdED4xWp0QidtHFn5nWcStujewTcJgrMjp0nqCy5qXNDXcC/+dv3HWpBc7RFk6hIUJlaeP9AWQSBYeg1luPx68ac9pju+d3KME04u/XQW02UuAVhIN3veg6y/WsxXHcXyaVE5nSxmo6nNklAIghjEAX9lP+Vuv1Hbv8NvOl6F0CX8e0HfDC4s3dtzRko9XlCEEbNYlyuRmO2uo43d8I1uTt4Q9Laeh5O9I0Qqe3e8uMn+hCe3KBE9aereT+zUDDXzYa3CmlbvfMrbYzi9rzy/q1LZX7PO2RniUmOaKKnB5OQT/x1mOgV8z9/YVg96JdvP+0MBjStgZ6yqkcE3yn+IFXVeI4QLjKUdWYZIy+GGUSBKbhKupbK96FRT8tkRH4xsSZmYoL8O/7AnNvQkcvYnC8CE30VL+2QYPJUFvKAIn7UahvZeKVB4od+n//ltFIpJsXSm1wq8BbEolymRmhVPZavKvvAY2SMxSK5y4zROw419tplXWSRZJp+bi/ijY+kBTNW9qwfmlCoNI3L+GeiOwhlVdPnyRNxFer2+2Vc+XcAfj+xHPQ+HjbqnhKbxaE7eMrAfpxI/uvxtxkbSob/++6EDXgmOLEttSgsviNw8+w0U0SCuPqef0fHs5G3ClWoUKFChQoVKlSoUKFChQoVKlSoUKFChQoVKlSoUKFChQoVKlSoUKHC/wb+C7AruGjxN54WAAAAAElFTkSuQmCC', '', 0, 0, '', '0', '', 'bau', 247, NULL, NULL),
(4, 'Cyprus International University', 'Cyprus International University is governed by the Rectorate. The Rectorate not only leads but also represents the university externally and coordinates the cooperation of university members internally. The Rectorate consists of the Rector, Vice-Rectors, and General Secretary. The Rector is the Chair of the Rectorate and the spokesperson for both the Rectorate and the University.<br><br>Starting with 81 students and 45 staff in 1997, CIU has grown exponentially reaching 14,000 students and more than 1000 staff in 28 years. We are committed to advancing in academic excellence, encourage sustainable development, engage in continuous innovation, and to create a diverse community by empowering students to continue to achieve and pursue lifelong success.', 'data:image/png;base64,iVBORw0KGgoAAAANSUhEUgAAAOEAAADhCAMAAAAJbSJIAAAA8FBMVEX///+sHi2GIzfwUyOrGirvRgB8ABuFHzSnAA7vQAB/ACSlAACCFC1+ACGnABGrFyjwThmoABp8ABmmAAnqz9H37O2qDiLwTRaDGjGoABeCEyz839nz5OX+8/D71c2pAx3zg2nxYjvey874uKqOOEjVnqKrdH3AZ27QtLi5UFmzhIvw3N2wMDyvKTb96OT+8O3xXzb5w7j1kXr2ppXCnaPJqK20P0nivsHQkpeXTVrIe4Hcr7PXo6fycE/2nov0iXH3sKHzel2TQlGrdX6dWmW+X2bLhYpzAAC4jJP6zMLyakjmxsj1l4K+Y2qLL0ClZ3KvoEmYAAAOqklEQVR4nO1d+V/aSB8WCIY7IBCOQrFURcWjpydt1bZuW9v6//83G0KSmSRzH0z00+eXd9/d6s6zM9/7yMbGP/wDB8amD6Ad7549xdtfpk+gG5+K26aPoBnNQvGz6TNoxYtyoVB+bfoUOvG5V/AovjR9DI1YEiwUiiemz6EN71cMm2+eq804LRdW6H0yfRRN+NQMGBaKX0yfRQtuioUIxfemT6MBL8sFCOW3ps+jHKfNQgzlF6ZPpBq/EgwLvVPTR1KL7V6CoGczTJ9JKX4XkwSfmc24KacJegr1t+lzKcNPJMFn5KG+RDzRZyWKJyklA95paBW7Rk8oidNC0k5Al3gb/KEPRo8oiVd4gp4kBn9o+mj0jFL4hH+jy2ca6pr/Pho9pQTSlj7OMExp7GxNjZ5TGChLD6N3E/zBvaH9JLUN2tKjGB7WapcmTyqItzSC4JV+GOYrh0YPKwKspYcYhprmxzCf39w3elx+ECx9hHKYkzqs5T2KI6MH5sWYYOkjRG7bY99jaOdNHpgbREsfoBela3Zsj2G+9s3kiTlxy/BGoVTGVt5H5YfJM3OBZgh9NKMYeFpfMXw62uYzC8FC8Wf455eq1IddeRra5oaJYPNV9AO2HTDM93cMnpsZr6mW3kc5usLokS61zRMIM+iujI/ebfQTvq0IUc98sPiSjWChGCVM59AVesh6mPGCSQYhl9S7wlqMoT3MdJjB4qsl3ug0foWetslymMHkq/kMwc/c9RMMM234WXy1JaDCzIdKkqCnbeYGORBBzspABIEQjpJv1BfFrFpFJme0EM/n79gIhvlKNk3GO0Y12tsGP/N1iCLoUcxiN8N7RkMIF50+bqIJ5ocZzGkw+mqeOwquZ4oj6Nn9zBlFXIEpRbAACI6GSCFcXWLWJJHVlYEJdvN4gnm7b5ANAslGBCzBHtTytZMy9TDq2XJP37AxbDYhgnc1EsF8bc8cnTQYLX3zDdSAQSGYrczbFzYh5CKYKdftPRvBHmQmNi6pBPOVzGSlWGP6X4DgeIdOMF/LitF/wUgQ8mS6eaIWDdDPSH74lE3JFEHEuzGqsRDM23fmWMFgiwjhjtJ5nWDos8eQUsYOCULh0nSLjWBGgkTG5DZEcH+LjV9G7pBNjZahjuAP+GgiiSxoGjY1Wr4BP/EDlbPAoPbVGLEQYyYZhIdk9hBZJywyED+l+n6RBKGO7kceghkILphqhKCCtrHxDZOTwd2h6VQNU9aiCLWQXvIRNK5omIL6ItSRf8dH0LzjzZC+b0IEuyy+dgx1w4+UIfnbLICAfsTka8MwHeIzhITNAoh354SkGgZbZgv6DFXQHjSDx+yKAhjWMwymHo53PzK7opm5wk9ULdODxtJ/sLuiEQwn9elCCAf0Xzlc0RCG08H0rkp46v4bl6cWwHBrFFUGIYLdHU4772OI7qlZl2hSo/riO3CmIa8ZXAKTC55VO2shSA16oa0JU8aMTALIVHD3bJKrPqyB4CmNIBTQ728KEdxEzV48TJxcLtdeA0VaTAgF9CJWwgOyo323bXkEc1ZJO0WaoYACehEr4WGIcmZmpdwKVkuzLJ7QCIKAXshKeA43IsG2FMEQlqtXo1LSvxBBISvhuaN/0+X7juvkAJyczqiK8kbBTGjXFrESHkHEbNCiauVguGf6CFLeKIh3BYIlLMFIBCNMZtoYEh1uKKCfVpQRhEUwQmlXE8HXpCuEWhD2xew8SgbjIhihrUehjokEQUCPbXOioJYmuChZKII5S4+2IfmjUIVe0M7nh2kzMWsg+S21zXcNBEmJCyhjwVOYgFFJGXqkCIZoLNQzfEMgCAL6Q0GC9VQVpjNAimBEUbnhJwyJQAH9niDBzVQRJmkFk3AOFBMk5J6gCv1XMU/NTof0VykrmLrEa7UMf2MZQgE9V+0MoN9PxoNEEYwoKtWneG8GCugFCQ7vklbiAW0FE3CVujZYSwFV6AUJ1tM5mY7rMjDMtRV2hWGr2dIE7bSO8TBmeaU5R6ELfotxSKEumUMhgv0Kps47GzBQLJ2rIoi7QqjnXszQD3ewVu2KgaJzpIoh5gohO8jRQwIBIYIQRazLBqDKYpygrxAaAd0XIYgWQYgi/RZVXeIXpCKFWtKnArUlvAhGmLXol6hEEsfoKwRbSEciNzjcoc9THFCNhhp1+h55hVBOpi8Q8NaZatjHVMuvJBZGqhko8ZseH6TCrrOtFBq1yO63d4l/5An+RDlskK/2yJ82rOVZvZFzqkKtyg8PoUxFEwSEH/gNYeUbu898RXNuJheyBE9RV9gDapRfy2xxjcDmKO/UsmQZvkUwhLQMd96wz9mP16lSLrEkq2sQjxRakUueXEKAxUjEMaOYDPdKjiAihQjNme/xahk2IxE/AUXZWK4cQ4QmbUZCyOussRqJOHYprk1DrqSYzl6AfR0jzoCJ3UjEQVE2ks80vf4XhISXfEJYuRRMrCzILrh1LEMwLYbN6J+hNgUQwGckYrDIl9iQyWakmoPAG51zmXpEwpAdF2Sz35LJfyfLTVBUj94UgEEtL5Oi7pKfqSNTxEgqmmIkSlxvNF2U4APZJlo5iV+9HVc0YKcMV0y4Kbuq5IF8iSUJQYx3JkAON4cetRW0pDtEXdOSSNfEHynwR/fZ1YyoFYzhivhMZSxiLIEBqZkas5oZXqrY/kB+phJ1qHgTG8jM/GD2RwUcUSSIpSgJ1zSWCu5FcX2X+Y1SEobsOCBmbNrCtihm8MH2sT3G4RBb3WzWLtHoD4Sdb5hhLyrCIPceIdC31RWHOsQYStyrgRmWea+QP9glYEwM9d170d8LRYcgpmCUQmQXpTiIIZR4sRS6Q7B+7JBJkVYUjy39IakacXMBGIJlqhtMDumm6omQe5LNFw8RAcPoOw0bH1kYKrMSERbEXMZE9NeCKUoQ+LJETchedDmcE72aquivjSqHwFTMGYKKuoaJF7K5aIuq7aiwBukZuqnY1DGDPSf6beJOTfhKwQdh6N2/ehasdtskhuIRYtCu14vGYFK7RtdEUBvDIKfPYQx1rcjVxfBdEAJHf+Mv5ZFqG6vTxfDGZ9jcDv8/Lc0tlLZngi6GK8cUJKD2yQzr+rbjknVpSViXroJ8MGfwlWgrKhrXrWiyh8G8KKg2ER0arV+KIWdqquK9pr4yjZqfuiRNqncL4DXRL22I/+JlM00zCg2JtQq9E/QXxNhCIuu9jC7Al0RIikbz+PWMGB/KtEY1YVVKyCIONS/qOCbF+FJ9Q54ggjVBj9hcvv1XAQsSyHkamTLw6yK0J+gSq0q1xBMQyMZiIjPMdlqEzCHWZ9O+xmJBzpdKNWHeQoOFOIL611h8J+a8Zcpry6ao6JVizaH+lU7kphoJc7hED3wtFNMLrF3NUMTQkuyj/Rz1knYxORr9V0jMJUpPz5yWwzQUprS9hqXN5Kahieww4nbol2LucKj9G6LkR5pryLYnnoTf8MMw3JRmQAO5yJ1zpafY3gWqBs1Q/8rmLrljSMGw5Xg7+F+ktdjUvlicnNFX0AjtuW5BBd9GmPw1bPslet0KxHCJILpAeW3696heU3oTJVtoVzhdXSLK89b/8dAjSn+pmlnSE19dIaIn/Y+UcoW5gaIBNr+Kj4iA9WtSlzKPMFA58YzIYlAn0GRxT5kpkeq9TAGRiapo/qTPnDZvIRcbJpEOn7TvTT+jja+V1P77Uhlh3VvFL2hTlrIDJUmkmoWA173QsRWnQ10eUVXsUaVUDehcc4X7IfAY0+a6lM7k+0i1tNVDRbNouaq3jbCMyaoyhgCJr2zZdvgPPN+xpVgkNq6oo85STexoJMprkUfjD3s21O7g2qUKYa6lfuvXNC6IdlhQW2X72irfzIJY9V1doXzsm0Y8CO4HWxHCmQ+FFBc0U7+8QgWRYQpx5zs0h5F3rIwiww3qucKEvQj9bjDUUlUjGRd0GfQUqZ7de0iG0MRHW7hfFwJ9TVROdiwPj1hjWxDgz+EnNZB29scH9I0YOVVLMdKINScGdxhvjXSP5TypjsO0REn5PrMI8MhTwDAxIOhIGcaLNs1VW6GqLX0CzzwFH6FITc8NzkT/9fMzlv1JHiYq5B0DKOMW2MN0EOeUxEzVfYllkVlOi78GAHV6Bz4NKqHZsvhN4/WEZceXD7372UFiOKgcIscDrcYRn7K7Ph6wSeDyv5/GN7oRu8S+71VgHCynccR8j+MFBz/1YWESIIaq+xoF60JaA/eexXR0ribUZTswBrrT0MB1WyUTCdrBcktHF2SZ6dwflZgsYISS8rg3hSgjtcrTkJMN1qRhza7RVzlf/LEatJxvEhPVoTYC0f6ylUGkpvwst9VoHc0urh/mo64nut3RvHN9MTvy/i55iBkF7ULo4zHwTldBPnHsCqI5aQ1KpXa1Wm23S4PWhPfuwl+zlo95dUNJ9FNR5FYJtbCk1mBw4GMdUjXk9la1kFxHw4HAAfd9b0qvhEqsQY2GCAYTfEEcM6Qc1KCtYY83FsE79WvAVGWqiqCubwag8a0WhflrUjWKkkDM6Pq7I/z6Gr2CogJrfaI+VgkNv0efsuhIBaw1KpkI/heoh8tRIEpflgI4rbWZCRjLLxvaQ+8vHnQ/Uze3JkOPoui3l1L6lmTROtPcL4DH/qbt6xraZjw5VNcQTWAxHfrrLMcaGTomdAyE7l19mY/SZxJbwqlJZTj8z7vEriZd45T0Jp3YMF1KIq15SQyto/V81pGG7lKVc+TKWOFUddRAhXGt+p1a7QPjEhjHQUPlLVqDY03lMwksXK6sJ5Ffy127n82EXUcJR2tgrTlQ4sDiuCEbDjuN42zeX4jzg7ZYnnB1fW77IHvyl8T83m2IuTjOYMJU6MgAzmfVAe9NuoPqn+xfH4Tzq0ljwiqTzqQxmD0peit0dg/cRovyCa5lUcM92M2GdyaC+fXVmVMaTFzHiWdzLMdxJ4OSezZbdNZSitCJ8eh8cf/97MgZVNslH9WBc3T2/Wr3fP7kycUx7o7mS4y642fG7B904n/5lGrgkRqGsAAAAABJRU5ErkJggg==', '', 0, 0, '', '0', '', 'ciu', 247, NULL, NULL),
(5, 'Cyprus Science University', 'Cyprus Science University was established in 2013. Following the establishment, our university experienced rapid growth in a short term. By 2014 the university started to accept students, and in a very short time the university got recognition by TRNC, Turkey and overseas, and became a preferred higher education institution.<br><br>Our campus is located within the boundaries of Ozank?y on the road of Bellapais, which is known as the most exceptional neighborhood in Kyrenia the most beautiful city of TRNC.<br><br>The superior qualifications of the administrative and academic staff, the excellence of classrooms developed laboratories and social venues, in addition the central location with everything around makes the university a preferred choice by prospective students.<br><br>Every effort has been made by Cyprus Science University which is located in the heart of the city center is being made to ensure that it has a distinguishing quality that makes a difference in terms of educational quality.', 'data:image/jpeg;base64,/9j/4AAQSkZJRgABAQAAAQABAAD/2wCEAAkGBxMTEhUSExMWFhUXFxgaFRgXGR0YGhseGCAXFx0bGxgYHSggGxslGxodIjIhJiorLy4uGh8zODMsNygtLisBCgoKDg0OGxAQGy8mICYtLTI4Ny0tLS0wMS0tLS0tLSsvLy0tLS8vLS0tLS0tLS0tNS0vLS0tLS0tLS0tLS0tLf/AABEIAMgAyAMBEQACEQEDEQH/xAAbAAACAwEBAQAAAAAAAAAAAAAABgMEBQIBB//EAEAQAAIBAgQDBAcGBQMDBQAAAAECEQADBBIhMQVBUQYiYXETMoGRobHBIzNCUnLRFDRigvCSouEkQ8IWU7LS8f/EABoBAQADAQEBAAAAAAAAAAAAAAADBAUCBgH/xAA3EQABBAAEBAQFBQABAwUAAAABAAIDEQQSITEFQVFxEyJhgTKRobHRFDPB4fBCUnLxIyQ0gqL/2gAMAwEAAhEDEQA/APuNERREURFERREURFERREURFERREURFERREURFERREURFERREURFERREURFERREURFERREURFERREURFERRFXxmNt2lzXGCjx3PkNzUckrIxbzSkjifIaYLSjxftW7ytnuL+b8R8unzrExPFHO0i0HXmtrDcMa3WXU9OSwbeMuKcyuwPWTWa2eRpsOPzWk6GNwotHyTRwjtYDC3xB/OP/IcvZ7q2MNxUHyy/NZGJ4WR5ovkmm1dDAMpBB2I1FbDXBwsLHc0tNFd19XxFERREURFERREURFERREURFERREURFERREURFERRFyzgCSQANydBXwkDUr6AToEtcW7WKsrZGY/mPq+wc6ysTxRrPLHqfotXD8Mc7WTQdOaUcVinuNmuMWPj+2wrDlmfKczza2oomRimClDUSkRXQaTsvloFfCvoVzh3E7tgzbaOqnVT5ip8PipITbT+FBPho5hTh7805cJ7TWrsK/wBm/ie6fI/Q1v4biMcujtCsLE8Oki1bqFu1oLPRREURFERREURFERREURFERREURFERREURFEWPxftDasyvrv8AlHL9R5VRxOOjh03PT8q7hsDJNrsOv4SZxPjF2+e+0LyUaKP38zWFiMXLOacdOnJbsGFjgHlGvXmqj4ch8mhMwCNjOmhMaTzqJ8JD8qmbKCzMpMJgXe76GIbUEHllBJn3V1Hh3vk8PYriTENZH4m4/KrH41BVHVTXYWljybPo/RkrmtpcbWe8Z69PrWhO7wMoj0sA+6pQjx8xk1okeyDwzPda2mhCBu8dyQpy+0mK+OwofIWt6X79EGJyRB7+te3VUUskhjtkjMDvqY+dVBCS1x6K0ZQCB1XrWoQMTudBB2/MG2OukV06KmB6+Nkt5aP96LT4R2hu2YU99Pynl5Hl5bVYw3EJItDqP9sq2JwEcuo0P+3TnwvjFq+O40NzU6EfuPEVvwYqOYeU69Fgz4WSE+YadVoVYVdFERREURFERREURFERREURFERRFU4hxG3ZWbjR0G5PkKhmnjhFvKmhgkmNMCTeLdp7lyVt/Zp4esfM8vZWFiOJySaM0H1W5h+Gxx6v1P0WYcLNr0q7KQH1B1Y6GBqBHM86rmEOi8RvLdWRNUvhnnsvcZhVFu3cScrSrTuHG4020gik0TRG2Rmx+6RSuMjmP3G3ZWrpL28Pe3KMLb/2kMpPsqy4GRscnMGiq7ajfJHyIse+66xvEB3n/wC+DlzCIZQZDSNM0CPEGvsuIaLd/wAxp3F7r5Fh3aN/4HXsa2/lUeKXEe4z25hjMERBO431E1TxLo3vLmc1aw7XsjDX8lLjLyXRbJbKyoqMCpPq7FY8ORippXxzBpJogUf6UUTHxFwAsE2Pfqi9jQfSMsqzMmXwVNteu3uo7ENIcWmia+QX1sBGVp1Av5lS43ErdQFB9rcZfSKNpUGGH6i0+YNdyyNlZ5ficRftz91HFG6J/m+FoNHvy9laaP4uzY3S1lQjkTBL6eJJqUkfqWRcm6flRC/0z5ebtfwst8OACzHKWJ9GoGp13jkv+Cqjohq5+l7Af7ZXBKbDW61uf9zXOIw1yy3eBUjYg+3QjY/GopIpIHa6LuOWOZumq3+EdrGWFv8AeH5h6w8xz/zetLDcUI0l19VnYjhYOsWnpyTdhcUlxcyMGU8x9elbUcjZBmabCxZI3RuyuFFTV2uEURFERREURFERREURcXrqqCzEKBuSYFcucGiyaC6a0uNAapV4v2t3WwP7yP8A4j9/dWPieKgeWL5/ha+G4WT5pfl+Uq3rzOxZmLE7kmTWK97nnM42VssY1gytFBdvhSFB7xYgNAWRlPOetTGAhgPM67clEJgXEchpvzUvCsWLb94TbcZbg6qfqN66wsvhvp2x0K5xMXiMtu41CluXRZ9LZ7l1SwIM6AjnpzjSpnPEGaPRwtRtYZ8surTSpXb7NMnQ8hoNo2Gmwqq+Z7t1ZbE1vJdW8MxAPdAO0kLPLSd9aNgc4Xt3O6+OmaDX2F0uLtplMMCD4/TrXD43M+ILtj2u1aVzUa7QqkmACT0Ak/CumMc40AuXODRZKku4Z1EssDbcHXoYOh86kdC9gshcNlY80CjDYlkcXFPeXadeUUjmcx+fmOqSRNewsOxVzhVxfSNcc5rgBKKfxty1206eFWsK4F5kcbdyHUqtiWkMDGCm8z0C7w9k3rjM2ZFHfvzJEiTAG8nkPOpGNMrzegGru64e4RMAGp2b2VXGYYKFuLIS5mKhvWABjXqPGqs8QaA9ux6qxDKXEsO46bLjB425abNbYqfDn5jY1HFM+I2w0u5YWSjK8WnDhPatHhboyN+b8J8/y/KtzDcTY/yyaH6f0sTEcMezzR6j6/2mMNOvKtW1l0vaIiiIoiKIiiLI47x1MPCxmciQuwHiTVLF41uH03Ku4TBOn12CR+JcTu3zNxtOSjQDyH1rz0+KkmNuP4W/Bho4RTR+VTqtSsq3gxbDFbysAwgNtlnZsvMfSauQNY05ZQRfPp6qrMXuGaIg1y6+iuekxFj7M3mRBqjKMysOWUjkelWc00JyF9N5Hqq+WGbzhlu5jYjus3FXs7s8RmJMVQmfneXBXYmZGBqiqJSKfC2J7xByggabsTsq+J+AqxDFm8x2+/ooZZMug3+w6lMmF4XrkKI90qDczglba/htrGzHr4VsMw9nKQC7newHIBZEmJoZgSG8q3J5krwcJBb0SlrLxPon+0tsBuVP+Gvn6YE5Acp6HUHsvv6kgZ3AOHUaEd1XHZy7mg2V8/SEW/d63smov0Ds2rB89Pypf17cujz8tfwrQ4aiH0RLXX3Nq0PRoP1t08zU4ga05Dqeg0HuoDiHOGcCh1dqfb+l5ieG7qtpUuKuttSct234E651PPrHWvj4NwGgEcuRH5C+sxGxLiQTvzafwUtYixlMjVT6p56bg9GHMVizxZNRt/tO62IpM+h3/wBqPRQmoQpSr2B4gVNtWP2a3FcwOm89auwYogta7YG1Umwwdmc3cilYw1nNdu+k77LaZ7YYyDsR7MpmKnbHmldn1oWOnooXvyxsyaWQD19fqqIs5yMggd3MToqlvHkvnVXwhIbZtpfQFWfE8MefU611I/KgqqRRpWBstHhPG7tjRTKc1O3s6Vbw+Nkg0BsdFUxGDjn1O/VPXCOKpiFzLoR6yncV6PDYlk7bavPYnDPgdTlfqwq6KIiiIoiQu2n8x/Yv1rzfFf3/AGC9Hwr9j3KwqzFpKxgiFYXHts6A6xoJ84iRvFWsPTD4j22FXntwyNdRWni7aejV2Ny/bklXDBSkx3GkEzz6dKvytYY8zrc3re3oVRic8SFraY7pW/qFkYi/mgCQizkWZgHWs2WUvoDYbBaEceWydzuVIMC8AtlQHm5C/Df4V0MM+rdoPVcnEMum2T6f6lPhuG5/V9Jc/QkD/U/7VPHhAdrPYfyVC/FZd6Hc/wABMnC8ALRDOnfAi1aU5ioO7E7ZjzY1qwQ+GQXDXkBy9e/qsqecyAhp05k8/TsOi1uFYJkzsxk3HLkdJ0iecCrcMRZZPM2qk0oflAGwr+1PisDbuEF1krMHpNdvja424KNkj2AhpUY4Xa/L8T+9fPBZ0XXjSdfspMNgktklFAJiTzMbb19ZG1ptoXL5HOFOOyg4pg2Y2nTe22aOZGxUHlIriaNzi1zdwf8ABSQytaHNdsR8vVY3E+Fi6WNoDMfvLTHKZ5MOh8djVOfDiQksGvMHT3HqrkGIMQAedORGvsfRL+K4UyestxPFlzL/AKk/asyTB5dwR7X9lqR4sO2IPvX3VT+FJ9Uq+k90yf8ASYPwqucO7/iQeyn8dv8Aysd1LgcQfu2uFLbaMQATG8TvHtruCY3kc6gVxNEKztbZClv47PFq0hW3PqL6z+LHmflUj585EcbfL0G57qNkGS5JHW7ryHZQcRwhtOVIjmJ1MHkY5jY1BiYDE+v92U2HmErM3+/xVeqqsJn7Bn7S7+lfma2+D/E7sFj8X+FvcpzrdWEiiIoiKIkLtp/Mf2L9a83xX9/2C9Hwr9j3P8LCRSTAEk7VnNaXGgtBzg0WVsYDGW2UJPo2C5Rm71ptZl1OzeO1asM0bhl+E1Wu3us2aGQHN8Qu9NHDt6KnxS6c2U5QQALmTRSwnWBpIB981WxUhzZfnW1qxhmDLmG3K96UOASbqDlmE+Q1PwqDDi5W91LOajd2TPwvCT6MAIHe2bjOyZ2JLcpOm9bsMYNVVkXZFndYs8hGa7oGgAaGy2EweIDffgoRr3ACD/TGnvq0I5Qfi07fZVHSRFvwa9/ur2HwwTYb7k6k+JPOp2sDdlA5xdup66XK8miKP+ITNkzLm/LIn3b1znbdXqusjqzVopJrpcoNEVfEYVX9YajYjQjyO4rh7Gu3XTHlmypHAX8xP8Q2WBlGVf8Adpr8Kh8KW/j07D6qfxYg39vXufosnitkjPmCM1v0ThwmRtWggx5VUmZV3VijdVzVuB91VgGxV2Nkq4lYdh0ZvmawZhUhHqt2I2wH0VnDY51TJaUBzOZ1EuRpAB5eyrMWIcGZIx5uoGqryQNc/NIdOh2Ur8MuC39oVU6siMe+xMTA3Gg99SHDSeHTzR3A5kqMYmMyWwXyJ5ALMrNWgmjsH95c/SPnWzwf4ndgsfi/wN7pzreWEiiIoiKIkLtp/M/2L9a83xX9/wBgvR8K/Y9z/CycPKqbiNDqw23AM973wPbVWK2sMjDqPsrUlOcGPGhH16K8mKN5Xa7ZVsqk+lAyweWaNGkwIq2yXxWl0jNue3/lVXReE4NjeRZ23+XRZNZhK0aVnAesT0Rz/tIHxIqzhQc5PQFV8SRlA6kfdO9vDMt6xlOgtZHBHJYgjprXoRG5sjKPKivPmRro32P+VhbdXFTXk0RQYnGIk5m1gtG5IXeBuajdI1u67bG52wWV/wCpLWZJ0RkzZiduWUjearfrowRegI3Vr9BIQa3BqkpWWUYkP6UZRczZ9dpnaJnlWM2hiM+fS7tbTg44fLk1qqTavaW1NzmiBSGGubN0XetkY6Ml1bBYpwEgDb3N+y1rOLRpCsCQASOYnUSOVWmva7Yqq5jm7hTA12uF41ES7jsMxTGMxBJXugclUFl+vuqhKwlspJ/8DZaETwHRBo0/k7pR4iftXPVp9+v1rz+KH/quW9hv2mhcYPEm24cEiN40MHQx4xXzDymJ4cF9miEjC0q3h7Du+TNGTNcLtqyiBqYJ1206mrbWvc/KDtrZ3CrPexjM1b0KGxVG8mU7ggiQRzB8DtVKWPKeqtMfmHRMvYP7y5+kfOtTg/xu7BZnF/gb3TnW8sJFERREURIXbT+Z/sX615viv7/sF6Phf7HuVV4fjbC5Q9kkgEFg3rAzIZToR+wrmDEwNoOb79e4Xc8EzrLHf12KOL4gOqlbxZZ0t5MgSNdQNDvv519xcgc0Fr7HSqpfMLGWuIcyj1u7WYKzqJKv3QW7wLhRdivSPStyUAg5B1YwJ6VsYPCm6+f47rKxmKAF/IdfXt06pqwt9c2dmANw9wHSVXQRPXf21rse27J327LHex1UBtv3WlNTqBZHGOLi0NIaCBcAYSgbnHM1UxGIEY016+itYfDGQ66dPUpdwOBv4qGzFUXMFusO+wPIEHUfDes6OKbEEOugL1O5WnLLDhgW1ZNaDYFbGG7O4dRBUk8y2p/arbMFA0ba+qpPx87jvp6JJtr3gOWYD4159oHiAcrXoHE5CfROeJ7NWGHdkMNiunvG3yrefgIXDTf0WCziEzTrt6rIxWHv4UyzEozKWup62nIk6+w1VeyXDHzHQncbq5G+HEjyjUDY7Jo4PxYXVlgFYklVzAkqPxRWpBiBILOhO3ZZWIwxiOmoG/fotC5cAEkwOZOgqwSBqVXAJNBZlzEW7nfU5rZm1cPIg7EHmATE+JqsXsf5m6jYqwGPj8p0O4StxvhTI2U6mO4351HL9aj3isnGYUg1z5eo6dx9Vr4PFBwvlz9D17H6LErJWotfBC41po9EgbuPcZsrECO7qekagVqReI+I1lF6EndZ0vhslF5jWoA27qtibNtQPtvSHKQMgMAiMo734d9qhlZEALfZ9PopY3yE6Moev191tdg/vLn6R86tcH+N3YKpxf4G9051vLCRREURFESD2z/mf7F+teb4r+/7Bej4X+x7lZ1jhd50NxbZKiddNY3gc6rMwcz2Z2jRWX4uJj8jjqqdVjorC0+FYWdZynKWZ/yIsgkDm5II8PbWjhYdM3vfQflUMTLrlr0rqfx90z4ThZdFktatgDJbQwSN81wjcnpymtePD52jk3kB9z3WRJicjjVOdzJ+w7LzthYH8NMeoykeH4fka54ky4LHJdcMeRPXW112ab7Ir6f0jdDrl9h1I1rrBaMrPZ+y5xusl5KH3WJgMGcViCbmUrbMOyiM55D/ADkPGqEcZxMxz7Df1K0JZRhoQGXZ2B5JwFvL6sADly8h0rYqttli3e+64xN8qhYjYEnXkATXL3FrbK+sYHOoFfNVkQ8aZviNYryoBsScrXqzR8novpgulgGC6MBueuor1mYnUDdeTLQCQTsvLtnMCrwRzHI+dC29HIHZSC1J74ZsLiglsqA5AR2EwCdR4dD5isbI7DT5WbHYnl6Lb8RuJw+Z+43A5+q1u11q0yd67ldQcqgyGjXVeXnVziDGOZ5nUR9fZUuHPka/ytsHn091ocDwoOEtpyZNf7tfrVjDRj9O1voq+KkP6hzvVU8dg2RCt52u2ty8Q9o8mEbgfCopI3NbUhzN68x6qaOVrnXGMrunIjolfi2EKM0xmBAaNmkSGHSRuOR86x8XDlJPP7+v5WvhZg4ADb7en4VK3bZiFUEknQDqelVGNc8hjVac5rAXFTY7h9yyQLi5Z22IPtFSTYaSH4wo4cRHN8BW92E+8ufpHzrQ4P8AG7sFn8X+Bvcp0reWEiiIoiKIkHtn/Mn9C/WvNcV/f9gvR8L/AGPcrvhvaY2rItejllEKZ09o8Klg4l4cWQjUKOfhviy5wdCsCayXGza1RstHg+MKMNJyyQOoPrpHiNfMeNaGDmo10+3MKji4cwvr9+R/hNeCZ7TIqw+HcjI06pm1C+Kzt0mtmPNGQBqw7enosaTLICXaPG/r6rntndAw5XmzKB7NT8BXHE35YCOq74YwunB6BJN7RgQSDlTbQjuisCVxDgQeQ+y34wC0g9T91YwHE7tkFUIgmSCARPzrqHGSRCm7LibCRym3brUsdqro0KK3lIP1q9HxR50LbVKThce4dSk4n2mz23tNaZGYRMyRO+hAqSbiGdpYWkEqODh2R4e1wICymxto4cWcrSHz59NzpET0qmZYvA8Kjd3auiKXx/FsVVUtfB9qSlpV9CWyqAWJgaacgY99XWcSyxgBhNKk/huaQkvAtQYjtZdbZEX2k/tUL+KvOzVKzhTBuSsrHcRuXYDsIXUAAAD3a1SmxcktB3JXIcLHFZbzVdD6xO+U6n2D61zGc2Ynou36ZQOoX0LsxiA2Gt+AynzXT9q9Lgn54GleaxzMk7gqeOxjXJZkiyh0EybzAwgA5LOvjpUckjnWSPKPqeSljjazQHzH/wDI5+6UeJ3yzkEzBMnqx9Yjw5DwUVhYuQufX+vmtzDRhrLA/wDHL8rnh2LNq4twCcp26g6GosPP4Mgf0XeIhE0ZYeav8f43/EZVC5VXXUySTp7qtY3G+OAAKCrYLBeBZJslX+wn3lz9I+dWOD/G7sFX4v8AA3unSt5YSKIiiIoiQe2h/wCpP6F+teb4p+/7Bej4X+x7lVDwoKB6W9btsRIQySJ2zR6tR/og0ed4B6KT9WXHyMJHX8KhetlWKncdNR4EEbg1UkjLHZSrbHh7cwXisQQQYI1B8RXLXlpBC+uaHCim7hGKLWHAGiZLijpJzFfKQY8CK9FBJmiPpR/pefxEeWUetj+LTBi8FbugC4oYDadavviZJ8QtUGSvjNtNL5tjyvpXy6KGIUdADAFeUxNeI6tl6qC/Dbe9KGq6nWhwHDXXu/ZEKVBJY6wDpoOZ6VewMcjpLZpSpY2SNsdSa3yW0+Ji3cZQ5u2LYUPcXvHOdWg8hHOtMvpjiLzNG5GuvNZwjuRoNBrjsDpoNl6An8Sqm2pd7EuY2bK0wu0mKeXxw0tFluvel88/gFwcaDtO1qt2fu3GCoysLTI1tMolJM5mcddqiwjnuAa4eUggVt3KmxjY2kuaRmBBN7+gCXWWCRvBIny0rFkGVxC12mxaK5XS0ezmU4m2GAIMiDqDIPKr3DwPHAKpY8nwHEJ/vRbtsVAEAkACBNeldTGml5ptvcLS32gusgCD/t2lYfqY+jzf2ifaazsY8sbQ5D6nS/ZaeDYHnMf+TvoNa90pCvPHdb6lsWg0jMAY7s7EztPLSpYow+xevJRSPLKNac1GykEgggjeRXLmOG4XQeHDQpm7CfeXP0j51q8H+N3ZZXF/gb3TpW8sJFERREURIPbE/wDVf2rXnOJGsTfoF6LhovD16lZGPcG47AzmYmfPXXxqnPrITd3qrkAqMCqrRdY1IyaGDbWCRE7iR4V3iW1l7LmB15u5Vcmqqspr4czJauhQGd3SyoO0hQDPxr0EJLGODRqSG/RYE4D5GlxoAFx+aacMhCKDuFAMdY1rUaCGgFZbiC4kKnxHgdm9JZYb8y6H/n21BNhIpfiCnhxcsPwnRI+H4SzXHs5grpOjaZo6H4159mCLnuZdELffjA1jZKsFSXOA4lDohPijA/IzXZwOIYfL9CuRjsO8an5hcqmLttni8GiJgnTprOlfAMWx10bX0nCvbVtpRL/EZzci5n1lspnXTp0qP/3OfPRtSf8At8mSxXddYfB4mCES8FO4EgHzrpkWKqmg0uXy4a7cRYU1ns7iDqUCjqzAfAa103h0zt9Fw7iMA2N9lze4OReSwHDO3rQNFHmfDX3UOCyytjuyd19bjM0TpaoD6p64fwq1ZHcQA9dyfada9BDh44vgFLz02IklPnK64nadrZW2QG0jNtoQda6ma5zCG7r5C5rXgu2S5xh/SraeINy1dUjoyw0f6lNZ+IPiNaeoI91o4YeE5zejgfY6fYpUFedW+rmFbJbNzIGJbKpZcwWBJPSdRE1dh/8ATiL8tm9NLVSUeJIGZqFa0atcYjid24uV3LCQdY5eXLwriTFSyNyuK6jw0cbszRRW72E+8ufpHzq/wf43dlQ4v8De6dK3lhIoiKIiiJA7ZfzJ/Sv1rzXFP/kewXpOF/se5Wdg3sqJuIzsDooMKR46TUELoWtt4sqeZszjTCAO2q9xb+lzXQXJBEgjRRsII0AmBECu5j4wMgJ0+y+RDwiIyB+Sqg3+dVGVmFqy66NJr4c8ZcpUuLjuqscouBxAKNsSBy8eVegiO1Vdk6876FYMwu7uqA05VvYWza4scwV7NxNO8xAyr/cNDVsTm6c0hUzhxltrgfutPNVhVlhdoOEs5F+yYup0/EB9fnVHF4Zz6lj+IfVX8HimsBik+E/Rc8J4zbuwrjJdGhU6Ty0/bevkGKZJ5XCnDkvuIwj4vM02081rADNuwkeNWtAVTskLxIk95t9NfAeFBWuq+m9NAvEAy7kzPXnQVSG7WTxXjKWvs7QD3ToANYPjHPwqpPimx+VgtyuYfCPk88hpqn7O8HNubt3vXX9bnE6xPXrXeEwxjt79XFcYzFCSmR6NC2XeBMwAJM1dJpUQLNBZh4ncYlUsN/SzEKhHUnf2RVbx3kkNYe52VrwGAAueOw1KxMXiFCr3wwW8bjsBCCZlEnViZ5fCqcj2gDXY3fLsOquxMcSdN21XPueiVqwCATotwbarVb+JsopXMqRqVOZCSSTI2B1jXpWk79RCxuTauWoVBv6eZxzVd89CqWNxbXILBQQPwqFmeZA57VUmndJWYUrMMLY7yn56re7Cfe3P0D51ocH+N3ZZ/F/gb3TrW8sJFERREURIHbL+ZP6V+tea4p+/7Bek4X+x7lZGGuKrAsgdehJHlt41The1rrcLCuStc5tNNFaNviJuAoQ2zBLVtQEJIIBMa6e3ar7MQJBlN9gNFSfh/DOYV/3E6rMv2GRijCGGhrPljMbi1yvRvEjQ5uy6s4hl0EEHdSJU+zr4jWuo53s7dFzJC1+p36pg4V2gbRGlgdMjGfYr8/JvfWthsffl+h/g/wAH5rKxOArzDT1H8j+R8kx4LEgBdZRwDbJ8fwnx6f8AFacb9uh2/CzJGGz1G/5WgBU6gWbxXgVq/qRlf866H29aqz4OObU6HqFaw+Mlh0Go6FZQ4bjrWlu8HUbBt/8AdPzqr4GLj+B1j1Vvx8JJq9lH0XXpeI6j0VvXnI/+1M+O/wCkf73XzJgf+o/72Xh4Vjb2l28EXom/w/en6fFSfG+h6IMRhIv22WfVavCOCWrGqrLfmOp/49lW4MLHD8O/VVJ8XJN8R06LSOlWFWWbir4YM7fdICT/AFEf+I+J8qge4EFx+EfVTsaQQ0fEfp/aVuLcdZ5Uif6NkH6ubnw0HnWTicdyPy5e/X7LXw2BA1Hz5+3T7rFvXmcyxnp0HgANAPKsqSV7z5itNkbWCmhdYRQXAYqN4zaLMaT4TFSYcAvGb67LmYkMNfTdX0UWpNvEfaAZmCD7PxGadT7Iq4AIrLH+beht2VQky1nj8u1nfus265Zix3JJPtrNe8vcXHmrzGBrQ0ckydhPvbn6B861+D/G7ssvi/wN7p0reWCiiIoiKIkDtl/Mn9K/WvNcU/8AkewXpOF/se5WHWatBa3DsXCOFUIFtkuy6OxJhQG5akbeNamHmGQ0Koa1ueizsRES8Wbs6A7DrooL9g3E9IiZURQoLMJcyZgmJOuwqOSMysztFADnzUjHiJ+Rxsk3pyVGs9XkCvocQbXwgEUU04fFlsNeRTBCi4vUKxlo8VYN8K9AyUuhcB39jv8AIrBfEGztce3uNvmKTXbMKNZ03PzrUGyyjuukcHYgjwM19BB1CEEaFdxX1fERRF41EVa/jraTmcCNwNT12GtRulY3cqRsT3bBdYfELdUMpzKRv+/SjHte2xqF8exzHZXaFKl66EsBBOVne5BO1tDKr5Ex7zWY9wZFXIkn2H5WqxueXNzAA/8Asd/klksTJO5Mn261gucSSStxoAFBCKSYAknYCvrWlxobr45waLK2cHh1a2VTK4yk3Vy/agj8STuB/wDtakUbSzK2iK1081+izJZHNfmdYN6a+WvVZ2JdVGS2XgxmzgDbbQVTlc1gyMv1tXI2ucc769KVeqispm7Cfe3P0D51s8H+N3ZZHF/gb3TpW8sFFERREURLnabgDXj6W3GeIKnSY2g9ay8fgTMc7N1p4HHCEZH7JLv2WRirgqw3Brz743MNOFFb7HteLabC4Db9DofEb0Y6l9cLWljXF18zOq2lHcAiQPyqm+brNaEtSuzOdTBt+KVGK4m5Q23nfv1voq+JwxIDquVWBKrmliF0LR/nOoZYcwztFA8uenNSxzUcjjZHOtNeSq1SVtavBcUBAOsZgVJAzI4hgJ0kETHia1MHKKo8r9wVm4uInUc69iNvnstN8WhGQtfKxEG7aUQNNYNXS9pFEu+YCpiNwOYBt/8Aa4qW1jLIyqllBGgy3lDHyIOp8zXTZYhQa0ezha4dFKbLnH3aaV98U2TPYdnysM6NqwH4tDDZhU5ecuaM3W4P1UAjbmyygC9iNr5elLQfiVv0Xpc4y8iOfgBvPhVgzMyZ70VcQvz5K1WaL5FtWxJY3GkraXn0GVfDeTFV81NBl3PJWclvIh2HM/lUT2iCSoFpeoAZo82UQT5VWOPYw1oPmfsrAwDnizZ70PuqTcSsk+pZHktxPioqE4qE8h9R9lP+lmHM/MH7qlxTGqwIUgyFWFBCqibKMwkydfZVbE4hrhTT025AclZw0Dmm3ep13JPPRZlZ4Fq7dK/griIoZlzq+ZHjRk2Pd5TGuu8RV6AsjYHEWDoeo7KpMHyOytNEUR0Pdd46yLZFxHXLA9CUPeMHduYI1k9a6ma2PztOnKv5XELzIMjxrzvb2WezEkk6kmSfE61nucSSSrzQAKCmwWCuXWy21LHn0HmeVSRQPlNMFqOWdkQt5pPvZ/g4w6GTLtGY8tOQ8K9Lg8IMOyuZXnMZijO6+QWtVxU0URFERREURVcfw63eEXFB6HYjyNQzQRyini1NDPJEbYaSbxbsvcty1v7ROgHeHs5+ysPE8MfH5o9R9VuYbiTJPK/Q/RYdlgG7wkayPeJ9m8eFUIy1rvMFekBLfKVaxmJU27SKSSgaWIy+sZygdBr76sSzDIxjDtevfkoYojne9w3rTfbmuLWCm2LhYKC2RdJk85jYbVwzD5mB5NWaC6fPT8gF0LKqsupBjQx12qs4FppTtNi0RXK6QRQIr+D4mykZiZGi3F9dR0M6Ov8ASavw4sgjP8+f9hUpcKCPL8uR/B7LXHEB94BaDf8Au5u6Oreh39JGm1aPjD4hV9eXeuqz/APwG66Vr2zdFj4ziJYkKW19Zm9d/Mj1V/pHxrNmxRNhnz5n+vRaMOGDaLuWw5D8n1VEVRKtr2i+rq1bLMFEAkxqYHvqSJhe4NC4keGNLitHAIQrNakX7ZJcMAZXY5QRy5ir8LcrSY/jbvfMKlM7M4CT4HbVyP8AtlFextt7bD0eRzBlD3CRzyn1dCdqjfPG+Mgto+m19l22CRjwQ6x67/PmqVu2WIVQWJ2A1PsFU2hziAN1ac4NFnZNHCeyRMNfMD8g39p5eQrYw3Cr80vy/KycRxSvLF802YbDJbUKihVHIf5vWyyNrBlaKCxnyOeczjZUtdrhFERREURFERREURFEWTxbgNq/qRlf8y/Uc6p4nBRz6nQ9Vcw2Nkh0Go6JN4jwW5YYF1LW51Zen0Mdaw5cG+B1vFt9FtxYxkzaYad6rn0yCwbWcHNdVl0IyAaEmefgJrovYIvDBu3D2TK8y+JWzSO694rcCXGtLbQIndgqJb+otvJ8KYiQRyeG1ooem6+YdhfGHucbPrt6Uq97DD0YugwGdlRTqYEaz4TG1RPgbkzg7mgFK2Z2fIRsLJXOJwT2yQw1BAMEHfUbdRUcmGkZuF3HiGP1BVeoKOymtEUAJ2QkDddpaZtlJ8gT8q7bE92wK5dI1u5C6w9jM4QkKSYlpgHbWK7jizPyE13XEkmVmcC+ysYbDAXmtONZZATpDahTHnHvqeKNolMbh6e6hkkcYhI09D7KcPaNpS1iSvduFGKsCNiRqDI+INTXGWAuZtoa0PdRVIJCGv31F6jsosTjVFxLtkuGA1LxMjSZGhkb1FJO0SCSK79VJHA4xmOSq9Fe4Z2cvXu+/cU6yRqfJdIFTQ8PlnOd+g/3JQzcQihGVmp/3NOHDeFWrAhF15sdWPt+lbcGGjhFMCxJ8TJMbeVeqdQIoiKIiiIoiKIiiIoiKIiiIoi8InSiJc4v2VR5a0cjfl/CfqP80rLxPDGP80eh+i08NxN7PLJqPqlXH2LtruXU1iAxEmPBuY98VkzeLH5ZB7/2teExSeaM+39KT+Itu9hTK20ADZvPMx06134scj4xs0dVx4b2NkO7j0+nyUrE3MSrELJuFpUzIGokAmpiS+cEgb8lGAI4CATtWqkUi5OJTusqt6ZRp3iCA4HQk6jka+tyvuZu4BsevVcutlQO1BIo+nT2VbGArZslCQjKSzDSXkyGI6CIFQzZmRMLNjv3UsVPleH7g6dlLgGZ0xCsGYlEeBoSVIHToakgc57ZA8a6FRzhrHRltDUj5rNxCEMZBXnEyROu/WqEgLX7Ur0ZDm9VexmIt3GW8WZX7vpFCzLLHeU7axz2q3JJFI4Sk0eY9VVjjkjaYwLHI3yPIrrh/Dr2IZigyqzEsZIXcmPGOlIoZsQ4lmgO/T+0lnhw7QHakbdf6Tdwns5aswSM7/mbYeQ5VsYfARQ67nqsbEY+SbTYei2avKkiiIoiKIiiIoiKIiiIoiKIiiIoiKIiiIoiixOGW4uV1DKeR/zeuHxteMrhYXbJHMOZpopT4v2TIlrBkfkO/sPP21jYnhfOL5LYw3FBtL80ruhUkEEEbg6Gsgh7DR0K1w5rxY1C8DETB30PiOhr4HEc19LRzXVu8yyFYgHeCRXTZXN+Erl0bXakLxnJJJJJO5nfzr5ncTdr6GNGlKTCYR7rZbalj4fU8q6ihfK6mC1xLKyIW80m7hPZNVhrxzN+UeqPPr8q28NwtjNZNT05f2sXE8Tc7SPQdef9JlVABAEAbAVqgACgssm9Suq+r4iiIoiKIiiIoiKIiiIoiKIiiIoiKIiiIoiKIiiIoio8R4VavCHXXkw0YeRqCfDxzCnhTwYiSE2w/hJ/FezN21LJ9onh6w8x+1YWJ4bJHqzUfVbmH4jHJo7Q/RYiIWIVQSTsBqfdWc1riaAWg5wAs7Jm4T2SZoa+co/KNz5nl/m1a+G4UT5pdPRZOI4o0eWLX15JswmES2uW2oUeH1PM+JrajiZGMrBQWNJK+Q5nmyp6kUaKIiiIoiKIiiIoiKIiiIoiKIiiIoiKIiiIoiKIiiIoiKIiiIoijTDoDmCqCdyAAffXIY0GwF0XuIolSV0uUURFERREURFERREURFERREURFEX/2Q==', '', 0, 0, '', '0', '', 'csu', 247, NULL, NULL);
INSERT INTO `universities` (`id`, `university_name`, `description`, `logo`, `location`, `rating`, `student_count`, `email`, `phone`, `website`, `slug`, `country_id`, `created_at`, `updated_at`) VALUES
(6, 'Cyprus West University', 'Cyprus West University aims to be a distinguished and respected member of the ever-evolving higher education ecosystem in Northern Cyprus. The Ministry of National Education of the Turkish Republic of Northern Cyprus (TRNC) approved its establishment on December 8, 2015, under the name ?Y?ksek Bilim ?niversitesi? (High Science University), and granted preliminary authorization for six undergraduate programs across three faculties.<br><br>Teaching at Cyprus West University officially began in the 2018-2019 academic year. During this period, program preliminary approvals were obtained for the law and psychology departments. To determine the English proficiency level of students admitted to English-taught programs and to provide necessary support for those in need, a School of Foreign Languages was established, and preliminary authorization was obtained for the launch of an English Preparatory Program.', 'data:image/jpeg;base64,/9j/4AAQSkZJRgABAQAAAQABAAD/2wCEAAkGBxMSEhUTExQVFhUXGBsZGBgYFx8aGhoYGRoYGRoZGh0bHSggGB4lIBcaITEhJSkrLi4uGCAzODMtNygtMisBCgoKDg0OGxAQGy0lICY3LS83Li01Ly81LTAtLS0uLzItLS4tLS0vMi8vLS0vLTItLS0tLS0tLS0tLy0tLS0tLf/AABEIAOEA4QMBIgACEQEDEQH/xAAcAAACAgMBAQAAAAAAAAAAAAAABgUHAwQIAgH/xABGEAACAQMCAwUEBgYIBQUBAAABAgMABBESIQUGMRMiQVFhBzJxgRRCUnKRoSNigpKxwRUzNFNzorLRQ2OTwtIWJLPh8FT/xAAaAQACAwEBAAAAAAAAAAAAAAAAAwECBAUG/8QAMBEAAgECAwQKAwEAAwAAAAAAAAECAxESITEEQVGxEyIyYXGBkaHB0RTh8EIFYnL/2gAMAwEAAhEDEQA/ALxooooAKKKKACiiigAor4zY3PSkzmP2iW8AIiIlYfWziMH731/gux86vCnKbtFC6lWMFeTHMmoDifONpBkGTWw+rH3z8M+6D8SKpPmP2gz3JILFl+z7sf7g3b4sc0p3N9JJnUxI8QNgM5wMDbwPXyNaY0ILtO/h9iHVqS7Ksu/6/Zc3Fva2q5ESIvq7Fz81Tp+NKt/7VLpydMjgeSqqD8cFqWI+VZRbx3UrxxwSP2aMCZmZu9sqwhhnuMMMy7jHWtC7sY1mWNJ1eJ9GJiugBXwGLIWJTQdQIJ+pnoRV04LsxXPmQ6Un2pPlyJmfnm6bq8p+9M5/mK0X5mnPXT89R/7qYOaOVGsXnD2JNuEcQ3KSSOQdJ7OSXDlBk4BBRACdiQBqhOVrlDLbW7QQv2t3GHeSMOxjdok7NdXuj3ySN+8MEY3nppWuiPxqfDmYk5lnH2f8w/7q3IOdblejyD7szr/Ot32htDBeXtpHbwKg7HsmWNVeM6IJG7w3YMDICDn3hjAG6YTUqrJq4PZ6a3FgWPtRukxmSTHkwVx8ywDfnTTwr2uZwJUjb4Exn8GyGPwIpE515bhsobNh2onuIRJIhYFIjhNSqNOsglmAyxxp6ml/idisTqokD6kjc5XQV7REkCvqOkEBxkhiBg77VXFGWsVy5E9E49mTXnfmdHcM55s5sAuYifCQYH7wyv4mmNHBAIIIPQjcVyfPHcWjlHWSFx9V1Iz6gHZhscMMg+Bqd5f54ntj3WZR46d1P3kbun4jfyqjoQl2XbxJVSrDtK/hk/Q6VopA5a9pcMwAnwp+2mSmf1l95Pz+VPkMyuoZWDKRkEHII8wR1rPOnKHaQ+nVjPss90UUUsYFFFFABRRRQAUUUUAFFFFABRRRQAVGcd47DaJqlbc+6g3Zj6D+Z2FRvOHNsdkhAw0pGQpOyj7T+Q9Op9OooHmTmaW5dmZyc+8x2JHl+qvoK00qF1inpzM1Ss74KevHcv33DNzn7Q5bglAQE/u1PcH3z1kPp028DSdYWc99OsUeHkb3QzKg9caiB64G+3Q15ueCTxxdq6aVDBWUkdomoZVnjzqjVugLAb7eIzHgkEEEgg5BBwQRuCCOhHnT3K6sskVjSUXd5viPHLfKlt9Nksb9pY7jDCLAxCWCkhi2zsMAsD3QdJBOdqjuZOD3FnA1rcZ/RXCmM5JRlmjk70edsEw5x1BzmmCx5sgv7WSG/A+lxQTi3uDt2mqF1Mbn7RB6dG26NjKzxTm2a5sYrSfLtDKrxyk5bQEkQo/2iCykN4gb+ZUsV8xztYa+QLntuE30GhZXtnW6ijYMQcd8KAjBm70TbA/X8c4pM4/w19Et4Y2hWWf9FG4wxEiyysQpwSiEKgfGDqHjkDRsOJTwhlhlkj141dmSrNjOAWXDEbnu5x6V6j4VM5LFTk7lnOCT5nO5q8YNvIpOpGK6zsO/AuafoE7Kl8J7BdYFuyyO+nSdMSa48Lg4XUHEZAJ8cUlcvXKRXMEsmQkUscpCjUcRur6VyR104yTW9Z8rTSe73vuKz/wFScXs+uj/AMOf/oMP41boWtfgV+TTej9mR3PXFory+muYdemXQdLqFZdMaR4OCQc6M/OoAAfWBK+IHUjxA9cU4yez26H/AAp/+ix/hUdecpTxjval+/GyfxFSqUtEQ9pp737MZPabAeIXkc8DobQwxoJwy9nGAzlzJuOzZdfutgnAABO1KPapc3kkzAmHXJMynr2KEsIzvsSAsQ9WWtebgso30BvVSD/91jivZIkki2CyDDqyDJwVYbkalwyK2xG6jORtVMDirMbGpGecXcsXmBG4nw7h14SO0icwXLkKQqDd5nUjSQBEH04xiQ7UkcM4ceIXnZW8awmUuUQaiiYDMAxJJUYGCRnHgvhWXhvMrw2N1ZLnFw8bZH1QNpfjrCxrjy1elNvKYHCuGz8RYobmf9BbAMr6R1LZUkdQXIz0iUbE4qmcVyGaiFfWstrM0bFVkQlSUdXGQSCMqSOo3U7jxApp5R58mtWxqwCdwf6tviPqH9YfPbatX2W8JW64lGkgDoEleVW31roKd7PXvSKc+nnUM1iLmeYWUTlFDyKmou3ZKwGRsCdmU4OT6k0xTt1XoKnSUs9/HedI8t8zw3i9w6ZAMtGTv8VP1l9R5jOKnK5S4LxuS3ZSrNgHIwcMp81P8ulX1yPzul2qxyFRKfdYbLJj0+q/mv4eQVUoK2KHpwCnWaeGp5Pj9Mc6KKKymoKKKKACiiigAooooAKWudOaUso8AgysCVB6Kv229PIeJHocSXMXGUtIWlbc9EX7TnoP5k+ABrm/mvjz3UrFm1ZOWPgxHQD9UdAPT4Voo0k+vLTmZq1R36OGvHgvvga3HuNPcOzMxIJySerH7TfyHhXx7V7SS3ldVfdZQAwKkxyd6JmGRqGkBh1XWARUzyDw2xuXkguZXjmlQpbtpHZq5ONyT3nPQAgDBIB1Fcal7w2awnayuoyyOy5Rd9e+lJrc4/rBnA239xhgkU6U8TzCEFBWQx3HEOXMmZ7e9keUs5TUy6Sxy2/aqCM56M1KPNVlDDcstuzGFljkQP76LLGkgRvUa/wxnJzX2PiU1p29ujIy9oRqKK2HjbT2sWrPZswXGRvjHkCMfC+Ey3L57x1N13Z3YnJx4sxOcnz86IQbeRM6kYq8iPhhZzpUEnyH/wC2pp5e5ImuTgKz466dlX7znYfAb+Was3lH2apGoa4GPHslP/yMOp9Bt6npVhwQKihUUKo2CqMAD0A6VEqsIZLN+37FxhUqa9Ve/wCiveBey6OMAzOB5rEMfi7DLfgPjTfYcsWkONECZH1mGtvxbJHyqXorPOvUlqx0NnpxzSz4vM+AYr7RRShwUUUUARl/y9azZ7SCMk/WC6W/eXDfnSnxr2ZQyA9k5Hkkg1r8AfeX470/0U2FacdGJns9OeqOdOZeQJrbJKlR4NnVGf2uq/Bt/SlKeKSLKNqUMckZ7rEdD5Ejz6jJ8662dQQQRkHYg9CKRuavZ3FOpaAKjHcxn+rP3fGM/Db0HWtEa0J5SyfsJdOpTzj1lw3/ALKk5E5jhsBdSOrvLJEIogmBsxYuxcghACsfgxJxscGl+5vmdeyVRHFkYiQHST4FsktK3kWJIzgYG1SPH+XZLZ2BVhp95SO8v/kvqP8A7rf9nvF7W1nMk8IeRVY27M+lBLjuiTPdQEjAk6JqyRjdZlFxzLwqKayZt8S5E7CzgaeVIr2Zz2duxxrQgYRj0R8+JwuXCk53Cxw++e3c7MMNhlOVYMpweu6uCPjkVO83cYuZ1U3drplLMJZZIWQsNbMlvGdisajqQdZzjOBltG04becTluJlV5ZAplkYLsSMYQY21afdQbkLgDyiEnHO5M4xksNi7vZ9zkt2ixSMDLjut07QDr8HHiPTPnh1rlDgXFmgcMGIGQcjqpHRx6iuj+TeYlvIcnHargOB0Oejj9VvyOR4VSvTVscfNcCtGo4vo5+T4/tDBRRRWU1BRRRQAV8ZsbnpX2kr2n8eFvbmIHDSA6vMRD3v3vd9e9V6cHOSihdWoqcXJlb+0/mw3EpVD3ACsfoni/xcj8APEUrcD4fEE+lXaTm1VxH+hAy8hGdOpiFRQOpzkllA6krHgSXEwCKzySNhUUZJPgAPQD8ATTdwrmW94U30S8g127L3raVVwUbOWjIBU5Oc5yGOrPeJNbJvdHcIpQwq8tXqY+Z+SizxycNhuJrWaFZV7hbSWLAoSR5AHByd/hWDiHO/EVj+iTMmuLKiRkBuI9sECTJ0tg6SwGsb5OoUwc2cxBIYrjh3EZ0jk/RraaQOxKBdQ/URVKjTvuy4Ok7IvA+GNcSAYZstv1LOzHZc9SSTufX1qlOLlky9Sagrmzyxy69y6qqE5OFUbaseJ8lHia6C5T5Uis1B2aYjBfGwH2UH1V/M/gAcnctLZxbgGVgNbDoB4Ivko/M7+QDFVK1b/ENOZWlSbfSVNdy4fsKKKKzGoKKKKACivLuACSQABkk7AAeJqteb/a7BBmOyC3EnTtCf0Kn0I3l/ZwP1vCpjFvQhuxZlFctXHOl89wLg3cglHu4bCgeQj9zT6EHON81afJntcil0xXwWGToJhtE33snMR9TldjuNhTJUmkQpplpUV8RgQCCCDuCOhHmK+0osFFFFAERzFy9FeJpcYce5IB3lP8181/gcGqA5y5UktZGBXBG5A91l+2np5jwrpaonmTgcd5EY22Ybo/irfzB8R4/HBGijWt1ZacjNWou+OHa5+JznyxBFd3MMN7cypGAEjOdQCjOIV1H9GDsAQCARjG4IsS5dr3h6x8Nkh4fZduYAZXMbTrpU6wwy2S2saSdT47zDdarvmzgL20rBl04OGXwB8CP1W6j4+tbYvpr2ytrCKMBbZppZWzhNHvCV2Y4TSJJtXyx1wG1INP8AvUmlUUo3Rr8/RW63sgt5BKuE1uMaWm0jtWGnY5PeOPrMw8MDe9n3Mr2sy+OPD7SHdk/LI9R6V64Xy/bJwqTiNwrzEy9lGiSdkAMhS5YoTnOcAgjYZG5wucUsmtpyveGNLxll0ko4DoxHngjONsgjwqYSSy8itWGJd+q7jq20uVlRZEOVYBlPmDuKy1W3si5jEsZt2PgXjHkc/pE/HvD4tVk1lq08ErDaNTHG+/f4hRRRSxp8JrnT2l8e+k3DEHuse7/hrsn4nLfE1dnPXEews5CDhn/Rr8X649QoY/KuZ+IT9pIzDxOF+A2FbKEbQcuOX2ZKrxVFHcs/Pd8jJyHNZKZRc3M9tJKojimiyOyGpWYlxnTrOFyBsqvkqGqf5/5bv5IbR9Yvooo2H0pCMsHkyGcaj3QgTv5I2YsfEovEI4XXtYAVVAqyxswLLgKgmyAMq5xn7LtjoyZx2PFZoYpYo5HWKZdLoCdJ3RicdNRC6SeuliPGi2d0NvuNWCMuyqNydh6Dc/Ibk/jV7+yrldYoxcMPMRZ/BpPidwPTPgRVZ+zzgRuZ1G/eOM+SDd2/DYevxro+CJUUIoAVQAAOgAGABU1Z4IWWr5fsTBdJUvujz/R7ooorEbAooqE5m5rtbBNVxIAxGVjXeR/ur5eGTgDxIoSuBN0nc4e0a0sNSZ7acf8ACjI7p/5jdI/hu2/umqz4/wC0S/4nJ9Hs0kiVuiQ5aZlzjLuvuL0zjAGTliKleU/Y050vfPoXr2ERBbw2eToviCEz6MKaqaWcimK+gpcb5m4hxiXsQGcHdbeEHQBnYv8Aaxt3nOkHcaaceVfY2xxJfyYHXsYjv8Hk8PgnyarV4PwaC0j7O3iSJPJRuT5serH1JJrfodXdHIlR4kTFyzZrbm2FvF2B6x6AQT9o53LeOo753zVV85eyB01S2BLr1MDnvj/Dc++PRt9juelXVRVIzaJaTOaeVedrzhj9mNTRqcPbS5XSepC5GqFvTGNySpNXlyjztacQX9E+mUDLQvgSDzIH116d5cjcZwdq9818mWnEF/TJiQDCyp3ZF9M/WG/usCPTNUfzZyFecNbtRmSJTlbiLKlMeLgHVEf1gSP1snFN6s+5lc4nSNFUryZ7XnTTFfgunQTqO+P8RAO+P1l32GzdauHh9/FPGssLrJG3RlOQfmPH08KVKDjqWTTNmiiiqkib7SOWxcwGVVzJGp1D7cfUj4j3h8/OqAA+jz94alw6kZwWjlRo2wcbHS7YOCAfA4xXWNUD7VeXPo8zFBhPfT7jHvL+y34DHnWyhLHHA9Vp4bzHVXR1FNaPJ+O5/BF8T5nt/wCjY+HWqTEdt2kjzqmWOosEVEZgd9PXwGMHVtqXnKl+baW/njlChkJaXPaOHJUuQx1906PeA2bI2FbvKnOq2FuwS2he6DYjmdd1iYFiMjvNh87al2cdcbRnEOY7u+k/9xd6QQV75ZYVDAqRoiQ42YjVpJx1NCT3DsjJyVxZredWXqCHUeZHVf2lyDXTNpcLIiyIcq6hlPoRkVyfcwvbzMhxricrkdCVOMg+KnGQfEEV0J7LeKCW00ZyYzt9x+8v56h8BRWWKnfhyYqDwVbbpc1+uQ5UUUVjNZVvtq4npVIgfdQufi50Iflhvxqo+XL+O3uI55Y+1WPLCPYB2wQoYkHSASGzg+6BjfZx9sV7rupBnYMqj4Igz/mY0q8PIhtZJ+yikMkogUyxhxHpTtGZc9HbUoHhhXyDtje1aEY93Mx0s5Sl38shpj9qskWFtrCyhj+sgQnIPUAroA/dPwpX5s4wl3OJIYEgTQgEUYAXWRqkOygFi7EasbhVrS4NZiaZYjkF9SqR4PpJQnY5XUBq9M77V84JHrlTyHePyGR+eKiEFisi854YuTLx9kPBhHC8xG/9Wp9BhnPzYj9yrDqL5YsuxtYY8YIQFvvN3m/MmpSs1aeKbZehDBTSevywrU4pxOG2jMs8ixoOrMcb+AHmT4AbmkDnr2qpaO9vbxF512ZpQUjQ774OGk6eGF8QxqL4Z7OLviDrdcVuScjKxxsGIU4OAw/RxqfKMHPXVmqqG+Qy/Axcwe1S4upPo3CoXy2wkKapCOmUj3CL077+e4WvPLvsimmft+JTMGY6mjV9cjHb+slOQPLC6tujCrU4JwK3s07O2iSNfHA3Y+bMe859SSakanHbKIYeJH8F4Jb2kfZ28SRL46Rux6ZZj3nPqxJqQoopZYKK1b+OZgBDJGhzuXjMm3oA64PXc5+BqDuuVJJv67iF6Rn3Y3SBceX6KMOR8WNSAyO4AySAPM1gPEIv72P98f70n3Hso4bIdUiTSN9p55GP4lqwS+x3hZG0cq+olY/6sirWjx/vUjMfYpVYZUgj0Of4V7NVTc+xGAd62upo3HRnVXx+4Iz+dR8/L3MPD+9b3LXMYPQP2hx6xz5wPRGJqcEXoyLvgT3OXsnguNUtppt5jvpx+hc+qj+rPqox1JUmqtgueI8EuMd6FjuUbvQygY32Olx07wIYZxkdKfuAe2Iq/ZcRtzGwOGeNWBU/rwt3128iT+rViulnxK337K4gf9oZHkRujD5EHyq+KUcpaEWT0Fzkv2m217pilxBcHYIx7jn/AJb9CT9k4PlnGaeqo7nP2RSxapLImaPcmFiO0UfqnpIPQ4bb6xNRvJ3tOurIiK4DTwjbDH9NHjwVm6437j/DKgYqHTTziGK2TOg6UPabwsTWnaYyYjk+qN3XHw6N+zU1y9zFbX0faW0gcD3h0ZD5Op3U/wAeoyK37y3Ekbxt7rqVPwYEH+NVpycJp8CKsOkg48TlfhVjG13HBMWVGkETMvUa+4r77bEq2/gDTh9P4BZ/1UE3EJBnDy7RE+RDAKR6iNtvHzVOaLUxzkHr0b7ykqf4CopIyzBFBLsQFUAlmJ6BQNyTkYx1zWupC0mhNKpigmT3OswlmS47NITPErNCrA9kVLRqCAAUBjSJgCB7xp29inE8TCMnZ1ZP2l/SL+C6hSlzByVJY2cc07Ks8koHYAgskWiQlmx1JYKNthkDJJ29ezi97K6Q56SRn5atLfk1FNKScVvTKV8rS4NP4Z0rRRRWA2nM3tBm13Tnzklb96Q/7Vj5P5lS0MkVxAtxazY7SI4JDLnTImrbVvjwztuMVq82PmfP6ufxZ68cp8F+m3kNtr0doTlsZwFRnOB4khSB8c+FdGta7uYtn7CGDi3MXC443HDbKSKaRWQzTOWMauCr9mDK+HKkrqGnGfHpUVyPaCS4VT9ZkT5O4H8q2vaLyivDJ0jSUyJImoagA64OCGxsR4g7eIxtk7fspizeR/4qf5QzVFGyd138idozhbwXq0dFUUUVzzYRvG+A214mi5hSQeGR3l9VYYZD6gilOy5RvOGsTw6ftbfJJs7g4G5yeylA7h9CuNyWJO9P1FWUmsiLEbwnjCzd1keGYDLQyjDgDGSuMrIuSBrQld8ZztUlRRVSQooooAKKKKACiiigAooooAg+aOU7W/TTcRgsBhZF2kT7rY+ek5B8QapfiXDr/l65EkT6oXOA+D2coG/ZyrnuuBnG+cZKn3gOhK1uJcPiuI2imRZI3GGVhkHxHzBAIPgRV4ztk9CrVyhOOc+cR4q/YWyPGh2MVvlnIPjJIACF/dXBOc1Jcuexq4kw13IsCf3aYeTHkT7iH4a6ujhvDYbdBHBGkSD6qKFHx26n1raqzq2yjkGHiQPLXJ9nYb28QDkYMjd6QjYkajuASAdIwNulT1FFLbuWOePaxaBLuX/FJ/6irJ/OvvAvaQ9nbwxRW0DSIuHmYd8gO4VdgDtHoGST8PCpP21xYuWPn2bf5WX+VJXKXL0nELlbeNlQkFmZtwqrjJwPeOSBj1rdOzSb4LkY6F1dLi+Z94lPHdGa4e4mM5UMEmAYudagqsq4BAUsQuhOgABrBy++JfirD+B/lW1zlyy/Drn6O7rJlFkV1GMqxZd1JOk5Rtsnw33rR4Gf06ftf6Wq1J9ZWDaFenJdzOl/6eHkKKrH+km86+0fiIR+aV/zUuJ/2f4M9RCzGNgwYowwQQdLA7EEEbg9CCPSmTn6HTdOPJ5V/dkP+9Onsw4ncPHDBFZw6I1YzXky7BBLIQoIA1ELhQNW2CTgCorO0mx2zK9NFYTvNOGuJGllAwrSuzP1yFXWxPrtmm32Tvi8j/xF/NXFb3PfNN1eJPFG0VxZBsiSKNlMfZsGHaZY6dlOD7rg5XcFVgPZ/ciO6Q+TxMfgrjP5Giln78idoyjfhZ+501RRRXPNgUUUUAUFJfy7/pZPH67f71cHMHHFtLYSHBcgCNT9ZsePoOp/3IqmHHX51J8wcZa6l1tsqjSi/ZUfzPU/h4Cu3WoKpKPBX+Dz9DaXSjLi7W9z1w9rq6mEaSyF3JJOsgDxZjg4AHXb4DwqyOYLP6Nw2REZyVUd8sdROpcsTnOT+XSvvI/LwtYdbYMsgBYjcBeoQEbY8SR1PoBWzzz/AGGf7o/1LWKrWU6sYx0TRvo0HToylLVp+RXHKF5Ib2AGRyC+4Lkj3W8Calvabcut0gV3UdipwrEDOuTyNQXJv9ut/v8A/a1THtS/taf4K/65K1yS/IXgYot/jS8fgXrYXcgJj+kyAHBKdowB64JXODvX2Hi11A+0syMp3Vmbr5MjbfIipblTm36FG6dl2mp9WdenHdUY90+VRnGOINe3Jk0qrPhQuoAbDAyzYGfU4piu5NSircRTwqCcZPFwz5lk2fFGvOGySZWOQxyKx1aVVwCNWr6o6N6ZpO4Nw+YXEJN5bsBKhKi71FgGGQF+sT0x402Lwg2vCpomILdjKzEdNTKTgeYAwM+OKrfl/wDtdv8A48X+tay0IpqeHS7Nm0SadPHrZF5mqa/oyfH9vtun/wDZ/wDdXK1c8fU/Z/lVNhi3i8vkZ/yMksPn8HRFFFFc86YUUUUAUd7bH/8AcEekY/JjVc8P4hLbMlxDIY2BYJICOoA1DfY7OMgjBzTn7YZw93KPAvj9yNUP5k1isfaneR69S28ryvqcyR9VVERAoRlAxoYkkHr6VvldKK7kY6Nnife+Yp8T4pNdymaaRpZGwCxx0HQAKAFHXYADcnxNe+B/16ftf6Wpu4h7Q47iOVJOH2qyPFIizIBrjZ42UMuUyNz4MOtKnAF/S58lY/y/nU0buSyDaHanJ9zLA+hHyr7Vk/8Ap4+Qoq/5aMv4TKi9r1nou5DjbtMj4SIGJ/eBFLMPMcyWLWKNpjklaSQjqylI1EfouUJI8cjwyDZ/ts4bnTKB70ZHzibV+JDEfKq05R43HaSO8sEdwpj7scgBXtQylHyVbSVBfcD62PHNLk7xjLu5ZGqlk5R4N++fyYOXLO6mcpaJI/aAwuUViml9iJCBpAGQ2/QgGsHA5MTKDtqypzsdx/uBTTxP2qcRlwsbx265wqwxjO/Rcvq3+6BSvxa3nim1TIUkfE+CpX+sJcHSd13yMehqISaldl6kFKDidScFvO2gil+2isfiQMj5HIrdpH9lHFhLamPxQ6lH6kmW/Jtf5U8VlqwwTaGUZ46al/X3hRRRSxpz3Ievzpj5y5e+jOsiD9DIAR+q+MlPh1I9Mjwr4/I18c/oh4/8RP8Ayq1L7hqTwGGQbMoB8wR0I9Qd/lXXrbTGEouLus7+xw6GySnGSkrPK1/MSvZzzJ0tJT/gsf8A4/5j5jyFM3PP9hn+6P8AUtV/JyNfKx0oDpPdcOq5wdmGWyvn6U73lvdXHD3iljAuCAuNS4fBU6gQcDI8Nt8+lZ60afSRnFrVXNVCVXopU5xejt9Fdcm/263+/wD9rVMe1L+1p/gr/rkrLy1yjdw3UMkkYCK2WOtTgYI6A58akefOW7m5uFkhQMoiCk6lG4Zz4nyYU+VWHTp3VrGaNGp+M1hd7/BFckcOsZYpDdaNYkwuqUodOlT0DDIzneofm61to7jTasGj0gnDawHy2VDZOdgp6nqa2f8A0Nff3Q/6if8AlWa25BvGOGCRjxLOD+AXOfyq6nBTcsflcW4VJQUOjz42zJ7lCWS44ZcQ7sVWSOP4NHlV+ROPhgeFIHDrns5YpcZ0Oj489LBsfPFXVy9wZLSERIc75ZiMFmPU48OgAHkB1pS5n5CZ5Gltio1HLRscDJ6lD6n6p9d/CkUdop45J5JmmvstTo4NZtf3sTF5zxaLEXSTU2DpTSdRbGwOR3fifzqpbW1MjJEvVyEHxYgfzqeTkm+Jx2OPUyJj8mJ/KnTlHksWzCaVg8oHdC+6mdiRndjjbOB1q8ZUdni8Lu2UlCvtMljjZLy5jfRRRXKOyFeZJAoLHYAEk+g616pa9oPERDZuM4Mv6MfBs6/8ob8qvCOOSjxKVJ4IOT3FAc4XpluGY+JZz6GRixH8Ka+WOCJcQwvPdxx8MhQPLEJSrNP1kSVdjnX0O/cCBBlshHt0FzcgM2lXfLN9iJQWd/2Y1Zv2a+cS4eoxLEk30dtkllQbHOCrNEWXUNsgYbfGnpnZUeKWQijFwgkxh5o4zb3kUrxWcNvFFIiW8kaBHc76o5Md1u5mTAxoKgZOrfX9n9n2t0i4zl41+TOC35Lmo3jjXSCOG4kZ1CiSHMnaL2cg7rxkklUYAHTt0GQCKe/Ytw3VOrkbKHk/Ls1H5k/Kpp9W74XKV+slHi0v7yLwooornm0WfaHw/trNzjJiIkHwGQ/+UsflXNs8fZSkFQ2hgdJ6MAcgH0I6/GutpEDAgjIIwR5g9a5s9oPBDbXDL4K2nPmp70bfNTv6jFbKDxQceGZkqrBVUtzy81oPPAb2CGdIeGcOKa4S/wBOmVnCq0JkVtRySmrSCNa7gjTmlb2j2koht5bu6huLt3kOYcFRblUKAEKuVVgxBwP61uuCag+F8230Ns9pDKwhbI0hQWXWcMEbGpNRbG3i22Cc1OcA9nwiQXfE3W0thv2bD9LJt7unqhPkAX64CnBqtsLux17qweyzmH6NcKGOF91v8NyMn9lsN8K6Frk6eM20w0nWuzo+CokicZVsHpqU7jwOR1FX97NeZFubcRFsvGoxnq0fQH4r7p+XnVq0cUcS3chNN9HUcXo+e/119RzooorGawooooAKKKKACiiigAooooAKKKKACiiigAooooAKpL2x8w9pKYUPdTMY+8cdqflsnxBqzedePiztyQQJHBCen2nPoo3+OB41zjL2l5cKkYLPIwSMHzJwCfLrknwGfKtdCOFOb8F8mWs8c1Bbs38L5N3lTiUti30xbbtkGYtTq3ZAsBrGoDAcqQBnwdtj4ONrxvhF8gtis/DWkfpA2IXkkCphgo0kd0DvooGTuMmsMPLtjxKGOKxvGjuIY+z7CcaFlwzMzqBuC7HWSNWO6CoI2SOO8v3Nm2m5iMZJIXJBDY6lCD3huMkdMgHBOKMpPvG5ow8TnE0x7POjuxwg9eyjCxRZ9SqqT6k1fXsn4UIrZpPtkKv3I8rn94t+AqkuU+GtNOoUZOQq/fbYfIbn0rp3htmsMSRL7qKFHrgdT6nr86tVeGnbjyQmPXrf+eb/AFzNmiiisRrCkD2scviaHtwN1Gh/uE91v2WP+b0p/rxPCrqUYAqwIIPQgjBBplKeCSkLq0+ki4/1zlbgfFJbC6SZNnibceDL0ZT5gj+R8BT3c8QiHDobniqtey3k5dE7UxmOKMFcx6CAgGclRjJlAO4zUL7RuWGtZmxkgbg/aj8G+K9D8M9MUs8Oie4eG2MqoNRWPtCRGrSMMgkAlQxHkRnyyTWqpBXutPgTSqOUc9dPMlOZeJf0ldxi2t+zVYlgghXc6Y9bgYG2o6m2HkN/GsXKHMD2sysrYwcgnoCdiD+qw2P47U4XXFrTgatBZabi/IKy3LDKxH6yKPMEe4DsR3iSuKTLzg13Kgu5EH6fVIuWjR5Qoy8iRag7j6xKrvnV0OaiEreBapDGrM6T4BxiO7iEqbeDL4q3ip/38RUlXN3I3OElnIN8jYEE911+y3kR4N4fDY9A8E4xFdRiSI/eU+8p8mHh/A+FJrUsPWjpyJpVW+pPXn3okKKKKQPCiisdxCrqyMMqwKkdMgjBGRuKANDhvMFrcO0cFxFK6bsqOGIGcZwD0ztmsycXgMvYiVDJkrp1DOoKGK/eCkMV6gHPSk/h3AIm4ubuBEigt4ewJQBFluCWVlAGzBFwpP2gF6oQECxupP6L4bLk9s3FgxPiXYyFs/E9RTFBPQi5ec1/EkiRNIiySZ0IWAZtILHSvU4AJPwrX4rx21tiouLiGEtnT2kipnGM4yd+opK5kt0XmHhbKqhmS41EAAtiGXGojrjJ6+deOfOBX73L3UdvYXcKIqrDPH2kmlcs2kMoCklm91skBdjgCoUVkFyxLW5SRFkjYOjAFWU5DA9CCOo9ay1F8r3yT2dvNHGI0eJCsYwAg0jCDAAwOgwBsKlKoyQooooAK1eJX8cEbSyHCqN/M+QHmT0Ao4jfxwRmSVgqjxP8APEnyFUT7QueXuX0JlVX3Vz7vhqbwMhH7vTzJdSpY83oIq1cPVjnJ/12RntA5oe8mffHhgbhVHRB5+bHxP4VJWXKNvxGJ5OHskM66GW1ecu+lQdb6ie6zMRjqF0LnSXIVa4FwoujXBgluFSVE7GLOXZgz98qrMqYXGwyS4AK4zW/e8o8RtVN6ttNbxxnWrdqrSRDzOkh8DJBJUbe8MZrROV3lkVpwwriL3EIZY5WWcOsytlw+dYbrqJO5J66vHOcnrWfi3FprpozM7SMiLGpYlmwM9Sd2JJJz16eVTvMvO0l9bRRzRxG4QkNcBAHMeBpUbd0sdRbTgYAx7xA1+SeAvczoFG5OF8h9pz6KMn4+tTBYtSKk8CuWP7HuW9GZ2HuZC+sjDvH9kHTn1PlVq1q8MsEgiSJBhUGB6+JJ9Sck+prarLWqY5XWg2jTwRs9dX4hRRRShoUUUUAQfN3AFvISuwkXJjY+fip/VbofkfCubuYOENbyMpUgZIweqkdUP8A+3FdW0l+0Hk9btDJGuZQMMv94o6fBx4H5eWNVCorYJeXcZa1Np9JHzXH9oobhsMcq3LOXecRl4l8HbUvaOzZ1FlQvIFxvoJJ2wzrzDdL/RvA70qdcBEYTOnWsOMN44Um3XceEvwpE4hZPbuN2GDlWGVIZTnw3VgR+VY7/iE05DTSyykDAMkjOQPIFicdKZKDTzLQmnG6MEr6mJwq5JOlRhRnwUeAHQfzpg5W5smtHDK5GNs9dvssPrr6dR4eFR3LvBZb24jtovec7kjIRB7zt6AficDqRT7zHypDdXU1tZwyRta2wLXDZCTSIF7r5GCzKciUHJKuSGGCDpMLsRKmprMsjlXneC7CqSElPQZ7rn9RvP8AVO/xxmmquRbO9ePdDseoO4PxFWJyv7UZocJIda/ZkJP7r9V/aBAqkqEZZwy7n8P7KqrOGU1dcV8r69C9qxXMWtGUMyagRqXAZcjGVyCAR8KXOEc+Wc4GX7In7fu/Jx3cfEimWKUMAVIIPQg5B+YrPKEodpGiFSE+y7ipwP2eW1rNHOkly7RFiiyTFkBZWQnTjrh2/GtyLky2WVZO+UWY3CQkgxLO3WVRp1Z3JA1aQTkAHGGKioxMtYgeIcrxzXcV40swlhyI9JTSoYFWGChzkEjfPpivcvLmbl7hbm6TtAA8SyDsmAGnZWUmM48UKmpuiouyTHbQLGixooVEUKqgYCqowAB4AAYrJXxmAGTsKX+K86WcAP6QSMPqx978W90fM1MYSk7RVyk6kYK8nYYagOZObILMEMdUmM9mDv8AFj0Qep38garPmf2rSPlIO4v6hyx+MmML+yMjzqv4/pN9KIo0eR2OQiD13ZidgMndmOBnqK0RoKOc35L5Yh1pzygrd7+F9k1zhzvNdue9sOmNlUeSDz82O5/CtDg/AYiYWvpzaxT7xMYyxdcga8+7HHkjvt164x3q1b3h8UKMO1c3Ecmlh2REOVOHjV27zSKSCcqq4zjVtl25L49FxGNeG8Q0ySA6rSaXLfpN8Ryd4F/LBYaxlSc6c3nNtZaE06aj4i1ey3fBb24gt7nSw0hmVVIdSodNSOGAID/EZODg75b7jsmkzvxCW5eaKWPsjlAnaIY27ZNWhMayyqgYMyg5AqX5w5nw8sN9wyya7GxmR/HbDEJ+kwRghWcHBGQM0h2dq0raV+JPgB5nH8KiKct2ZaUlFXvkZOGWJmfSM4+sfTyHqfCuieQOWBZw6mUCVwAR9hPBPj4n1+GahfZrySIVWeVd+sakb5/vH9fIeHXrjFjVFaoksEfP6F0oOcukl5L5CiiishrCiiigAooooAKKKKAErnrkdLtWkiUdqfeXoJPn9V/I+Pj5iheMcHkt2IYHAODkYKnyYeBrq+l/mjlSG8XJwsuMBwM5H2XH1x+Y8D1rVTrK2GfrwMtSi4vHT81x+mURyhzX9DjniVVjeZAgulUtJFueq6gGHeO64YYBw+AolOYOMQwcKtrK0vnmk1OZTHrjTsZNZMbKfUoNJ3wHyAGwdHmrkia1fGnGenijfcb/ALTg/ClWMmNwSgJU7q4OD6MNjimSp2zCFVSyWvDeia5R5a+mTwxySdjHK5VWxl5NIJcRL44CkFz3VO257p1eKcNH06a2hGALmSGMEnAAlaNdTHJwMZJPqaYeSuaQvEY5rmURQBmPZlS8ceY2RVhAU9goLKBjGEGCxxus8yyg3d04YFWnmYMCCrK8jsCCNiCpznxBqqvcY7WNj+hruJTLErSRAkGW3YTRZXGdTRkhdiD3wOor7w7mm4i3RyM+KMUJ+aEfwpt52d7HhnDrFGaOUg3MpVsMrnJAyPJ5Gwf+SKw+zi3S/v7ue8jjkj7KSaQMgIDs4K6SRlcDX0I90Zq0askr7ik6MJPNZnyz9ql4nV3PoQj/AJlQfzqTj9sM/iE+cX/jJVXvLqJbSqZ30rnSvoNRJx8TTn7O7BTHe3qyTRTWMJlQxtHhtcc+VIkifG0eM7+90GKmUla7S9CipblJ+rJ5/bFP4CP5RH+clR137V7tvddh6BUX88MfzpVurrt7bXK0rPb9hbQ95AiwlbllUgRamK9jjOrJ1bnamTlblmwv7URrI0F8zOI+0fVHIYgjMuAox3ZFOB3h1GoBhUYor/K9Cehv/p+rIDinN9zMCXZm8e+zP+GTgfhXnmTh8kcgXtxcRsF0TLlYWLAEhS2E7udyDgbZx0Hrj9nJbpDHLCIZo5JkcqgVmKdi6vrXdhiXAIO+nPXemfnRjecH4ffEs0kRa3lJOSfq62PjlolOf+bUupJ2zyJjRhHNLMW+Y+VJ7GOCaTRLHKuoPGS0O+6prUgkld9sDHuscHHm94g1pfGS1Ai7No2RASV2jXKtk5cHUwJJJIZt96kOSucBbK1pdJ29hLkPGRkx5OS8fz3Kjx7ww2dUJzPJG13OYmDR9owRgcgoNlOfHYCqK97MY+4sPniBbu0F7ZwRtFdEPcEnTJDPEpVXLs3ZogGtHJAB1E574Za64mY4pkNtJq0JFlwuF7ZEUSMmoZZdalgSB16dCdU3chjEOpuzDFxGPdLnA1ED3mwAATkgDAqd5c5RmuXChGJ+yPAebnog/P51aEGUqVYx1/vAh7GxknY9Tk5Zzk5JOTv1ZiT8Tmrt5A9n6wqss679VjPXPg8nr5L4eO+wm+UeSYrMKzBXlHQgdxPuDz/WO/wyabKpUrJLDD1+isKUpvFU9PsKKKKyGsKKKKACiiigAooooAKKKKACiiigDDd2qSqUkVXU9VYZBqu+afZekgLW5B8kc7j7j9fk341ZVFMp1ZQ0FVKMZ668d5zBxrlKe3bSVYHwVxpJ+B91x6g1CDXE4OCrDcZH8iMEflXWl1apKpSRFdT1VgCPwNKXF/ZzazA6C0efD30/dbf8CK0KtTlrl7r7EuFWGnWXo/rkUHxzjc946yXDB5FQJrwASoJIBC4XbUegHXfNTfKfMFva2l9C3aia7i7MPoHZoAsgGSGL79ockLttttmmni3sklGTGFcf8t9J/dfuj5GlW/5Duos5SQfejbH7y5BpmBSVotMr0+HtJrxXyhUFOvs74lCkHE7aSWOJ7q20RNIwRNYWdcM52XPar18jS4/A5R9g/Bv9wKxng8/2P8y/70SpSatZkx2inukvUy3EPYwPGzxmR5o30xyJLpWJLhSWaJmQEmcYXOe4cgbZI9P0UHtESRJ9cYDN2hDIocjQDoIaKLBYr4kdKxDg8/8Ad/5l/wB69rwWXx0D4t/tmp6Kb3MHtFNf6XqS/MnOD31pBFcDVPC5xKMd+NlIOoeD5C9Nj128dKx5nlis5LJUiaKV+0cyKWOruBdG4C47NTuGyR5bVt2PJFzLjSjnP2I2YfvEACmnhXsmnbd1Cj/mP/AR5/AmodNR1siOnT7Kb8F/IrFEJOACT5AZNTPC+Wp5mChTk/VUanPyHQep6VdnB/ZnbRD9Ixf9VB2a/PHePx1CnGwsIoV0xRqg8lGM+p8z6mqOtTjpn7L7JUKs/wDqvV/XMrPlX2WacNOdH6oIaQ+hb3U+C5+VWXw7h0UCBIkCL5DxPmT1Y+p3raorPUrSnk9OA+nRjDNa8XqFFFFKGhRRRQAUUUUAFFFFABRRRQAUUUUAFFFFABRRRQAUUUUAFFFFAEFzL0+VVfxX3j8aKK6Wx6HL24xWHWrL5X8KKKttehTYtRnooorlnXCiiigAooooAKKKKACiiigAooooAKKKKAP/2Q==', '', 0, 0, '', '0', '', 'cwu', 247, NULL, NULL),
(7, 'Eastern Mediterranean University', 'EMU is a full member of the International Association of Universities, the European University Association, Community of Mediterranean Universities and the Federation of the Universities of the Islamic World. Giving special importance to international recognition, EMU has received the accreditation of various prominent international accrediting bodies. EMU is only one of five universities in the region to have been awarded the prestigious ABET (Accreditation Board of Engineering and Technology) in the field of engineering.<br><br>Similarly, EMU Architecture Faculty holds the M?AK accreditation. Business and Economics Faculty, Tourism Faculty and School of Computing and Technology have been granted the accreditation of FIBAA. Education Faculty English Language Teaching (ELT) Department was accredited by AQAS. Additionally, EMU School of Tourism and Hospitality Management gained the accreditation of TEDQUAL and the Computer Technologies and Information Systems offered by School of Computing and Technology (SCT) successfully passed ASIIN accreditation process. EMU Foreign Languages and English Preparatory School has successfully obtained EDEXCEL accreditation.', 'data:image/png;base64,iVBORw0KGgoAAAANSUhEUgAAAOEAAADhCAMAAAAJbSJIAAAA+VBMVEX///8BOXb9sTD9sjH9sTEBOHYAMHIAKW8AIWwANHQALnEAK3AAJ24ANnUAJm4AMnMAH2vt7Oz09PUAHGri4uU3WooAGmmuuMjk6fDv7u33+ft/kq9GZZH+sCnb3+RwhaVEXYr2wG++wMHI0NzDxMTo5eHu2LvR2OKir8QAAGNieZ7+rhzHytO9xtTe4+oAFWhWb5d9j62Zp76KmrS0v88mTIKms8dhdJkdR39rgaMkSoCQoLkAD2bNz9ESQXwACWWYpLOwt7/q3MrxzZn5ulXu1LLq2sTp4df4vmj7tUD0xH8AAFejqrWRna7/rgDcy7TyypL4ulrxy5aBJ4njAAAgAElEQVR4nO19CWPiSJKuhNGZUkpICFSCMiy4Wxg3WJwGU0W3d3dmdna65u3u//8xL46UwDbGrip39+x7k1W2uVFkXF9ERkZq2j/HP8c/x/8XI0svJ+3RrtMbj8d3d+Nxb7YYrSd5Gv3RF/YOI53Me33DtW3p4bAs+k+3pW1bwWq8aOfZH32V3zim7VnihhLpkXbYEpukuBtve73edjwu+psgjJFsy5LSXt3N/7eRmc8LaQOz4Neq6IxAIE+8KJoO27tx4uMsWLZcLSb/S6Q2Wt7ptiU8O+53ltPXWZOBJI/NWAI3vf58+jtc4XeNdJ7cesIL9+P1111rOpkloRQidDrD3+ja3mFE6yS0hLS7o2fUZWk+XK7n8x2N+bo9yafPZDJa9lwg0t53/jE5OSxiIM8dTx4JZmO4XtwlohWCWbFEOci+xPam6M0n6aPX54v7WIh4s/5H08lortvC88aT48cmi2IPhLmmbxiGTsOggTfwn++4wPIgmbWPmTZd6FJYcpv/3kScGfkWpDNO2gdupO3epuW5QUUbUqTo4rvqB+4bjmuFbjE/omi4tT34wOUfQMupMezariVmBzYMOxvpmb5+GEiXb5qma7rIUeYl0VeS7AfCDsbLSjaz0cZ2pT76Qyh6PIZJ6Nr7UcW+yTawXd/Qq3+OCZ7D1f3+drvtzWadsQkk+aaMaQp811GMNQw/8MBKVUQOuy3Xc+Z/DFnVyBPbtQ/SNOwJaRp6pXMO0LYa7yb5QoiKHamnGzFwfA8kGvvFfaCXcosSK8J+Je3TsS0s8UfyMe2Gpr0q/Ve029gkgjrJpBXrZjEpXX5fAjOmeY7oxjW8HTw0AkqDsaZtHHi94/qVWkpRWZm0d2tK/Y/Sx2h7C/SV1jMft4SvWBcIcPntVJMzeCKbTtaa1gmBwmsY8JBuJvBuTQNue22gO4R33C0S33BZXHXDDO/XJY3j0JWrP8SujoRrVbO7TEKTTQfImddV4KtYadq89fP1taatb4HCyWSyvATxvE21KTy1EEaIgHVt63KipdJf6LarDJQvnYXSyGnXNsPx747M85V0rdIKrPfSUcIpwu6OyJuux8I1gaoxOHWYgtvKZETXoFljkWuR7WyAx5p257YibRmDxOadfegazEoRzhRgH6481/6d1XEWwrRGJX2ezx7BtDdzuCgQqZ71qesYhl3GFGniAYU7FL2F1y8/pSe3mgYSm/l7uNNigc87uiBZ1Q1X9tQHgMDI5FSA8huN4V5Ye2VglkQfSqc0Z6QuQ6BlOcy0rYnCp+X4wrltw6PitgMshCvNGKqlP7e19HaMNhgMjpUBnJkyPaUXdcMOi2c0js1493sROAuDcME380SyeXHsglmw24c+3cgWlnULomW30N5EBVBoGMg0GAkY3T080J1qS89uo92JPqGQFp/2IAU91OmArbIodWGyF3L1u7BxuhHWhi0JTKzDjsxNJks0m3DxgRHCn0Xy88/dURuuujDFPoenRu2l7+teMRqNOhb6ygCYCEbWZVme/EwzlC29ONmDQsfjgBXS9/bKXm/jwF6/dFnvN9ZxEHb45hzsJ8NOdGvr4TYGA9n2dIHc4TAPlGzh6o7lSADTHl5wAD7cpWlx9kl3u0wc3bmHV85sEFLg31QaMBEClaDnMhJwwoJ5NzFNu/itCRzbpskamK/oisF8esKxGlp2DdyYalnLCPrqxWl709ddtBm+rowHX7Oylo5jWijkAtRwBZPU/nTdLUAq/FaPCPJK1G5KtqRZV7r6bxo8pntXFqz6nZZD7l2u5st1PwZd21mGC+oJuNPLMHaa6bHlO4aC1ofoogwvjAqq6VYxssm1DreudIiB0VQbSnjWIsPql5Z0Hgat31BSJzJosT2b3lt0ca7HX9e7jrTMBfHCF4GYzhNPulXkgMwSAvOHNkS+En+DqAZOSTqgN2EYd0uau0kfGTi5XWq5ret2e2TRhziKjblvhrPfisB5KxAsofNbB9GZH2/hoi7RR6yQiUK34fm9YQgRGMwtuHYvhGB+Ox8th5fTaQpjOh1O1vNZkfixFKZfxk8QbnTXKUEAYGEHHIltBF0NvQ49b3fJAWddz0p+GwJ7ECeQqERdSZfvbIC2bByjl1t+IiYG2+HYKBXNdy3bKHaTlxWnMRz1NpaE+WAqA0v2IRDLO0RLKg0rIqFQ2ujy/M5Cd/NbuI3Ck126AXJC3yfQBK4F2PTWFJz3gjx1IPlqjcCKN73lWy4kGu66tlSA1HAst2cLe4GqLMg5wMSBW0RYYbTYDY/CwHp3LJ4lwmbxn8eEYezx4tMS4Rncuc1BomQ2LQJlQAJpFeuvmeZs0gPUrWJ+9EEinABpfYKAaLvWOmqtIbskw0PbCd856RhtzJixxdYmIWzNkasZxrEGgpa1cFbSoUt0rLBYPk6VpflytNgW3f5qdb9aJd1i3Jm3nybC845vm6VTMRDKeKkWxRnAHgt4tyLbbe4Z1ztB/K5RYxqoDwRW4vc76BPbrgsYbPjJhGci8HicujDDZH0U6WTT9qwvwIBah1yii788CyzqZjsfHs/FcGyBOBKKMCFeAhkdAx7PWhCC5B6DCz8khBPt39VrpHrAwB9uEFZcwWXNbg0jBBmaw+2pwejNEK3jJCAomBuCX3ARzyDner1ZZzbrbe+K/t718AlPytVseZiSaK7LgO2K1Yu0SeiC70iGioXkPWNyG9HGDd+NxNQMbJL6nMJAw4YvzVZJPwC66AWdW86BWv6uutaoXcS25UKUnIw7vzxcwRgcBt59+HXR627gJULero4WLCb90CFk4Npr8Dw2TCB4Iq/EREAiocYsMW/ficRID1itJyEZNAGfm4c9kMzAHy8I9NMXe06VccvWXenBpe+LxcNAUfb582UTRgN/XX7+zI9eDR6+bFcguFa4WVRE5t2Q+GgADiAXi67xgI10e6tIjN+FxGyvOLi89SkMFDCFl/DRQxeEtTssYnzYEEEVxA/HMXDG7HceiAygLDqZg4gal0To1eBLsbdc0TpocA58VLlkFznWDxR9ZFIhQqFXARffwdxkK7NFBLZj/Gz/Pnf4Y3fXOJO90MTvNsmB0esxlQvkfSHyPjdfy69kjUuah1/GOnBSlEG9NtxIguu6D2ambZfA1u2STxFM4iZ4B6fRd9mKrmMylTLSph6EENr6byOM1ykah2BOXVjUsTzTup8heZ+bb11dyRqfkcgvXWB9XJSmamS5xDcxSzlShHtWAaJDSRxCH2BRw+8NNcaCZZ05qOshXPVlDNOKrngoUHgMUWY0ohngTLf49eotzHsykMirh57uunZf0RiNbfJArigxvIWsG5t6RSK4MfP7ANxCSgJKk1hFdjZ++/DnMT44D1Fg/JYKiLOOBPs/RvZdflPuD4i8GizuhRl3FY1DXaiAi/6QbHY8Xi1gQZ3a5uZ7Eo3tWJDZGrY4VAApnWAud4gJwYLQjdioqxmBRfS3qHuNb/6+CBn5ZQU0lmLfC8tFAqV8CxtXOPBaPL600O1+O4HT2KQ4ZSrxawLX8dFVzMH5L6+XK8xQq2ic8qemt30A+r5zafMSady7riwTUEIthBgBErgjAvf0mCThmYfym+PFyA90lIDIwtUIue109/anDjAQ1K4To/N3PE4SZdvbwCpAPr+XPhxNoHHmmN6ehSPrSxZStG+LGA2bk+YCNZTRTU/E7W/8qsS0L/HvPRLjkj5meQ7eXuYTi2y2yu5NfOFufnkf+nAAHx8KLyhj+UWLIisPbHoX9NIR8K1tNOIGY9QkiL/N2ixkSHPTxdQYywiNKDYCj3RyzA9s40D0wL58u/49HRnYnF82rrWnGdYmJESGA0wshOPCn6mJyzgQ96OviNxg/y3fMowF6VhHKlBd4ILefJimFkfxKpya7oW7AgG9fCfqeDTAZI1FEKrvIMTvW0giOsCpcOwFkujsM7pUd/z1X5GZwQr/LmOV/tMtTL9fy1CSd1JRjDaKHQsYePXutROXwMZ9mR+FqI0Sl1OC4VNX+DkYbwRTZEh3Mvx6+Fa4LRTuqX1wRxJ4OrE5SeG7bAfGdrAHDWy+H2XViICNXVHmRwsLWYZc1FIRYkozl3hV7K/7pve1qti2OYG+cfTDsOHTlhblqwP6XkBtbh9cxGkGRo03j9MXAdrYkY7NwjJGbXFErg1NXqmbeORECDVHIvjK/FtkuyQeW6GX5SLo80EtMBejB3uasakTWFswoac/I4Mo6fIyv6x+nb6JvxovyHgDJFV3WqyMMyTR8PZhAOITRdpS5dxNfPMyll+3wNg1Jb0PYYtvlCUwECOtTIpg6Ipyy5FfXpbQxoduy37LCO3mS58BkvqwMVUOrEcgKuhnaEtTrW2xfWBVHLv218gpyChqbiThE/zV3j1k5DGicXQicHIb+ACyXzIxWWMZliHrqVFVD4Gv7b0kpyipg76r/NIMNc8PUm1060XaWgBqxcw0cS8LzK9Ab5nJr+5idhCwdo/SCuV/36XJWgKqgQD+RdjbaKz8AzVPbzx6wJDDl00VKGPhWmxSx4i6nf7W9s1MG3mtHdgJNIF4QUtbvt2ebpnja5QKp68dFkLpcsieae1WsAECX/yMqLGzncAJAgd+8G851H3n+AG3/+FluNAcXI0tRWKB6MOBmM0BQOoNMQWHZoGsTNe03hpl5C1ad41sSv26CVIE4aia75hTGjES+IKNoetqJt23j2TykrHRyN5shVUmLpTCAAMwyDEEpjUk2v3UFm+F4ImJES5Hmjhlt5RiH7t0l5HcMHTOE9hoNj58zWi8aGzwwx6QRNLFTKfchk9XCIi11cEUju/h/Oy8Nwb8bUnJj0moKu5EuCdD3CWRp4jlMnb2ZwnU3u4Kq3EGFQEXxy4HSRzJOSiXUfcW4o8UFcgkDu/N/psoNNgV7n3CSXGZylziR/Mnpa5jvDuBjXO4CEjsugxSJwgjkcLc/JmA8wL9IunO0n5TYmpuEa93+L5gNWcnky/2uFDJGeBsH5i/niUwagzbXzuWL3sMJrFvcuJ9gQbVa8+vdSRnmBAIcUhsE3P1OoEZrUagK6ykPe9sQkHL1ZSlgXDK/uWMFYXRbGx4C8lXjNvh2eQVxMWbgNwCJU8NEeLqrDa7npLgslPM4zd4jJ0gNLN1AaaZJPnJtVCugiuvOlLMrgbnPgM8hWUcDd14w3CSMx5DQ7/4YAQULEWoeQ567HyPaTBw/Wgu8KnCfDVSzDwyuVMGSFwUuBSUuKQlZ7RAbvEykqHRvOT1zuMShWOHb5QV0AcIgFxYnzM2SOIvkk0EGEEIKtraLgx0RN0cv2KQMW29ysSdiPFrCF9b3SL8uQdTk80oRUkQN7Kc1SvhfKNRSBeG6brVH9OkX2b5iIl3THWT7rnCPecxYAyuZoITVFvwXL6eWJTGKExGgDZduLt5hUKTWdjCmrIZVne2cHkwQyZykJkE5sP5eD5rXvY63zJmy/NMzMCgmpS3yAyfinTQtE9sJQl4vZhEOs/EuUXKjNOCy1oa1jjdJhnOGSdqdtL7ct7KoLP/1tE8nylvPAz2AfEIyUIAGWkZ1q5Iqh6UzMTz5nRPhnQaGiTX0S7TptfjfIfGCssigLkmKOHZy8ga0YcI/sO/D/gT0Z0P/CA9To/wb/UM/6Gnz14eqKIlCHPcoWjiOl86pIFohFap8tA+5xMnsoVCsDUhTAKKFte5dgkPoOdgBUgC/bWc2rdzkLh4HjwjtiGXhYGdYR02sIwwWLTxzSv3XOlbQhnytMUTEqk00A6MlY+lJdpcWr+cdfXoKUa4yfAbx+ys26eIeB/wpVh4UYgUlsvJZLnEOF1gwdZStl4OhdMYS161joshBLMQS9QxACY4FIVB97wnRE8hyEw+G8HJR5+McHTe2GiXIKcsTnuA4L4FwwuvrV3U9tD04BOO6Lz49p5Af5mZypDugKHzfYilrGxmxi7Y0fOT3PgwNiuv9yjgVTnJ6m5VV3L8mGG+4jFATgvOsCgbagj7Dmcfzb0hMfBZCPPFdwfE5jXhPk4Wtq+5aAB3gIASi9krMpo1JuGhYO84jK9INp6gAN04IhxmtvHh/BQOHhwyh1ri0DztlEyiz6aQI33Z6y8l5f/v0fK6qlC+vcFMRkCxWWLeD87bUXD297b11UN41U3v05mEBo3Pg55L9nCIHkOlnxYLMPNwN0bGdMVLGZuCnslxOdvd3Qub19T3MMcUbUxs68srufuoefnVMcXT8dMrxgb8vgriwLDTgtG8DeLFgNzEeApszQsJXObuzIUoqdAyCXzcTqky0LzD51dm8qqZ+T5XUbr914zNF0G8QiYaoHM9MK77CRCG0oZzUFW/PxlrjzI5aCisNmUjg3G3B9JuhJc0M+KXV7L3UaP05h/YpUeVY49K38+3jtx+A/+XL2/ww+fncTC451wgaiIYlynY/DU8QBkbZNJWnE6AdwVqG/LMsBta0bL8MNV2lgpU3sTCr8vNvJyzeY2JC0FuH9MOaFyS8W4PTnBXYsuhHZ5yiakkZwhwSA/6WnadL+8B4SVgdujxoW29xsJGo5e8y7h81WNsWBMRq4HALluu4S7yOzSKWCyiBSfFdO1JDJQQDYmRtgTPGM7B8mJWH5/uuq+xEDyF7fjwz3F8n37DX/xf3cD//Ar/6N7hIX6bI7YfznuMy0HHJbO/g9jX3OJWFUN3b0MsEsPdcC+IaSHQnoCQGrijrNhpw+uU4B5unwBb7L5mSFWSW9V3l/7dOCoX0ctCfUN/9Nco/aQKme2fGq/A0wHHSimGBF6mzaQXrmYTCPZZTCfy9oSgt6jsHkA3ifYo1XortsAUT/Xc/Su+MGrMVaWLbhiHi2YCjWO6nsKbIzjAN4JzKXAcnwdb16SsBXqIWdfoUcluhIubJIm299zpDyU5T0w4WbxOtVzSHNGkZK7bewXONC5vwzctNb1hMer6FXgaDR4sQmgTDHsOSPveoYqf0mo+Hh1BpVzoYkS7LK9fA4An+7v0rIfzuZkPzXcdZ7OnmnZ1BXYBbwjkGl1tnuToy3Vy+nNLf/aehBA5Glwf3traLAj/wJxQqN91+6/YmXdw9Y/H+VwXeP0Waw/WZ66LLXjFEbEUlzS0qf0swR/ZxF30oRAZpqEjbH02RCFFdqdoZ87O6rsT+Ap2GwwcC8OEIWXiBeJNv+AFT8rk6N7TJeGJxFRVhIluOeEMvu9i8TgRPrLM83Yma/7wxoEr328YKKjnKPx8dccJGaqopdhnDCF+AncttJh31lNFXFgrmhFgMviK9UZKwXsLKNHad7tX55Pc6V9vbm4+3hzGx/Lu8YM3H//+f8KqaN91xQvjdp3+55/PJjQaEAmTII4x74k+UVveRbgVUDeRtpEnnryjb6GCwgsMTuVHk0UXnT9lgSPpLs4KaZT+203tLePjv6QL61TG+1FaPOh++MvNv6dnmQgukYAL4e3Kms6FUsRcPl3WlxYaX7AsPAV83SCr6lPch4eziwo/fKxdXNTq9Qv4Qz94s45/4Bf8qfGjtY9/aTawTK4sC6gy38dhs2Hn6X98vPnT2V5gn68KsqZRzMB5iwQNfYxtCe7ETzzi1Cb9FD5BtiE3GpmAryBJABB0Vkgb6X9+RBJqB9rgJhCMt2s1pg/pvfmvtNFY2s7R8Ksfv3zI6jX+DCLx8awmgjV1WzjrCdn7CKx/1wlptwQVTK6sxaPXt60W0onFE4Da57awW0nnztF9SnkIcPdnEFvW/MsNEIZEEFVMHP0AefUacbYOjKz9tdnETE7//Eia6b9/vKjBdJxhYjZ4EFXeTE57nzyrte/Slh4qo+x5jwN9NjRUg2PzqoXhuI6qSExD8eu5BFQj/W8QUvWvRgyrMRNZSuvqiRoL3usxFmg1TsjNX87p/tXVhhZj0AcG2206oh17M9fgaG/tPfb5hacMDViaeS4t7BaHWkGou+25gzPuPmr+eFMjDtaJgyiqKJXEzQtiIDwN5H78bzIerxaDoVYj5z/+xzljczkYkyIS+hbYpQofnWINMQZDQxk/koANOUjaZbyJtGI+zdsFpecwUdc7r4bgKciK1Jiai4qbinNkZ5CTN//KDuCVXEcTtZqm5+bH9GX71gBFpKQELh5CrLdbapddLcOWTbKBZlI+yu7bpJ3YMQbbwfBeG4iFDKpxWLnbM2qInoKZVKuXanhBN0kfkWzkMHkKZknUvPzp5ZE3/nLDH1T/+NczTERFpEh/bFJAUSyAnZwpJNr28rg2mmFc5CpE09aiJXHUpwyxdxayNX+4qSkvUaMfYp5i5QVTS39ufig/pNEMcMHo5PiUg1Yj21Hcb/7tjLEZDPYU8O0g8AVPsAOTcR2RDSHPlzwypkOJ0CW1eUNFbw3RL9Z8Yc4N441zcQV6CmIbWRXWuQOxfI8ePrrarNG2D32ijvPDhug0frxR7gZ//XCmHOwqocVOrMIEEVzea5qVY48GrknfPsJtI7nnlxq4kpoMtTbc3/j8UgCpLxuarPmvN+wa0Lig9bxQFNVKLpKVgbvp4WIbH7oO4xi9zAiUPr8BWs2qi5/58T/TFxMalxAGo6lB4wIWcQpMKSZUOUzRws46XkhcePjSNi7nOJm2J5Znnkp6LMTqZUPTANdVV7yi38rM1Mmc1tjho1aC1TjIQdbMbVqrCao1mwDvBXEb8V8l3vU6eIyXjE1z0HERfGZgTN2eli0yDXeCeBz/gbvwj17cI46is/BXWvYp08Yz8IJKZceiuHopvI/SH2+IR3Xl9eqlJSXeXdSVrbn4+BhmfmjMt6dGp/EDuVaeNBD8Mx4jGvwiKMMCwqbqYsZZRpVbiFNY88rR9TD8xa396C3hifGa4gxKO67OIJpmU7n2CxbKesW/GmlmRexTXrzkMNJ/+XhR6jCjhB9fYmKGqQy8MIzTIWSK8oXcC6qpQICWS3mEvTcUTWK+EetT2XuuIQbArA5gts5LpjRK/+uGwacCbOTv6wxmakeMBX16zIqsgbnuBnp/QgBR40Mj+tBo/uvf6ePIMhOMqL3sMQZXnOLdIgS7vb6+/jn0dNovjNg7De2jMN8gs5tQMtAdL3arBS91I/DJpPjyEmZTnkKpDaPti1InyRwqv//xmU08Wc/AgJS5V2dRqL/sMQZXBiXNULvEMp/y67C8CWnL4mOXb1KoseeWaaYrpD7ERj8+WqPUBlR6+jtIptiOKmG8IEfPtqWubqOM/s+zq8yal53Fk/FT+qcbFYORgCuk8JLH+Hy1ItkbCf3QkQrXyngPYXgUP0WC6heoMwP6JBffBxRS+DtFd3hSFdBTlN5P0VXZmUoz6ddf0+cX2WjcSfd4WHul1Uf/UNorLPSMwkGX4vY2WH2ZR9N8OFk3eB0CyQm8wz7oVBLRMXkktzVDelKIu3iZQ3oPp90heoqLkk9lRFgys0KmIMFgLU4IQePSPs6M67KNWk0mlJjHXESs8ILH+DwoysUkMBnYIVVe51ofjCmL5NH+hNQjClsUPm7pYkaffOU5J1KeTiRGKFP1kk/MSZKwSv8UI1RM8XR8aCzEIRcOgdqHH25YQOulEBCpTz1NNS4Hd4J5UK2ngwIqywo+wDsszwAPSTV1gj9gaFMCP2pF1bNOU4gypXSFAyWlhbV65T7IUVYxxfMP0D3sR4vr3JYV5spTVPEX43f8gB9PGpvmYMyr1ja1J8ABPESPQN0kE+/Q/SylHEaE23olMHP7t5zW/Xn1o22ZJyn8QJ6idIEKwDCBF3XmITP0ReQVNYZrHu32ej1p/PmGOajM87G4nkxoNAdb0dcYtrm76eUURkbLgxTW9r0D9E5pRTHC3cwkwZ0p5cep5AT8on+KQkxdHItiCUJYuurqYbzAF23hkzRy+tePPDkXPG2lwKLbP+kxjiikAjAe44BgKgAB61BXM7XtlLNW4Eq4WeAd7tGkQrG1FZyikDxFSRsnK+rMyzoFilXMfyYCyh4RCGGmYr7CDnWV7oEbN6dmqTnoKQoBmO6oPdMltfpjHjJQ46GklHcamiTEOaawzNmLFGbNP9+U8KxC3jUO6pXHZ0xzNoo97FlokKeoqRBaCbmCgZiFPOUxjnkIeihx0SpHL8c87FvHUsqWRm0t5MpgixA7bscTJyhE9FEJJ/OML6zMuXHi7ZVMhNa8TCi9tsoxzKyXCL6mUj7sg/DnlLVCCtHSkNfh6AvoQAvy3NIcbKlugDtxsIeXZ9ACMngL7zmF6Ckqn1xam0r7kFT+cy42oM9pLKTvOGL8gbRavZlRaU1NFnucEx6jCd4CKRza1YJsnFN2kbxFIo+8ReUPDT/orgzDWVF2WHl8+TwAbjY50Vs/cPFCIWW2fszUlz1FORqNPWahL9P/+HhR5lWVdpcUEjsvTqTAL68KwWva5WKyu4+oHoji2s3R8lMk0ElolMRIcUnOcAmHOywDz1EbJ7lZXdhm1iuQdlH+qrOneKWcstG2dbFo/HijUKjC7SpLzpiXge+zmj7ANBZ7bETTZuDYiFAwUUMhh3GE2jKTH+JE1M6SokU2yeEkgfUMeYOnKFNoZTROAEsloi6U1z+Dmg+T1eiaOiUka5V0H2W0atX/j//1dLI+XyXkEKhAoTPbJiO6g14dcak8XrnwKfO2AhUEK9ReRVhlBJCKIucIa6Eeu2xKclchL2VvD6aBIWqdPcX51RWa3Ub+8xo9RV25QU74qP/KPZLw//1pCvzqak/RE9acSCVlY7va+dKSRz3w97TEhBsqwckPpaZdD8GGAr7DJ72nS2vkKQ7uWCXGOPitV54CFOqspyjHh8YcUxc0TyrFSnnkCpfW+InnMcbgSpDCoVpZ/FDiEYhnACOPmnJxbhFrX0H10mswMyPCs5QY37u9xxQi+rgozUu98hN0LdXAy7r5c5q+XpSQUkJSpXUu6iq1UyJcZcjI7T9ZNB08sIXEkhOnGM92mRY5tHQXZyWMKcfYQr/QwarElZZdg7VZagi/p9oAABtLSURBVI1QdaPpirtHhSZRE9EHm5PHqd/Ktiod+vc///im8aebWvlxtUoKFL2VUDzzGNHgV0FE4NK2EZgudj1McacyVVfk0jrSkJmFVhNTjUaQafxEFvhsk2bW42ULQKQfjywCp0QvDmCrdGo4628cRFG9BOylTNRLCVGPPcF/jcHClXgjKPu/UtcHqXPZ/VIeF0PPPXoMe6KF5TRlK5/Rz8jbP3aIH9L/uakr0F8FUMSDehkg8lXVy4Dj8E+lT1Wag+8pyF6vVTJRrkMqoKvm8q+PIwyApS4mshlPE1oBJDosi5zm1vEmr6X0M46zwNCmeXu+7W+wvR8FiEPpPnGIFBkqwMGzr8JxFRnWq9CJSK4zRFXKpd7Hd4iyC5VWrdeOQFFJault6/WnUeLnAVc+DWW1QmDEazSQhDZnj5ZIc2k31J5DXYbSE6ZDRwAgtgGFBHfxaPYYs6kgotJEVh1lJ3j2q7V8trRMvor8apU5YcpqVXhfU9yrlwCAZPRZpuDq6p4q70dWWQyPZZWYpiEfchw8IaMpFWUYR2sktKHYxWf3YvYkYUq5fBUAqDi1nG26+yg1rKSxXGBU/2oH0FllQqo0ZOntGcfRWsHz/P7gwWU74R7V+utoS+nhzeMaU3b5icNlhIbDbcp0g5KqxbO0Pq3HVGazfsBs9dIzloEi62S5PHwgkTWWHUul0AqFltnyUjVJSp/hP0zqc06ee8K7wi+LOSiOcI8dPkb8HZoNznq5/dGWClN4aWYu9KfRhYp/ywW0yuKRlKrrqnBqmduvVWxisHBRBrqHgKL8qXLKCi1hZcYTRIOGBjEXtqjFro290Uq1HkR/8KyyrUcb+jG1qjZKE7U6R4hDKZ4tIGK2my1AJW71kgO1g5BypM40VebngOrUqmP9QoGFC+Z5vcTbZVL5VOb781WfOgvltBRJGrkh40GREQZ9j14+siyNay911fSK2oVz1ltrPS+J4rXto5KEkkslFGenUXGzBD0Xit2q0qZkXfXiWgXfD4sz5Cme4b/BgFttz9HQcLnelplIbFk8aRid03aZjPMY/oGHBuG2vvt8fa2ZKimqV3CyRJXKEXK6v17ajfrFkb4qrauXvrOucAMnzg/RdE05kaeATakhWQk6p4Z4uGdNpAifq0uOXs+VC6obidldby3WWopA5mL/LAjGlcNa5ftKx15WYpRJ4jIJXurqAR+UXC9fcaEQQcVhhUtJk09kCnAFGLePaNyW1/Bma9LDctXCsp6UX+5pjaPn8mscbHRHVpU4nofW85KhBmVqaIrVBZZG5UItZRzztLL8F/Uj51CvEFrFVaW6pWFmok/k9QdXK1rFV5p1sKXgLDTcaGg/6YfdI2Ta9g5ldOxGeUvf3t0+q/KmWq9qUZv158CykrxqyeZCYR7W29J7MPbktEf98O4LBYV47i5u/utZThkrvcmHL1wzeOzFaT1pKeWTOeFVb2xmWxYOuBK9J7N8JjbPs1EY9NQuKiIvSs+upPai9HX1qjixzObUqjCiyqVxRquS8CNIeDKBAUI6cwPaFCt6XctyD62e2FDOnu24mIbY11nT/bLlOB6pAtibXz+0T1W2NZs36toqtSntzUVlYyqHUisBtlp5qVWuUdFSL6GDEmUGE/DnVKbg6mpFuxBTO8y0yXyRhFbJSrYoT0oTNVRE1MwebpF2LMlHqmA9KrfU8N3x880IEddNKDaUEZSynGz92dMp7FbJH4PuAwot46PaQSCUIcLfpxKJGBsSJXNvlWnYgTpdF3RemEFVzaps/dHgZRxMW/lJefhg4xZTkGiSF0I/UVPT5NoXZU/YP5TsqoBYVafBcLxe4p66CkPYhNar1dXS5tbLpcTnnoK3lJAlTRzfLtTm7Ww4M1VlIqjhM7avLTRBuOuE9/zms4BrhmnxYmqLE5uCsCqxmvoKrNQq/hwC4sqlM3015fwZqSsZLzXzEKuQbJxM6A8GOu2emMZYNB1/KtrcQA7iP5ZFSvc/Hikv7Pcd2v6V34dmOOTyGwokE7d/omwIk26HtAyjTKVDCpFfVOVS5TJxrYwO1a/6cdXGhfKBR+D0VJUpbrcgFEP1ou4w3V5f3y9y2ldPNdC+OLF5bU/uBVA21kGnoYEF8Bnib+rqt5Qnq2gxcVovM2MlfK5CigqOlvaoeqR2yJOXoK50gvUqxCe5PVHkgHYmcYlJ2AgJidnNh+OwZe4NDmkv7afeEMeCtgXhShWCUeSlk1E8xVLrm+MTlVFct1dCrAsV/pSp+XoZfdQORpQp4JwGw7TSU5b/FLuVhf3rie3rDbQzOO/Up9LKtEvqFlDgqZJk+3fCek4ggAPyF/eOgcZleOtjM5sC01gt3up3skKx2fzIV1vClDJlViv5xdJ4QG0HDpWMUkSWXrV+MKOnPQWwsKAMDduJnhb9LdJoxxooJTFvJXrP3oQcJ/QKYkqr24sW9mlb4XZ8sjWRdLcnmBhRTXbtouRGrTIpVaxXpvq5wqZKgT7yD5VJYjRbmaeTRQ6NwYOkVRdsb6G3ptocpMxfgm9UViN9ofsH715LbUP1QdHo8Aps+Exb/TrCOclE9Biq8EslY5RBrNeOQvaSVeWyrpLdC2VkyuRarYwwlNs4uXT1+aowyVXgti7EaMC34aeM1tWYS5b/7E04clZPzO07CR92knCsT4YJmXiiM02GMUaJsy+UmFase+QuSvtfPakUlDlX5WZKFAtPnFy6AhYKj68ItXCpLQ1QpxmejalqDe9PCylANrKm6PT1wN+t51tUZkyZUzUjMNE61bmlgUt/JQxT8ZxClUcpYgWmy/yL8ualSalVqXx2l8pLnl6+x05DDl8QVuyleNxbep1qbalQN1jSF1rU7AS9kbqgG617hj3YjYfTc5nE7jvPmYgeg9lAF1ir1EklCS9K3iicevDmFQq6UNm4epkiYHx+ssihOfhVUrUTJT/NHi2hjQrOo9F20I4wThOI5/1QUwWzLMPQhl1un8jbuXce+MTnk6oKa1SkU1OWX5XVlBFFiUHLkrx6WZBQJqWUYzngPyy8PNXoZDBIuGUZFTUBCN3upks8VCRWoaFmimeouxx9asBDXMPdiHk3DNfk/HWKj7U9Nh14rvm0r6vkykUZQ9UPVRkqWjjAzgvlPFmkKwSrmM436qdLoT4PFha1oaa6e2sOlyvk9RSrY5XVXz7btnYY6jmsMvcmINsOBcC4vdu3uOkuoNNTHuNPKqGhFv6UK6+VO9jKmJExXL1eVburIKtc36jSyjRFJz3Fh8HA55YRW5db7hShY4jOvMCOx3T5/XNHCfgEZ7G3DWYUtyAG4HdSXBegbIbWNf1TLXiovr5+oeL4MjpU4cWFMiUKGCi2qXxh6SorH1krg8va6ZJEbMBDCCTHGjUAlMOfJ/3AobhPD7CjwDR8HjgdxkJQ7I8truHNGPE7bkZuh3vwpNLsnpBTXBQ+FC8fY1KVpLo4rOMou8IZptIZXlwc1jYUH58XTuP4PPjF49gWW7dg79n7nZb93Ka9QXQ4k2qU9NKIJFnNtqSifSBNmPMMW4MbqpPt3LNOySl6DBX5XZT5+Fr9sCJ8US7jqmKEKhGjso6sslUagFh4qsihgY2wKIXbxnWyVq61Y7hM3PVkqWa7UeuF1i1qjBnvYeIReN24pfObEMgZPncwTwJANs++Omv+8PeP7ztOegqSUQxTaQMTlr9Gl9r0eqJFVnlu0kJ4Zwt4VGfFtcSm/HwUYdq7Ni0ISlbUlzCVQXKiL2Qj/bd/eedxonAa7KiUZNVxN5duL2llYr5i/EaLEZl5ptMXjYJ7CGNROy1HRbPrPsCFOMjymKKotu32Tta5vfd4bmYuBw8mKwv1oQVols54rlM8JYYars2t1xqX5yH1Km/TPu5hugg/8TkgHa1jsZyOhXeiK10Wvft4+hWghPeBwIczXL9FT7GOmaWFqdpya5b7AiQ9jC5v5N/QSqPd6pNl1rKeNtzveVP4vRmcbyL824wI8Si32i4w4gGtQ9aJYA1s0VWV0M4KXz2GIo9tahoS66ovnZZ2gbJJjsEHiUhqB5vBb3Lew9kxuOoJ5tgII12MEhJcXDHkKnEMzkSAFr7KQpog/NPFfcBhhueruiHud18vxwG/fxib/d+dxMHVF5t6BKGvB9NOez/HdOIUyizDmYWQr2ghjuktBV9TqvoGO2wHyQRcaubhCaPcpXVuY6Pd9ztW5g3javCLYE+Y6W6gnDuucga8yEIWNApfM6Q8wM+jLM8ExhSZtoToeX7Nhy3oPi8d96TYXg3ON3N61/F58Kvr7EnFuuGs8JCSFUXBhUUlFRTUj81TCajnI7JIGDPswICWqQDZKDKYIPooPvmhsPBwmd+Ni0CgE1gkgDO7i8u32GmUz3mmpVxyAHn41lM8wCAhbqC28wCMIsAM+RwBG4bGfIqX1hVvITGLLpc/wd9mG3dV/ARa/Rl3V+D+Cng4+4m2Wrx+yNDV4Fc/8Eh6RqEDs71djnPwZ4E91zKjOqpp9ZZ+5Tz2TAZ6GdToHK5s0Y3vJ7Tcqlq89l0k8RVzM7m1b8H8LVt2q9UKQ3jn6FbiTa/V0bIijuG2HZ8JBUoCA4dTvJOWoZubzlRLHQwHDNml/g8Et0ay9eZDgofM7gjLbbmyaLKxk0wb0nmuVMcIJAo8Y+Y8iT8VK8TBd6K7WCx6pmzCZSS7xWJmhm3tsmXO4OHkFQOfDa5+NRWBOR5IoQd4Ym7WpZNJA1zFJygS2V9z6NPYpcOFlhjewxRH25BKqCdcfaROcusKUQxec/09ECStID/WcEH421TWQjX2uU3H1ez4VNGXxgdwEyLgdqqXXFhiyFuqhSqXc7mTemGKrzhzKrLK42ngE6zENem46Hmo9s/bnAe589z+ayRukcKe3Pe7yb0PFGZRk46xucR6OXPVTVb7szirObjqWIHLxxxTbVC809LklgraWrzDXR36Y3/Vsavq9RmdVONw99qeXXbP00N2O7PQ3Lx42tMRhc1i75qbleOwZWrqvOdqvdItPdHP+bDPg8FYuhv6himdmWJTvXZ4i84/J9tHK0eR97XHIBYspzm2hdZpd1BBJUTWng7VKc/obgXO+RO7iMIs+tBsThKpmNUTfMlZ1GheLoLwRWOaXQ0Giev1KcrI+bwVPMd9mEezT0mkTdBFsxoXpv0VMoojMtmezjEpies5Y5sc/oQavuNpiPSyoTRl78UzrZDC1g5DMGNvhTGfbw+QN/6JblzuN05o2y8eXggS+ovhxDwvw5h0EMzB6JpWikKn7flqNQ2g6ssf89KYxCxK1MRFpFq0d4wAD1vLPSq1USfbpBshEpDUl+BgJyE71w02d20O+D6suKUtjJ9MPem8xEE8IbAnAqVdSzptGW3KBFOHKdoINPU+AdFpq/rMrxg9wUeaYDkcHsKXWi6eRRZxsSMwNmGWjO0g+HKGjU8D2TcKU3MweEiEy0epa7uYTACQM8Qm42Ng3JwcIjvTTWB+y3GrKw43UzyyFkU2x+WaqROoshXdNHj629K0ug/vG2xEV2BDgYHlGZJU+BR4MUz0BCFzpmVUxGZzTsONv+ng47RVpgyUAmhYWOOUBAJnbd52kybSDBZwTe+FU1FAkYEWf360wlSYYXWXPT6f4TblbKLO4dTIlrszn3ZmTELaOAVYEI0YauUo9o/6qYLhUdZxLk2x+vVq8NNX2rPT43IAPsILwjtlmURAWwvRfM/Arq6xm3cXwQcbw2Hr28/LnXms5zNq9drJt/ah2TrDifKs1bQbBuJ9DpPFo2Q7uiscBVc7Lfq6W7aVBevGnaCTiygX6L5+tszLo+vyqeNjiwrdTOOofaxD7HRaCklM9pbp4YHO33HgMcgn8u/LXri2ggHpiuCnY4J92SVoNZFfPdxx6FCTErAyX3Us4NMv3AR8jlxXVIVx3A4wsFd06rhh2MrNgagK19wCjVffanPobO4vG2HGd2n5mXSGpnkP07a9Rl9x29rmY4828/KVua/GJmdHajkBEdB3K/owQxUWQ+7ejibOVnEnHsxtyjs6ePzrGRkh+x5mujgcrz5NJIFrxOnZ6hotwWI3H/VxmUmdPbW14q87u/LZyO1gRa4mcatNGJ7Lpwqk5f5bmZSnoS88yxXJF7jWweXXJDmyJkzL1a93gevaJX3ZzCaE6IczzGl2SmC9prPk2VkvpHxTZubcmKizuZlEPGR4RV+1nNImKt6E4sRbJarZ3JCu8MeAVvEI+TfZncYlkvcwW8HsxNtyD0HbEWTM3GCipTpXTkzTKOtRqo0J3NnPGrF+w2jHyhj3aa+CoU7J/VuEuSnDcQOut/V2JaqYdG3hiv34l8HrVEZNpA6lE9yfsPfz8sWTFdltw7fHmGHAjXda55MtLZcOPOfNk6P4e85VP4x5rM6L6CKUD4osQyZ2sGzOcHu4jZe0U5jVqla624fgr41u59crJODq8+dm48MxrqKw4jMRd/XwZXwPFy7DbQVMhn1b1dSj07+893T0zJHjczdX3yIC16V4fffYhYrEMfpFU3dtRotbk8pQytaq2Lmn4heeRgeXLfxu78sDMfP5uBo8/NIpNtht1w7GB4s4SVgBQQML+MDF9RikJwSDMiXPoTsGmYF1670IxDPbFYkzRDeIxCX3lcIE8cJ2heVwtC2UDaIxHXVbNjUN3idFr/Pl118fHq5wDB4efv1l0btL9i6IppCtzeIIVq5XtsPd210Hjwvb61MNLJB1OySwDXzl6BJEdPMtcPv02MUuV0mNuNhG92/XWBpdoEsed+bthA/r1n3ztnvsnvLR3b0tJXdFtixPSg9/LPWAjP3uYnJ0ndNOHHrK8Zo9LQXKEcvMPm1xJy+dga62FeIlvRt9Guqiu6KZG0oWIInrrkfH0i8NS52o60h/9iirF+XtzngjpI3nh3lIIdyU3r47G00eoZFolISuW+BpBTisNSAy+k4f+wJFFkU1NkPhmX2iCvi7RrsVOOwEN7zla6el12xa0ulw0m7PRis7UCcEuLbeeZa6zFJsVTXB86fKxmPHI113WzBJ2Ipj5aDBxEKs9BPQk/8Nz3KcIErU1Vq7dietcydzfdOY2IHF2lJQKxF5t4QwNIOwJYiBMyFc2bCwXT4WwfBdO9i234oXs+FiJbnpLRY59Vq7XeggD6c24mKcLAL9hunTxGV9Ic+mIL9t5FagUPa85RMyBRTV8/nIM53OJ9LSjnTKRpa+abU243X+ijWYLjtJKF2/bGbljmf4lunK89bape1Q3DA0XMJOXfqwVHdbL9Z1fc9I96ZSgnxPXyiStbSHVEGHVQJDjFfTJPBdv3QgjmnZ1r5YtIfPm9RE+WTeS8zWLTZ/L+mzjBUYkiGi2t3Pa6xzwVRaj5I0Tshx7gRCx69Kjb59ZF3PKpMzCJ10X9CaSM+lIyKSWMfMobXq6LEI/GrzlG8KT4ahs+p3i/F2ux0XRX+1l7EthX1rFXPcmaNiagFEXadaRMHgdEK40B5t6Ah7obNqL2LT+qacxZvGDOJc/vSJy8EGbV0Icf1m2tJ9CaycA9pJR4VjC6dqLot0hiE1KnWxTWng0wSIedbmfTq+8DCQx2Z/mLrc3nZJh7HXnE7rQb5KKsIsi9W7ZBJeGMtWELIKRHcxtVl0APcnmCeh2rBPkbZkf5jluySwRXUgyz7NcbmdD2RRwSZ2jp1qu08Qv4wmRcs1qJrOxGICk0IyajBOcEnnic0dM/wNbMzxSO8FL0xiVE9hsdPa4TKxVoTCRxjVBqZ21/iS0WY64saBwLOEevqUSQJO83jdyUxvwceNqTF3x8GjCyfXE9rsA1+TbXnPpKNWEbROy/y61YlvGlvbLJv3dGLcL+YDKqOEyW51nxIkh1vXm9kwGWOQDld4X3hBkk/35SnIvITl9DuTW9Nw7uFV15zmb+9BkzFPsYS3Ba7jcryWcESVriyxedvZ4t83JsKVXZWAKpSo2r3ym3MW4ixwuVZ57NLmBrEYjhJw9zgmO0oO4HZdZGuYaUOsLmR/A978dkr9jnRaP/CFrloF7Vpm/IZakvcYUdd2y122w5VEUwgwpk8XMoxzLZqxC+EgbuVABJSC6GVVLMf7xDERjxXXNryjhXXaCtEuWx1tcq9MlGupVGi+8tzgt7OhT0fbcmWiFhyWe0lb/h0pim0SWugurz8lAXU2AqpTEU9BuYAMfb7bLVJcB2RLY/K2XOTlCl67tjkCzsR+Lzkec+2Z8qOz2Gxt3y+UeH1E49AMe+ob2xubu9cGpkMt3rRoudUldpnqIpj7hO57ql2GQvw8xyiP8+Z40kYOlggbqPRaEy2NQSRlbzjzfc47C08V5mltU1ib34+BPCZ7CIHKNNcSUTf7x30JR/MWXLkeg1EC4euCtR1Ko4VhrODpoHqkzHK9eI+J+a06dtOVhJfA0HoLRV+e2OZvA9NeGTvpyn3ZMAxRNzkDgKPhfgYxX/4Jop/Y4PoI3UPnZo8OHNR5i3Exa+ML2pbQMjwUR/nPwN6Xszftgrh0vyPp+x0j3d66clUGvGnH9hxWMN+VXrewCXX52NsnDffoEkBE8+vbVuyprHm//KRpAg5Tmiqf7otWUYpkOrZdef97C+hhTIvYtVdV47dlYVu+OiDHCXTAVz5EPAmGXn0wFuUCUTbxOHGOFRbpZFd4uKJVAlk3vK/SPdMxzOH+q1d333XkfZjjTYUz0lFiq23jFCZSxDcedrwxtoSv3qQaHfpBf297IihBDoaVRwkClHzL/M6U9juMvBu70lpUigKoW0qT+6gwpYE0jUDv74s7NbqOCpYMx69wHIQg8eooNdBehcC/P54+HPnYFsIuDhmobDIDhOY6ZX8GYo8DgothBfxymPgq8gBmCtssRkd5ulkgj+X/Dx/pIoBgzzmuOkgxdreBTN+vFqzKmOJ4EQtYJ1ub8ejordE6icWRtfkHGct+aAn7fvcIGeftTnfv2tISLsSEh6ZjwNHAdIVnSz/pzYfH8V7U7kpPSH3xWwaB3zimCx+kFXTpydxn00l717vr3/se1iK2WrF09v1iuxgt8ydubjrqhlLIcPwPxr7DGM4MIFLKYvTmOshqpMuebltCesXy98SfXz+Gi33sCSvUi/nwzUAkX2/vQ2lZtj1e/gNK57ORrgsj9DBn7xaddh6dYUk0ney2m5btWZb0+ruv5/wfN6brrQ4WxvKkbRurbm8xb0/yfDqdYl/xPB8uR7tZkeyl7SFxtih2w39s2Tw5ouGo1w9iWq2weLkihEHrFxIeAdJkKFfFYvLH4Or3Gpj57YwT3XEtohEJtISjr4rZYv12Vf3fMLIIt6RN8dc51fzn+Of45/h/b/xfOt1srkAQc3MAAAAASUVORK5CYII=', '', 0, 0, '', '0', '', 'emu', 247, NULL, NULL);
INSERT INTO `universities` (`id`, `university_name`, `description`, `logo`, `location`, `rating`, `student_count`, `email`, `phone`, `website`, `slug`, `country_id`, `created_at`, `updated_at`) VALUES
(8, 'European Leadership University', 'European Leadership University (ELU) is internationally accredited by the Accreditation Service for International Schools, Colleges & Universities (ASIC). In addition to the international accreditation, European Leadership University (ELU) received its educational license in 2015 with the official decree and approval by the Ministry of Education and Culture in the Turkish Republic of Northern Cyprus. We have received Institutional accreditation in 2016 and achieved full programme accreditation in 2017 by the Higher Education Planning Evaluation, Accreditation and Coordination Council, Nicosia which is a member of The European Association for Quality Assurance in Higher Education (ENQA), the umbrella organisation for recognised government accreditation agencies in the European Higher Education Area (EHEA).', 'data:image/png;base64,iVBORw0KGgoAAAANSUhEUgAAAOQAAADdCAMAAACc/C7aAAACJVBMVEX///8AAAAApU8AqrzwTSI6tUoBT57tAoxFL5LuHSOLxj70eSEAp46rII7r6+v19fX5+fnb29v5vrHuJ1z71b/8uBS+vr70dQvvQARgYGAWFhYAmtrIyMhqamqqqqpJSUk+Pj6ampqLi4s0NDRzc3NWVlbR0dF/f38rKyvsAIbj4+MdHR1BQUG0tLQjIyOgoKCs3PLtAAC+1jDC5fWVyegARJlaWlqTk5MAoEMqsT35t6dPT0/96usAgcvuDxcAQJc5H427UqR9zIfI6tnO69Du9+fu+vWDwitrxrb+6LL849XwRhT1jXT//f/+9vQ0ForwTndTP5rx4/FQf7fc8eaJ0qklsmh0yZql3r9XwIcismaa2rjC6MdoxXRRvV+I0JCf1Ka6072859Hl8tTP56+u1nuVzE/D4Zuh0WTd49RjxI/T6Laf2KRIuXpvzNeT18yA0drV8fSu4+k/vMsztJ+h3eSt4Nnd6pf90W7U43yEz8N80Nv/9Nz8xUfI3FP+7sn4tIX3oGf7yaf925Tl7a/1iD3uroz8wTX2lFBuvughpt/W5oe60xL3o2/yaUX5v8LyZ2t7o8zxXzr2o4/82dv0g4f4ssOckMSetdT3nqLxSE36g8noz+Lks9mxrNFyYarsAED3XrbPebydaK9lhrL1hKDxYIP5o892IJEPXabYpM6CPZqBdbPvMzfzfF+xiL76vOL+1uyroMu3RZ7BarD2jMf5qte9c1u8AAAWnUlEQVR4nO2c+WMTZRrHJyKUo52ZcAQy5m6apJMmsdQ2remWIiZVsAVDRTxA1wriAVrwWhdF3fVcdgsKyhFAEARcXQGPv2/f570nSdOWJs0k9vsDpO+8M3k/7/E8z3tMFGVRi1rUohpQ41ty9S5C7fXErid3j9e7ELXWU/39/fccfOKFZm5P/el7QMDZvO2Zu4ep/56ndmv1Lk5t9EL/PQKzf9fu5ui1uVw2Oz7+8vh4NpfTFeUZCRI4mwHz2Yf27Nm7lGjvnj3P5Z6wQiLMZ+pdxnnr+YGBpUIDS8dfKYZ8uvHtz19lxqVL94zvKm7I3fUu4vz1sIVx4LnxYsaD9S5hFZTba4F8dktRb+1/od4lrIb2WCAf3l1kXF+pd/mqoucshif7ZFFLNr7VUbIT2d0y5F7loLUhn6h3Ceer7Iv79o+8NC5BDuzJWRl3NXYgkH3xwMqRlStH9ukVjGtju4+JfftXEh1QJPNaZFz7n6p3Oeehl/dBI1IpD4n+OjBuCer6t9S7pHev7H6BuHJk4nkJMicHdY3tPl6UIV99WEBajevTL9e7oPORfkCClMzrwEOycW302cerUlMeUERvfU22Ow3uPhRln6DcLwK7gWelZYHGdh+gCdGSK7M8sBvICuNa3n3oC13Qeekl3pSyeVUOipYsF7QeOtJQlFlheV7klmev8jRvyCdzra8X3ZM7smTJG3Up7d2Ku5GRfblyxjX3SGvrI5bWnESMS5YcrleB70rcjfDAbuB5blz7d0+2Ir35tsh/GDMuOdJQNlfYHuWhkhnzLuXNVixOeXgJ1aF6FnrOYm5kJPsaHZR8xtz/wtutVHRgvrGEq6E67MvcvD47wIK6fha0trbKlLlDgnFJY1lY6kaYeZVmzOOvt8qUxORwvVXvgs9FWTqnpOZ14LkcbcgnchLjm1uKGBvM9lA3sp8sS/IZ89PgPjhj7vCSYjVUUzI3QszrwDjZ66Hug+gR5a0SxgZryglLYJclM+aDzH3g8XiolLHBDCxxIyOvYvO6N7eLrHlw99H6tn6kHGMDGNhH+ad33smKeTMN6vpf4VbnzfHJsogIcrKO5Z+NHl337hj+kPvb8eNHse3B5pXNmMffq2BysP4+afeGPLpu3br3j6IPEx8c33j8b9j27M/tGaAz5v5ncpVMDorqDjeA1XkXQa777JiS3Xh848aNxyfwSgjMm4lx3cXcx+vK38t007fsSbj2w61j0p/H1hE9ijorgtz4AdgeYl5zT/WLoPXtXInJOfKGbUfiR+tXff7xVv7n+xRy3T+Ud3BT/jM7QgK7Pci49h/UifsYL4ly7EuoKGOfrFq1fv2qf68lzckaEuld5Z+4LbMvjYy8lIOgDo3I8beJySkyqzYfiGvXrwKtX//Jh8D5roBc9/7YBDTlv5SVIwf0vTBjhjUPMDk5i8k5ctjGjYj1IYHEnJ9/ulU5JmF+djQLFvboqyP7lYfwjBlbnfdkk2NXU2PR5xwSd9uPPh5THuXjct0xBZmfD5QDIxOvwR7zM5N4LYAPRzQQ9Z4vvrR7Q46tsooMz6P/YJyPKv86fnxiAs2blyoHdymoIcXE6tBkbvKBL++77777600xg7auX1UsGJ5bEedn3PygpnxpC5oxI/fBTQ4yNZP3AyHSF/WmmEFrSyEJJ+q2ZHi+r0wgN7Jv/Lnxp5TWN8l6FRqIqJvex/SlzaO4j8tCYs6P1o5lYXgi87Mx++L4s1v++t4jeL3qjZwiEQKkzW3Pp9NB0uGpQLc9ln0nl1Nyk6+jKOfQpEIGoiybW54Pp4fkw/PYu3TylXvjcK6UEKmnvhAz6cP1M+qTT7ceJZn1yfu/KCW0v3ndunYW+phF8D3393DdL8mu3XX1g1irZ6EHHxykN/U8IFTX0s9S/9kwW/3vwTEKqfX0PHDfX4i+rG/xZ6f/bbt3Zm3b9p8HB8emTkzh/qprJ086wT8CpN0DAKzHZoTctuGrr7eOnTr989CpU9/k86N557ejJzftPKNiTpvbGqKvK0Nu23DvY2vHBs+e6+4+Nzi1Y/B84UKhcPHS6JneTb07z2iTD9jV1li0ugLkNjQQV4+hbtrdPdR9Qvnmu6lbl51X8t+PPn5ptOdmb++mm1d7bB7JEW2dFnLDBjIQV3QPrVjRfVa59t0Poy3XC5u1G4XC9sfz6s5Ny5b19t482QCcg19VHohAuGJoaGrshzVrTl3vvPVj2+j3/1V+2j58UbmKKBHnspvIDNUbo7LGyphXMhBPnT03BISI8edTp3asWXMt39Jy+0pb/pcbP+aHlw/fUU72LltGOJEZqjdIRZWY1w3b0EAcnDox1E0QVwydG7y9BmnsfGfL6K9thTs3buS/HV6+/afRM8uoenuXXT1j43fSrOYVDcSvB5Wp0ysYIRqOJ8a+AcZvbnd2Xtba2i4Ubtz4RXt8+fLhS1rPsl7BaePhuXab1E3RQFTYQGSMZ0evAeOO0cudnefzbW1XnDdu3ChcHEaUj+e1m5wSOHeetOdEZOwraSDqaCDKhGByRn8AxjVTtzpbOm8V2to25/974/vC6KXloIv6zk3LZEw0PM16I5URDMpt2+6FgXhWDMQVzOQM7sCMPwy2IMjbP7a1teULhVFFKQwDpGR+RLe9aj8ztHoDCk3BX5xYYSVEXZWanDXYfbS0tOR/Q5AFfJv+E6bc/q1yxkqJODfZbnhu/eqx1RB4n+5eUSRmctYQ94GEjCuyPOS+PO6vyMjK5odzom5rq+FJp8JTQ8WMp1GUQyHBfbRgu4MsD73vW9yUJeaHNyd4z9G6UZXX2AnrcBw6O3aNIoL7QO3Y+XsBIH+jN6iPL6cqWM0P16abtjNClqYc+nkKReSUcYdyGUPeugCQv7JVkIvDFHL7xWLzQ1vzpO0ChNFzQxLjKZTAWvLULWBs6cz/ApDU8qDrlxjlcBnzA7LVsCSa4qan+wRZ6SCU10ZbiPKbMeQFdkOB9dfl29Hkq9T67KwbSgWdHuJmlaZg6zr4eyeF/BVD/sjyj/7EmhLMz2Sx+em15bLB4M9kYnVWJN3e8d03ecJIjaswr8iNcNuzfLjE/PTutJttJQLbM7RiSk4auzZ4mUJeLxDIzaLwd7YvF5jI/FhiPBuOSKzT3WBWrbpFRyTMmIkEpCaaEg3MO7L56b26sEWfvQbPnRssShqlDYmM6xUKWRBXuRsh0Q+aYnJM2/lIrlPFjAqzOi0tymYKeUFcFW4E99hL+R5qfjadWchiz1P5FtaQMGNus5pXhYewwpWoO3tt3VnL6TxrSG5cZfOq8BCWORI0Tq8iypu2m21V0G3WV8mMmehX2TfIbgQY0SzsZG9vI3VWbnVa6IyZKC/nuTNsZUQ6c7IOZb1r/cEZ6Yy5xLyihqO2B1mdehVzXhpskSCVXznkBUuuAl0jsN2UY3YS7gMZV253iiyPoqAQdnj5xfoUcd4SVgeMq/bjld82g65csbakkh8evlQo/wj767zUWTv/qJDx2zsN2lWtDdnScrtCTntON2ajscuds4VsXF2XGTsvlwS1zSCL+0B2p97lqYl+t3TWzt/rXZ5ayGp1KhvXhtV1S29tVrtz+7IFsyntDnJ+t863dPIZc+O6wpmU/72FcDapcaUavI05O6/XuyC11u0/zl++Ve9CLGpRi/qzSjOdQo20sjoHheIOSdF6F6cm8jksCtW7PDWR2wrZnC0ZcDiMiNnkY7Ld4QjMLqdqshrQxUcm3SxJQpmsx9S0kjwoy4KsCJZChvx+3mnDfj8ZpZ6+9rjDgM9qMBOLG8lAX4IjqL6OmGEk2ztEkscbiDviUooa8scMRzLg9vAs7kDSMGL+UO03dksh0SjNsM9+h8ML/4fIiA0rSkKM3y5aOleSJwWcOEXzihSSySnykBrUJGPgqzFjecgO9jlDIJkJ9sqMDkcM9zWPnGSY9BHwWcoUg49J/K8jBQl98l0uO0C2g3OJOD0uHQruTTidkXQ7dTg6lNwNSakAaWxcExmPqZpOaNE0rYgwGoAmVFcMdWEX+j+ejjidCcjSXntII+PPYPkzZllIJ3egCdYQqL8BEk1i3hX1bkPFT2DFjqKPOv6viySkUHYTZzFMnsXhrDmkJGdZSGiHCP7bTdoBK0Hyo+EaZ0nQPh5FM3hN4PqBTB0dQZIQIc9qJ23OsrDsdYYkdR0QZcPFTeDB5WdJKk5SpVFmFjcTgdSTovlVYyEgjTAX+LFKkO1STERaQPdL2TVsKgEsE/Zi9fFOgEZ0AilEIOMLDRmwpswFMjgdZHH38HRJCU0KaZ0GNAtkKOJhipCx6gh5UGxsJuwB6a1seCyQPgzJA6RSw0Pkw1YXK2IPyLBkLok1FZB+6ZqLFBclxVhSBMOokk/QQumQqqRRiiqy2AAyLaw+6ZESZJobS9ziDh1DgifBCmNPr3dx109dbEpAuvCzFhgS4pZgwscUIWQxFyqTiiNvpwwJ1xw+FKroEQBCXRdDOlI4CWKXPoWE82Ecz0TAQ2n4AaSbm+2Yd4Ehw1ZLCEUhU4g4WfuB0FVA0uxGnATfKoMUSdDO2M44kslYkj5Sg/g23hH2QpXCAFhgSMscgnyz5hd/BzQrpC7NkAwAAkh/hqf5Sh6agSdEpISAuuCQisstL9fhb9ZTNNiLpflkisdmPloF8RAeZQDp1kKkGTvYjNiMkgRHe4rEtWaYJsRC8MgFDuvgWyTR1Qhd9SQSHpP/pUrrFroacUnXiJ/UIii/vLihOV2Qok+TIL7K+tmesgQDzapFyGbRImSzCGK4zMzZGlyqxb8salGLWlTNpetz/xWJMvck0vZ9ZxFPmYJzvMfn4MsETGiWnawlpbN093QOgg2g+UNCVdXytAIsIrrv/vbqQOK9ihpuUtoD0hmr6bETe0DWWH9iSFVDsmRDshRMU3EOGVIvzqOo/CmqdI1C6sXfMe13zVtlIHWf20BlD4T42lUkCpbB6Euz7zZDsEkVizoVDmmm/YbDcHQE+TmYVB/6OwYLsj5vEt1uuH06g9S0IMruSEbJSrUrHI1S3+mJthuQN1hFzlLISMy6dKcoQbEISVbjxB5VIkkhpW0rsg2i0gU/J//EFjghq4uvEOLFd1iYx61amzMhJZBOQkMKAWcayCKqQRaK8WByOSwKcka6Ho1bJ+BgkOSch4GXJOWjJDwDrkYDr1QG5CtVoyyB7IAWdGq6mYAWpQclHAlV0flRDrjQkXB5XL4AhYQlc8Nn6poTdj26aM20J1wulwbXvB5VUyNkp4RChtC1FFRKVIKE/YVYCj3ZhVfxq7VQWQxpOrglUUlX1NrZ2i/Us5uUn3m1DMnuc/B9ILLXBUc66OkOejQCFMB9GTLTa6ZBDlpQSDBj7ZQs5RD7SNWGTNDmA4Vx91IzgXaa4sWjilU7yEMgw2IbC471JHBWuscnHe4IZTIUMiW+AkYAfaRHAtPi0hmMKkNGpTMs6eLVGwKJ/u3SpdvJbrOXZerACGK7GrI43B4x8fCJpmUblxRSvmI5/VZlSBgLyJ5j8W1GzXT5UkgBDIm6aAcrMvGT0KNj9KYo2eWQ9uSDeAwm+WRKDgaCZORJkNxzhGd9fPOuICVBXepBQyQgSH9ZSFkp68GDFL3fLRyQDKlbIE2pJAsEiS7pHXJCeciY9a6EFVJRg7QW3MxP1h0y7uIHNzz0dEq7D1l1lytTATIjbvJoRZDoa1xkCzOjzwSpSiWpFWSUnd3kgk1WXXyvhi2CDJnCC8xey03FkEhOvEntmktL+pXqqBgyKH1PIhwOYefITrUQSFQPSQbp5J2TuRAlHfZaumsqGqWhCz05UBmSnY3R20sqbl6Q8rNg35uFU25cl37hr/pwGyakotBjnGlRNfDAtAwZFrWYmQUkK4zHUb24DsqUTDEl8DFOCOLgYDmpeIjqiFlMkAR87MFnqqrqBEY/LVEgAjGLGSbZBSSuE2h5PWJg71IZ0hF2oiebPkPuuvOVxfp3Ua8W73B3YLsfoeF4RzgaxmcFAJccSE/GiGfAFYDNSnufG+eBaEJA4jrp8nq9fvrAGSDFZKB676hY5gTQKvKZFxx9RaUEErPKWUgYpsp1BVGsFK+kpEtRZQZIQzw7M/cV3ekp/bEkVRxOGikJdmqTneVIsAlQhg1F6hDQpJf1KD1NMZP4zKzijce5PeMPDOBBljCScQaZQp91/F87cyEJ8qDYXFdVZhBeiCAiCWbE4/JEpBHhLE6gWSzOJiIn6Za1DacHLrGwVLpEs9H/qAvBz7HXzztXURY/2axahGwWLUI2i/4UkKon0ryuY1GLWtRdyOWqwqq9mYjMnKl+gkXyeVNGHNVb+5+LPB6PPN3wTBP/482ueb96DBtcdTg3WrTGA2sdZV+9hSP/jnl3tSj/tkhVev8sBZDSvopXvGpcJE8sPv/3GnSvkSHz5WTN32OWNGtIpTr7+PSVCdizsiNkVeWcbljURBUhNXXWkaRanFXcq5VcI2Z24ULxaSHNtL89bsS6vHQ1K+12R3Ul6HaHxU9+uN0dYHA1n7/dQFmjvG1cfejeONgpl7sLfuCjixwccfa5+yIoDk+Amc24QZqnw+0WIyHs7qv+K03TQUorlV5M1Yd3ui2TIfKrAopHvOtFVtjYS2seeZPMcNI7XNadM9PiO2E3f8EgLQc8sNF3430QeRcBLzLrlhfqyDW2UOvB2wdM8MMRHgxp+Z0jU4lLy8iJajiqWULCbovDm4hEPCHmHwkkvC3HSxTAnh0WxkOmaqo+WPdW6VGQdCTiM/Frti7VNM0QCSUIZNCNV9MzXuiuKvQR/r6w/PMTtYaE1kmTFPgY5ZC419K8Kt6blNqWbnGJvSlT9EQvfzkaX5JfVpRX1LvIq7QLAim9aA0HHfoEpFQiMiRhaV8Xd4fxzXSF3BQPT7jdqWkgpUFZo1cpy0OGpa1YN9mEpZBSidJ4SMLJanY3OS4SEjfDbkIgIeK3spBwKCYqrvNfXqo1pFeC7CMnWigk7JzTk0rkdXywMuy4SADvgEuQ5LVfdkxwGkj4NjoEgrje6g4JfwbInQYet/Kel6O4JfkvS2USFSDFEOiQdqxrBxmeERI24viLzq4SyLAVEgUKdEvMb04LGWGpusHtXdUhpalWdEZIXiJKC3e4hMwiSFRyD32lX50OUmdDgD+7ytIdlmksWBy1IqSWpLVNu1ZI8nJEoZIDJCremw5NB4kPssH/NTu4nZGOA+I69SsVIQEO1wopNtgK7kI8waBPhnRGo9QhmEk8XKeBZHBVPLpjVdohxTAhB//NiGkhg6SbUs9Pw1GijiLr6hKnEcOlkKJjOulf8Vq9AoPPLXS4nJpmuvAZY+cMkPS8ZojWPtyfJGYDRmlQhhThNvwIhVtiw6GfB06EgD2CDhQuJq+q6LkFg57yw1VZCRIGpaMvw8cyHm+xQFfAoFUkjUk4c5fMePvwMQA54iFBejIWJxMXMNEBfIavVpPMoOwCSHcpggzIkCI/rXV5UuFTygQD1IfoMqTJTl7ilnayTLX7lT4n+6EOI0xDE6/DYMekEYNBwjqDrbuSczwGn3L52OkON749Ld3sYT99kgyRX0oxWNWYHaJa0OilJajlz8tqzkQqlXDKhzL0os9ykury+TyyK0QJqURE5TdI11SPL+VzOem98iU1gS6w7ql5PPJxtqYVM2XNLPxqRb0LUWOpMLBtvRs0X6nOVLLGZqfu0tu5k2li4XmK1+Y/rzRf+Rz+9Cx3Df4P1JJf3fSJdggAAAAASUVORK5CYII=', '', 0, 0, '', '0', '', 'elu', 247, NULL, NULL),
(9, 'Near East University', 'Near East University provides the best education and training environment for its distinguished students with 20 faculties, 196 undergraduate and associate degree programs, and 6 institutes offering 240 master\'s and doctorate programs, 3 high schools, 4 vocational schools, and 28 research centers. The scientific production and activities of Near East University are outstanding and constitute the basis of its greatness. For example, with the number of cited articles reaching 1,600 in 2021 Near East University produced 51 percent of the scientific articles produced by TRNC universities on its own.<br><br>In the, 2022 World Universities Impact Ranking list published by London-based Times Higher Education (THE), Near East University ranked 7th place in the world in terms of education quality and it is among the top 200 universities in the Sustainable Cities and Societies, category where cultural and artistic activity is assessed. Near East University is also included among the world\'s top 500 universities and ranks in the 151-175 band in Computer Sciences, and in the 176-200 band in, Engineering, in the 2023 World University Rankings list prepared by the London-based Times Higher Education (THE).', 'data:image/jpeg;base64,/9j/4AAQSkZJRgABAQAAAQABAAD/2wCEAAkGBxQTEhMSEhIVFRUVFhobGRIWGBgVGRoXGBoWFxgVGBoYHSgiGCYlGxgZITEiJSkrLi4vGB8zODMuOSguLisBCgoKDg0OGxAQGjImHyUtNjIzLTUtLTMzLTUrLSsvMC0xLS0tLS0tLS0tLS0tKy0vNy0yNS0rLSs1Mi0tKy0vLf/AABEIAOAA4AMBIgACEQEDEQH/xAAcAAEAAgIDAQAAAAAAAAAAAAAABAYFBwECAwj/xABEEAACAQIDBQQGBwYFAwUAAAABAgMAEQQSIQUTIjFBBlFhcQcycoGRsRQjM0JSgqFDU2JjksEkotHS4bKzwhVzg5Pw/8QAGgEBAAMBAQEAAAAAAAAAAAAAAAECBAMGBf/EACsRAQACAQIDBgcBAQAAAAAAAAABAgMEERIhMSIyQVFx8BMUM2GBsdFyI//aAAwDAQACEQMRAD8A3jSlKBSlKBSlKBSlKBSlKBSlKBSlKBSlKBSlKBSlKBSlKBSlKBSlKBSlKBSlKBSlKBSlKBSlKBSuL14vjEDiLOu8ILBL8WUc2t0HjQe9cGsPsjackzyFlSONHeLdklpS6EcTclQFeIKM11ZWuOVY2ImDEF8QZwHlYLOHL4dllYiKGRLncleBQ2UAketdyCFi2dijJGjlchYapmVip5FSyEqSDcaE8qk1hOzYyNi4LWEeIdl8VnCz3/rkkH5a57W4XFyQZcBMkM2dTncZhlHrDVWt8OltL3AZqvJsSgbIXUMFzZbi+W9s1u6/Wu0QNhmNzYXI0uept0qp9pPtJpB1VcMT3CVJCB/XJFQW4Guawm3pTngiUSWZmdxESrbuNbcwwNs7x8ueuhqXjcUMPDclnI0UMRmZjchbgd17m2gUk8jQZCleOGnzRq7DLmUMQTyuLkE+Fe1ApSlApSlApSlApSlApSlApSlApSlArpLIFBZiAACSSbAAakk9K7E1VF2+MTkjkgX6Li2kgVt4d7mCSZkliyjd3EcgtmLKQMyg3yhNxuNEqHEYQCSWD7hDKzI2RnjAYrYuqjKzaXseVQ5jDDk2lhwN04viCBbPCxvvnvreIm+vJDILaADrtGaXCsqjGzSycJTDyxRkSgtYorxxKc1gdcxy6MwtWdwGy1iMwU/VysX3VhlVm+0y+DniI7yx60GIx+AaPGDFQYZZzLHlJLIm7kTRZMxBIDocjFQx+rj4TrU3F7GaYgyTOgZUEsCENGxU5rKXXMoJ0JXLcAcjXTb3ajC4JQJHGYDhhQAvbpwj1R4mwrXm1fSbiZm3eFiEd+Wm9lPkLWHlY+dHfHp8mTnEcvNtlIFDtIFAZgoZupC5ioPlmb415z7UhT15ol9p1X5mtPr2a2tjNZTIAf38hRf/AKxy/pqUPRTMFLPiIlsCbKrNyF7XNqh1+Xxx3skNnpt/Ck2GKgJ7hKh/vUpd3INMji4P3WF1IIPmCBY9LCvnHZmHikYLLNub8nMZkX82Vrj4GrYno5xQUS4aeCVSLq8UjKSPA2t+tF8mkpTlN9vw27itn5pBIsjo4GW65SCt75SGBGp6ix8ax3aDZDzB2DtcIUjVCFtn4ZGbNo1wbeAGmpNaw/8AWNrYA/W73IP3y76P+vW39Qq07B9KUUllxSGE/vFu8fmfvL+vnUuV9JeI3rzj7LD2mxRI3KqGVcjSqTlDKzBY4AbHV26WtlUg2zA1lNi4Vo48r2HExCKSyopPDGpIFwB4AC9hoBXoN1OisCsiEq6spuCVIZSCDrYgGou38UyqqKxjEjZWn6RL+LwJ9VSdASCegJlTsNjEkLhHVijZWAIOVu491e9YvDYWPDxo0mQGNcoltk4SdAbk3JNvM376k7Nx6zKXUMAGZeIZSSpsTbz79dCDYigl0pSgUpSgUpSgUpSgUpSgVwTXNYjEbTLqVhjEj3OeCVjC+7DPGXVWU5gWXQmysNc1BD2ttkwYi85aOAR/VlRmE0rc4yRqGGgRNM5c2vawj7a7PRyTJOsUbPIBvcNJYZ14AZUP3JY7JxrzChSfUZYmH2lHHbCYqORYJbIi4lb5CxssDOCySqTorBiRoG6GrDsjYqwFm3kkrEBVaVs7JGNRErHUgG5u12OlybCwSsBhRDHk3juq3s0rZ2C9xc6tbvYk95Na47ZekckmDAnrY4ga3PK0Q6+18OhqH6QO174qT6FhLmPNlYpqZW5ZFt92/wAfLnaOw3YZMKFmmAfEH3rHfovee9vcNOcNtMdMVePJ18I/qr9mvRvLOd9jWZA2uS95X8XJvl99z5Vs3Y+xIMMuWCJUHUgXY+0x1b3msgBXNS4Zc98nWeXkVHx/2UnsN8jUio+P+yk9hvkaOUdXzKnIeVZzsz2mnwT5ojdCeOFjwt/tP8Q/XlWDTkPKu1VektWLRtaOT6L7P7bhxkIliNwdGQ+srdVYf/r1g+0Xo9wuIu0a7iX8cY4Sf4k5HzFj41qnsp2gfBTiVblDpJH+JP8AUcwf7E19AYLFLKiyRnMjgMrDqDqDVnxs2O+nvvWeTSl8dsab+Wx5atDJ/ta3kdOorafZbtRDjoyU4XA44WsSv+5T3/LlWWx+BjmRo5UDowsVbl/x51pvtR2dm2XOuIw7tur8EnMqT+zk7weV+vnzhaJpqOU8refm2jtrZLSFXR5N5nGV8wywrYh2VSLMSuYXIJuw1AGkiXECJYYoAhuxjW54VEasWuRckjIRbvqF2N7TJjYc4ssi2Ekf4T0I7weh8x0qXBstYiHaU5I87IrZVCZ7lmLW1sCQCehN7nWpY7Vms7SnbOxO8iSQrlLqDlPS4vbUD5CpFYZdoSSSI8CMYBozNZc4awDxgi5y87kgEE2zaWzIoqUpSgUpSgUpSgUpSg6yOACSQABck6AAcye6qptDHwTG2JjACMTHi4JN4EFzZt5HaSE5RxXXJrbMwrM7Tx8eSRZIZJIwcjgRGUEMtzwqCXWxymwOulqr0GzsLKSMJJA7KNcHiFElhztZxvoffdR0Sgz+xRNYh5o8RFZTHOLB2Gt94FGQ9DnWwNzwi1zV/Sn2n3EQwsTWllHERzSPkfItyHhm8Kt8EMWGgOVI4Y0VnZYwFQc2cgADxN7a1p/YGGbau0mllBMebeODqBGtgkXv4R5ZqNWmpEzN7dIWz0Xdk90gxcy/WSD6tT9yM9fAsPgLDqa2GK4UVzRxyZJyW4pKUpRzKj4/7KT2G+RqRUfH/ZSew3yNEx1fMqch5V2rqnIeVdqq9KVtL0PbdJEmDc+reSPyJ41+JDe9u6tW1kezu0/o2Jhn6I4LeweFx/STUuOoxfExzD6PqPj8GksbxSKGRxZlPUGvdTpXNS8+0biI5djbQBW7JzH8yEnVT0zD5gHka3NA8WJiR7LJG4V1uAR0ZTY9QbHwIrA+kXYH0rCNlW8sV3TvNvWT8w/ULVd9Du3MyyYRj6nHH7JPGvuYg/mNQ25P+2L4njHVsLG7QjiA3jgFvVXVmY9yKtyx8ADXOCxJcFjG8eugfLcj8VgTbyOvhUPE7NffNLFIqF1VWJjzuAua2Ri1l58iGF9bV0gfDwvYzBpnIUl3zyEk2C2+6CegAF+lSxMxSlKBSlKBSlKBSlKDG43ZOY3imfDtmLExCOzsctzIrowb1QL8/EVj5NjYiSSIzy4d1ikDrIsLRyjLeyg7xgLnRiLXUsttb147T2iqTSf4+SCxAySwDdCwHqu0alged851J16V79mdsNNJLHv4MSiKjCeBSq3YuDE3G4LAKDcEaMLgaEhi/SvtHdYEoDrO4T8urP8AoLfmry9EWzN3hDMRxTuTfrkQlFHxzH81V701Yv63Dx30WN3I9ogD/oPxrZewMHucNBF+CJF94UX/AFqGu3Y09Y85ZClKVLIUpSgVHx/2UnsN8jUio+P+yk9hvkaJjq+ZU5DyrtXVOQ8q7VV6UpSlB9C9i8bvsDhpCbkxgE/xJwN+qms3VK9Ek18Ao/BLIPiQ/wD5Vdas87lrw5LR93BrScyf+n7ZFtI96D4bqbQjyXMf6K3bWo/TThLT4eUc3jZSfYYEf9w1Eu+jntzSekw2jtSHPGw3YkPMRs2VWPQMddPcfKsRs7Y0wIZmhjI5LGmYID0iByqmmhJVieptYVkdiYrfYaCW/wBpEjX63ZQT+pqDisNhUNppXkY/s3kkkLeUKmx9y1LLMbTsz9Kj4Aru1yIUUCyoVyWA0Ay/d0HKpFEFKUoFKUoFQtr4sxRPIq5ioBCa3bUDKtgdTyHiRU2lqCtRbbkcYrK+HWSNnSOFyQ4ZGZQ8t3GjgK4AA4SDc3qV2d2jJI86SSQSbplAkgVlS7Lcq13biHUA8mXvsI20pjO7rFgIsRu2ymTEMkceYc1U5Hc26nLa/InWpWwscxd8PJBHDJEqMUifeR5JC4WxyIQbxtcFR0teg1l6VuLaSKeW6iHxd7/OtzLWmvS+pTHRyd8KkeavJ/xW44muARyIB+NQ16j6WP0d6UpUshSlKBUfH/ZSew3yNSKj4/7KT2G+RomOr5lTkPKu1dU5DyrtVXpSlKUS3B6GW/wcw7sQf+3FWwKoXobjtgpD+LEMfgkQ/tV9qzz+p+rb1K1t6al+qwx7pGHxW/8Aatk1rL01zcOFTqWkb4BB/wCVJTpPrVW3sG19n4X/ANoD4XFeROz0Zgs6RNmOYJiGi4r8V1VwCb35ipHYiPLs/CD+Sh/qGb+9d8HPhSERcRG5jdmFpEvmbODcA/xsLeVHLJ359WR2c6GNTHJvV1tJmD31N+IaGx091Sa8MHCEUgG4LO1/bZnI/wA1e9FClKUClKUClKUFZ27g8MJfsZ5J5OIx4eSSLMBZd5LlkSMcgLubm1he1e2xHWFxB9E+jbwMykFHDstswdlN89tdb3ANjpUvaGxRLLvd9NGcmRliYJnUEsuZsuYWLNbKR6xryj2ThML9ewVSgP8AiJ5GkZQRqTLMxI0560FJ9NOC0w03QF4z+YBl/wClqufYjH77A4Z73O7Ct7ScDfqteXbvZX0nBTIou6rnT2k4rDzF199VL0N7Y0lwjHl9YnkbK4Hkcp/MaNnf0/8Amf22fSlKMZSlKBUfH/ZSew3yNSKj4/7KT2G+RomOr5lTkPKu1dU5DyrtVXpSlKAdwuegHU91BvL0W4fJs6In77O3uLkD9AKt1Qdh4HcYeGH93GqnzAAJ+N6nVZ5zJbivM/crTXpaxJmx0cCalEVQP5kpvb4ZK2/i51jRnc2VFLMe4AXJ+Faa7FxNjtqnEONFdpmv0tpEnuOX+g1DTpI4ZtknwhuLDwCOJUGgRAoPQBQAD+lYnEbHd8km/WYi/DLHG0RVhY2CAHu1Jbl41kdrYYSpuswVmKsARmB3bK9itxmXQAjuNQMTs6ewIku9wFEZMMUQ/EUBJl8m0PIBdTUsbJ7LwYhiSMW4RqQMouSSSF+6Lk2HSpVcCuaBSlKBSlKBSlKDwxqMUYK5Q29cAMR4gMCCfMHyqgYHBHFSLP8ARpZ1WzR/SiUUsMpEspdSV5XWOGPILEtdrBNjVhNq4NpHIlxRigt9lGdy76cQebNmA10EeQ+JoJ+BxGYFGeNpUtnWM+qTcgEEkjTv52vWnu02DfZe0lniFkLbyMdCp0ki/UjwDLV62ZtzDRylIGijwyExpFEFeTETk8bIiXYqmVhmtdjnJ0UFst2v7PrjcO0RsHHFG/4XHK/geR86O+nyxS3PpPKWS2XtBJ4kmjN0cXB+YPcQdCPCpdaW7DdpX2fO+FxQKxFrMD+yk/F7JFr+4jrfc6OCAQQQdbjUW76Iz4Zx228PB2pSlHEqPj/spPYb5GpFR8f9lJ7DfI0THV8ypyHlXauqch5V2qr0pVk9HmyfpGOiBF0i+sfyQjKPe5X3Xqtk1u/0adnThcNnkFpZrMw6qv3E+BJPixHSphm1eX4eOfOVxFKVXu2PaiPBQ5jZpG0jj7z3nuUdT7uZqXxK1m07R1Vj0udowsYwUZ4ns0p7kBuq/mIv5DxrMejPYBw2FDuLSz2dgeYW3Ah8gb+bGqT2C7PvjsS2MxN2jV8xZv2kvML7K6X6aAd9tv4t3VCY0DsLcJbJcX1sbHW17X0vbUc6hqzzGOkYa/lAxk2HkfczoM1+DeLYMe+J+RPgDmFuVe+BwRjY5ZpGQC26ch8p0IIc8fLoxPMVFG2MPMDHIpW5yNHNGQM2nASQUY6jkTe4I5ipmydniFMg1uxYsb6k9NSTYCygX0CgdKljTaUpQKUpQKUpQKUpQKi7Rwm8QgBM9jkZ0EgVrWDZSRf4ipVKCnbQijwKNumQ4uZbHFYggBVH7SUgAIgJ0jQAFiABqSMn2WxZaJF3M6IEuZcQRnZybtoeI6knMQo5ZRblMxezog5xIw4knCgA2XOQubKqlyAvrNrcczWFWKXGzyQ4ndjDwhd5h4yXDytxrFLIbZwEKOyBQDvFBLC4oPLt52MXGLvIrLiEGh5BwPuN/Y9KpPZHtlLgH+i4tH3SmxUj6yI+H4l8PeO6tzAVgO1PZODGr9YMsgHDMvrDwP4h4H3WqGrFnjh+Hkjev6ZfAY6OZFkidXRhoym4/wCD4VJrR+J2XtDZLmSMnd31kTiiYfzFPq+/3GrTsP0qRNZcVGYz+8S7p55fWX/NUl9LbbixzxQ2PUfH/ZSew3yNRtm7dw84+pnjfwVhf3rzHwqTjz9VJ7DfI0Z9pieb5lTkPKu1dsJAzlURWdjayqCxPkBWyeyno5y2n2hlVRqILi3/AMrcvyj3npVX38uamOO1KF6Nex5mZcXOv1Sm8an9ow5N7IPxI7hruEVV9p9ucDhxlEwkIGkcIz8ulxwr7yKoe2fSFi8U25wiGINoAl3mb3j1fcLjvqej5dqZdRbimNoXvtf22hwYKC0k/SIH1e4yH7o8OZ/Wtedn9g4ja2IbEYhmEV+KXle37KIdLfAa8zzzHZb0ZsxEuONgTfcBrknneRx8gff0raGHgVFCIoVVFgoFgAOQAHKhOSmGOHHznz/jpgcIkUaxRqFRBZVHICpFKVLEjDBgS70EglcrKOTWN1Y+I1APcxvfS0mlKBSlKBSlKBSlKBSlKBSlKBXnHCqlioAzG5sALnQXPedB8K9KUClKUHBWqttn0f4LEXO73Tn78Vk17ytip+F6tVKLVvak71nZqTaHomlBJhxEbjoJFKH4rmv8BUFuxu1oxZC5HK0eIsLeTMtbL23t/wCiyR75DuJDYTIC2Rxc2dRqQRqCO46VmMNiFkVXRgyMLhlIII7wRzps1fN5YiJnafw0lgux21Y7iOGSK/MrPEl/PLJrUxPRtj5SDM8Y8ZJGkPusD863NasL2g7SxYUBWu8repBHq7EnKvgoJIFz1NRsn5zLaezEb+ip7L9FES2OIneT+FAI18idT8CKu+ydiwYZcsESRjqQNT7THVveakYEuUUygByLsq6gH8IJ525X62vYcqkVLPkzXv3pKUpRyKUpQKUpQKUpQKUpQKUpQKUpQKUrg0HNKr3aHb8kEJZMM7yAgbq5UEHmyOFIb2QM3gKx7baxsASWSAzQuFOi5Jo7gErIFupIPWyr3laLxjmY3XGsR2gxU8SZ4TBp+zmJTN4K+YAHwI17xU3Z+OSaNZUN1bl8iD76qfblsDilEMkkkkkbXWPCjeyAkWIKgEC4/FahjrvbaXbAduxvN1ioGgYm17lh71IDW8VDL41bmnXLnLALa+YkAW771S8HgMdNFHAiLg8OihQ02XE4hlAsDb1F/tWKhjMe0RAcK86R6yYzFl5CFy5jIhb6uMC9gANbdOh2nHW2/D4e/fVI2ZseRp8Qk2NTE4SbNZRI0jh8wZCtriNk7weg05WmdmMHPgcQ0LnPBITZxoobUh8v7Mnky+qTZh1FR9g42XaGO3uq4eA3VeQH7sH+NtHP4VCr95r36eLMpGYrfqLE/wCYEfpQyXtHZsibaxhihd0XM9uBe9joOWpGtzbWwNUrY/ZqVRLi55AMSysYs4zhZSCqyylbgkXsFF1QGwuSTV1wmyI4mDR3XSxF8wbnzzXI530tXl2l2eZ8PJGhAe10vyzLqAbcgfVPgTRzpfh5R4sF2AgkhEq4nGrPK7A7ve7zJa/4tbm+otbQVndvbeiwqZ5Sbnkg5n42CjxJA8aouH27JPg54pMMuJxEABVJkzsyBgr5lGpeM3BtYnhI9apPZ3Zc82HTE4d3w8gZh9GxAaeE2PNN5xxg+B0sR40db495m1/P372ZHAdq8TiGXdwRQxsbCad2IPggsu8PgpI/iq5RXsLm56kC2vl0rWm3MAJ5o5NqYbERFAF3mHO+w7KCTdsql4tT3DprWwtn7RimXNDKkg70YNbwNuVFMtYiImI9+qZSq9t/tGYnEMELTzG3CL5VB5FiAf8ATvK3BrHttvGQTQJPDvN8eJk4IoVva1zmMj21IuAdAoPOjnGO0xuuNKjYbElyeBlXoW4SfynUDzsfCpNFClKUClKUClKUClKUClKUHBWvMYdeigeWnyr1pQVftrs6doQMHFG8hYBt5leya3KiW63vbn0vWG2Zh8TijHA5VYYeGeSMBFlkX1kTKBmAPDoAAQx55QNgEVxHGFACgADQAaADuAo6Rk2rts5UVi+0WAeeFoEfJvbK78yIz6+UdSQMvhmv0scrSikTtO6Fs3ZkcEQihGRQDrzJJ5sxPrEnUk1gMHLM+GhdpGZFln37ZxE5jV5lVgwygBSFJAK6Dwym2V4Jg0C5Aihb3yhQFvfNe1retr560RM79VFTaWJCxNI8hEcOGMzeo8RaViXeMWEpkjsGWwyZbgHNaslsfHynFLndjHI+JEclyVkyPwoUJ+qMaq6ggcYXMSCbVZ5MDGzZmjQtw8RUE8JzLqR0bUdxpHgo1bMsaBuLiCqDxEFtQOpAJ77UGI2h2fH0mPGQnJIptIvJZYyArZv4gLEHrlAPQjPAVzSiZtM9WF7UbMeaMGByk0ZzIwNrnqpPS/fYjQXBFwadmx2InhkSCD6sqmIikjjVle/E92GcBkIKlGOtxra52XXQRjNmsL2tfrYchf3n40Xpk4Y223eceFUCwB8szf613WFQbhQD3ga16Uo5lKUoFKUoFKUoFKUoFKUoFKUoFKUoFKUoFKUoFKUoFKUoFKUoFKUoFKUoFKUoFKUoFKUoP//Z', '', 0, 0, '', '0', '', 'neu', 247, NULL, NULL),
(10, 'University Of Kyrenia', 'The University of Kyrenia was founded with the mission of ?training critical and innovative research-focused scholars, who will create knowledge and value in an international educational background and who will develop an appreciation of ethical and moral values, with a sense of social responsibility?. <br><br>The University of Kyrenia assumed full control of the Faculties of Maritime Studies, Maritime Management and Administration and Marine Sciences. It also took responsibility for the Marine Transportation and Management postgraduate program and all the Maritime Vocational School programs (with all their infrastructure and superstructure) from NEU. Working with an extant infrastructure of students and lecturers from the very start has given the University the edge in providing an ideal education with deep-rooted experience.', 'data:image/jpeg;base64,/9j/4AAQSkZJRgABAQAAAQABAAD/2wCEAAkGBxISEhUQERMVFhUXFRkYFxgVFxceGhoeFxUYHhcbGiIfHSggHxslHhsYIzEhJykrLi4uGB8zODMtNygtLi0BCgoKDg0OGxAQGi0mICUtLS0tLS0tLS0tLS0tLS0tLS0tLS0tLS0tLS0tLS0tLS0tLS0tLS0tLS0tLS0tLS0tLf/AABEIAOAA4AMBEQACEQEDEQH/xAAbAAACAwEBAQAAAAAAAAAAAAAABQMEBgECB//EAEoQAAIBAwEDBwYJCQcEAwAAAAECAwAEESEFEjEGEyJBUWFxFDKBkaHBByNCUnJzdLHCFTM0RGKCkrLhFiRDU2PR0mSDo/AXdaL/xAAaAQEAAwEBAQAAAAAAAAAAAAAAAgMEAQUG/8QAOREAAgECBAIGCAYCAwEBAAAAAAECAxEEEiExQVETIjJhcZEFIzNygbHB0RRCQ1Kh8GLhFVOS8TT/2gAMAwEAAhEDEQA/APuNAFAFAFAFAFAFAFAFAFARzTKg3nYKO1iAPbXUm9iMpKO7E11yvskODOrHsQFv5QasVCb4GaeOoR/N5alf+2CH83bXcnesJx7SK70L4tFbx8fywk/gH9pZzw2fc+ndHvp0Uf3I7+Ln/wBUg/tLOOOz7n0bp99Oij+5D8XP/ql/Af2wQfnLa7j72hOPYTToHwa8zn4+P5oSXwLFryvspDgTqp7Hyv8AMBXHRmuBZDHUJfm89BzDMrjeRgw7VII9lVtNbmmMlLVMkrhIKAKAKAKAKAKAKAKAKAKAKAKAKAKAKAKA4TQCG/5Vwo3NQhriX5kI3sfSPACrY0ZNXeiMdTG04vLHrPkisItpXGrvHaIfkoN+T0k9Eeiu3px21IZcVV3agu7VlZdhWS4luedlGHzLdOQqlGxghiOOpGhBCnXhmTqTei08CtYWiutUu++Q/wByC2haVIlVEQuRGgBwBk6aa4qrrSdmzZlp0oOSirLXRE0F8ssXOwFXBGV1wD3HQkHuxXHGzsyUaqnDPDU5sq7M0Ec2ApdAwHHGRkA9tJKzsKNR1KanzRQ5L3bSwM+DnnJAN52fUOc6kZC54DqGKlUik7FWFqOdNvvfHvJ9hbW8oR2KbhSRo2Xezgpx6hXJwytEqFfpYt2tZ28jyklvcw89JCDHqQZEU5APnDjp157NadaLsmcTpVoZnHTvQsTkzZS/GWkjRH59tLj2ZIqzpZrSWviUfg6E+tSdvdZ6MO0rfzHju0HyXG5J6COifTS9KW+gccVS2amu/RlnZ/KuF25qYNby/MmG7n6J4EVGVGSV1qiynjacnln1XyY+zVRsO0AUAUAUAUAUAUAUAUAUAUAUAUAo21ygitsIcvK3mRIMu3Zp1DvNWQpuXgZq+KhS0er4Jbitdk3V50r1zFEeFvEdSP8AUbr8B7KnnhDs6vmZ+grV9azsv2r6sd7Igt0Vo7YRgId1gmNDgHDHjnBHGqpuTd5GujGnFWp205E20rYyROisysVIVlJBBwcHTvpF2ZKrFyg0nZijk24ubBUk1JRopM8cjKsT3nj6anUWSpoZsM1Vw9peD8STZjNNYbr+dzTxN3sm9G3tU1yXVmSpNzw9nya8tBVZ7OkSKO9sMb0kaPLAdI5CVGSvzX7+HtzY5Jtxn5maFKUYKtQ4pXjwf2Y55Ky5tULApguCr6Fd2RtD4DFV1F1jVhJepTatv8yryFb+644HnJSQeI3pWIyOOortbtEMB7L4v5lHyd/K7m0QEJPuTMw+ShBWXH7TFd0eJPVU7rIpcinLLp50ltKzv3cfMacrbjmbKQIMEqIkA7XIUAeAPsqFJZpq5oxkujoPL4L4nrYdgIwitAEeGNUDgg7wI1wcA/J1yOuuTle7vudw9JRSTjZpWuV7na03lMyw7hjghDSB86uckKrDh0RqTnwqShHKr7srlXqdLJQtaK18eRfRIL23R5IwySKGAcajI9h7xULyhKyZclTxFNOS0YobZN1Z9KzcyxDjbynUfVt1eB9tWZ4T7W/MzdBWoa0Xdftf0Y12Lt+K5ygykq+fE4w69unWO8VCdNx8OZooYqFXRaPinuNqrNIUAUAUAUAUAUAUAUAUAUBmdo7clmkNrYYZxpJMdY4v+T939cXRpqKzT8jBVxM6kujob8XwX+yW12dBYRvO+/JIRmSUgs7dvgvsAGprjlKo7IlClTw0XN6vi92XdtWRubdkjkKllyjIxAJxkZxxU/cajCWWV2i2vT6Wk1F2vsUOTG0nljDFI41jBjlHBg6DXQDCqNdP2urGsqsUmVYSrKcdkraPnc0WaqNolg2I0UkjwTGNJW32TcVsMfOZCeBPeCKsc7rVGWOHcJNwlZPW1i2BBbxCN2VU1zzjAZySWJJ4kkknxqOsncs9XSjZtJd5Qj5SWKDcicH9mGNmH/5XFS6OT3KPxlCKtF+Sv8j1/aaP5MF03hbyf7U6N80PxseEZf8Alh/aaMedBdL428n+1OjfNHfxseMZf+WdTlTZ56Um4eHxiOn8wFcdOQWNocXbxTRNeWtveqvxm8FYOrRycGHA6Egkd4NFKUCc4UsQlrfjoy1FDIit0zK3yd7dXq0HRGPTjrrl0y1RlFPW7MhJs1oIY5LjezLc/wB7XebdYSsQM4ON0Hc8RodNK0Z8zsuC0PMdJ06alPjLrfE0fKWV4rSY2+FdI+jjHRA4kDuUHHhVNNJzVzdiXKFGXR7pHdhplUljkdoniU7sjMzbxwd7LHI0yCOGezr5Pez3FBXipRejRT2vYQ3cu4u8ssefj4yA0TDG6ra5OQcgYxjOoqcJSgtduRVWpQrSsu0vzLh4njZ23JYZBa3+Fc6RzDSOX/i/d/TKVNSWaHkRpYmVOXR19+D4M0wqk9AKAKAKAKAKAKAKAKAym0b+S9ka0tGKxqcTzjq7Uj7W7TV8YqCzS34I86pVliJOlSen5pfRd49sdnJbw81bqqgDo56zji3We+qpScneRrp0o0oZaat/eIituUF4wYNY724xRxHKuQR2qwBwRgjtBFWunBbSMkcVWd06d7aOz+h75NX7LIbY288cerRc4mifOjDDI3etezUdQpUjpmujuGqtTdPK0uF/kXTyejM0sxZgsoXfjU4Rt0Yy+NTns4HXOc1DpHZIu/Cx6Rzbdnw4HmblAmTFaRtcONPi8CNe5nPRHgM0yPeWhGWLjfLSWZ92y+J5GzbubWe45pf8u2GD6XbX1AUzRWyOdDXqe0nZco/csWvJq1Q73NKzfOky7ets1xzkThg6Mdct3zer/kaogAwAAO4VC9zSopbI9UOhQHl0BGCAR30TONJ7iq55NWrne5pVb50eUb1ripqpJGaeDoy1y2fdp8iv+TbuHW3uOdX/AC7kZPodcH1g13NF7ryIdDXp+zndcpfc7Ht9M8zdxmBm0xJgxv3K/mnwOKZHvFhYqN8laOV9+3mTXmy3POcxKqiRQrB0LhQF3QU6Qxp1HIzr255GS48CydKTvke/PXyKe0LxbGCO0t+nMQI4UOMk/Pb9kcSeFTinUk5S24lVSosPTVKGstl9y7sPY4tosDDytlpJG4u7anJ44zUZzzPuLcPQ6KFt2933kLPFdiSyuVTnVGXQHOh810PEfeOvqJLNC0okW4Vr0qlr8vqijs6/kspFtLti0baQTnr7Ek7G7DU5RVRZo78UU06ssPJUqr0ez+jNVVB6J2gCgCgCgCgCgMzygv5Jpfyfath2GZpB/hIfxnq8e/IupxUVnl8DBiasqk+gp78XyX3J72WPZ9sqxIQowN4KWC5I3pJManHHHE93VyKdSWpObjhaSUVp/dWVrTa5t5N26u4pIpU5yGQhV4EBl00I1BB7jXXDMuqtSuFd05WqzTTV09iyXWaZZ7KVGYYSYjpIyYJGcHz1PDr6R6jXLOKtJFl1Ump0WuT5W+4w2rtSO3UNISSThVUZZz2KOs1CMXLYuq140leW/BcWLF2bPd9K7JjiPC3RuI/1WHH6I0qWZR28zOqNSvrV0X7V9X9B7bW6RqERQqjgFGAKg3c2Qgoq0VZEtcJHDQGa2lac1PA0cspmkn6QZ2KmPUyDdzuhVGMHHHFWp3TutDz6tPJUi4yeZvnpbjp3FC5lfm5r/nH347gqqhjubiShCm75pyMnOM5NdW6iUycnGVe7upW7rJ2tYeTyHy+JcndNvISMnBIkjwccM6moLsM1yb/ExX+L+aF+21EVzAyGZXkmXecu/M7uoMZGd3JxoMcTnNShrF3KMTaFaDTaba1v1fA1Aqo9I7QEVxbpIpSRQyniGAINdTtsRlBSVpK6ETbNntOlaEyRddu54D/SY8PonSp5lLtb8zH0NShrS1X7fs/oXtn3cF1uyqOnGSMMMSRkjBVhxH3GuNSjoXUqlOt1luvNFflFtSSPdgt0LTSnCEg7i6asx4aDXFdpwT1b0RDE1pQtCmus9uR5seTMccW4WJlLiRpvll86kHq0yMcME5zk12VVt93I5TwkYQtfXdvjctbQjt7nnLOTDEKCy6ZAbO6w7Dkf+5qMc0bSRbUVOtelIWcn7+SGX8n3TZcDMMh/xUHV9Mdfh6TOpFSWeJnw1WVOfQVd+D5o04qk3hQBQBQBQCjlLtfyaLKjelchIk62duHoHE1ZThmfcZsVX6KF1u9Eu8p7M2VLaQhlPOTMxkn0y0pKnoqSQF1IwTpx7alKanLu4FVKhKjTutZbvvLexNtR3KlCN2VRiWJxhlONdDxXvqM6bjr/ACW0MRGsrPR8Uyha7De2nxbqjW8uS6OPzRHAoesHJ6PjUnUUo9bcphhpUqnUtle6fDw+ww2rtFbdVjiQNK5xFEmBk9ZPYo6zUFHNqy6tWVJKMVdvZf3gc2RsYoxuJ25y4Yat1IPmRjqUdvE9dJTvotiNDD5XnqO8n/HchxUDWFAFAFAIpdiTGdrhbkqWAXHNId1Qc7oznA6z2mrM6taxjeGn0jqKevgtuR2Xk6C5+NYQtKJWhwMFwQePEKSASvbTPp3h4S8u11W727/7qX5LAGdbje1WNk3ccd5lOf8A8+2o5tLFzpJ1FU5JrzKlzsV5JA0k7NEsgkWLdUYKnKgsNSoOuK6p2Wi1K54eU5XlLS97DioGoKAKAKAT7X2OXYXEDc3cKNG+S4+ZIOtT28R1VOM7aPYy18Pmeem7SX89zPex9qCcFHTcmjPxkbcVPzl7VPU3fSUbbbHaFdVNJK0luv7wKm3doXBlW0tk3XdS3PPjcVQQGKjiWGRoe0VKEY2zSK8RVquapU1Zvj3EOxdghFxhllSbLTnVpesnJOd1gd0g6A5xnANdnUv4ciOHw2Vf5J9rn/8AS/yk2P5TFhTuyod+JxxVhw9B4H+lQpzyvXbiXYqh00NO0tn3hya2v5TFlhuyoSkqdauvH0HiP6V2pDK+7gdw1fpYXe60a7xvVZoCgCgOE0BldjDyy6e9bWKImK3HUT/iSengD/tV8+pHLxe551H19Z1nstI/Vji02kzb8rKqwAEpIW1YKNWIxovHBzqNca1W42sluaoVW7yatHgyjf7OhvY1uIH3ZQMxzRkbwONFbHEdRU99SjKVN5ZLTkU1KUMRFTg9eDRcvL7yWANKxkfRRgDekduAUDhk+oVFLM9C2pU6GneWr+bPGwtlsha4nIa4k849SDqjTsUe060nK+i2I4eg43qT1k/47kOKgagoAoANALtq7bt7bHPyBc6gYJJx3AE1KMHLYz1sTSo9t2Ecvwg2ucIsrn9lR7yDVnQS4mN+lqP5U38Cax5b2z7wl3oSMYEg87OeGM9lcdGS2J0/SdKV8/V8QvuW9sm6It6YnORGPNAxxzjtoqMnvocqek6MbZOt4EMXwg2ucOsqfSUe4k13oJcCK9LUdpJr4DzZW27e5zzMgYjiMEEZ4aEA1XKEo7myjiqVbsO4wzUTQdoAoAoBPt3ZjOVuICFuI/NPU46437VPsOtTjK2j2MuIoOVqkNJLbv7merOaK8iVyGVlbUZKvG66MuRgjrHeD30acGdpzhiIKXFeaZBtba5S1uZVG6Yt9FLcd4aA47MkEdoweuuwheaRGtXtRnJaWujzsDZ7xLAwZjvRZnMjs2WKgggEnDZz2DHbpSpJNs5h6UoKLvutbviVNsjyO6S9XSKUiK4HUD/hyejgf61OHXhl48Cqv6isqy2ekvozUg1QeidoAoBByyvWSEQxfnZ2ESd295zeAGde8VbRinK72RjxtRxp5I7y0Reh2aI7byaI7uIiinvKkb3jk5qDleV2XRpKFLJHkJrDlTbCMQ3WIZIwFeOQHGV610wV0yKtlSle8dTLTxlLLkqaNbplzk9ZRB5bqKPmklChRgrvBd4mTd+TvZwBgaLnrqFRuyiyzDwgnKpFWT/tyPZS+Vzm8bWKMlLcdR6nl9PAdwpLqrL5kaPr6nSvZaR+r+xoqrNwUAUAGgMJMLjaNxcQ89zUMLFd1eLHLAZPeVzrw7OutCywinbVniy6XF1ZwUrRjppxGexuSQRuduZPKH3d0BxlV4cN4k1CVW6stDTQ9HqMs1V5n3/Q0sUKqMKoA7gBVVzeoxWyKl3se3lbflhjdsYyygnA4VJTa2ZXPD0pvNKKbC02PbxNvxQojYxlVAODx4Uc5Pdinh6VN5oxSZalhVhhlBHeAa5cscIvdGb2zyRDsZLaTydyu6QgwrceO6Qdc99WRq231PPr+j1KWalLK+7iLIFuNnXFvBz3OwzMF3W4qcqDg9xbwPZ11N5ZxbtqjPFVcJVhDNeMufA3dZz2goAoAoDO7VHkk4vF/NSYS4HUOpJfRwPcasj1ll8jDW9RU6VbPSX0Zd2rs21b4+dVwuCSxIXTgWAO6cdpGlcjKS0RdVpUX15oXPykknJTZ8Jl6jNJlYV97eAqfRKOs39yh4uVTShG/e9F/stpsdpIXiuZC5eMI2D0OjnDqCNG1Ge9RUc6UrxLVQcqbjUd7q3cR8jb1nhMMv52BjE/fu+a3gRjXuNdqxSldbPUjgqjdPJLeOjH9VGwKAzEA8o2k78UtYwi/WSasfQulXPq07czz4+txTfCCt8WaeqT0CKW2RiCyKSOBIBI8K7doi4Rbu0KOVE7FUtYziS4bcyOKoNZW9C6eLCp01xfAy4uTaVKO8tPhxG9rAsaLGgwqgKB2ADSoN3NUIqKUVsiWuEgoDwZV7R6xSxHMuYc6vzh6xXbDNHmZLkV+lX/ANd+OSrqvZieZgPbVfE2FUHqhQBQBQBQBQGO5afpdh9d+OOrqXZkeVj/AG9HxNdzq/OHrFVWPTzLmAlXtHrrljuZcz3Q6FARXUCyI0bjKsCpHaCNa6nbUjOKlFxezEvJ1iY5LKbpNCebOflxsPi2PiunoNTnvmXEyYV9V0Z7x08VwHkMYVQqjAAwAO6oN3NkYqKsj3XDpmJh5PtJHGiXUZRvrI9VPpXSr11qVuRgl6rFJ8Jr+UaeqDeRzyhFZ24KCT4AZNdSu7EZSypsQchIT5Nz7efPI8zfvNp7APXVtd9a3LQx4CPqs73k2zR1SbgoBBsr467nuD5sWLePxHSlPrIH7tWS0ikYqPrK86nBdVfUf1WbQoDhoD5tya5NQ3jXDzF8rOwG6QOJJ1yDWqdRwtY+ewmCp4iU3O+kh5/8eWfbL/Ev/Gq+nkbf+Iw/f5lf4P7cRz3sa53UkCjPHCtIBmu1ndJlfoyChUqRWyZtqoPYCgFu2tpNAE3I+caSQRqu9u6kE8cHsqUY3M9es6aVldt2DYu0mnD78fNtHIY2XeDagA8cDtpKNjtCs6id1Zp2GVRLwoDE8v7cST2UTZ3XcqcccM0YOKvou0ZM8f0lBTq0ovZu3yLH/wAeWfbL/Ev/ABp+IkT/AOIw/f5iPlJyahs2t3hL5adQd4g8CDpgCpwqOaaZjxWCp4eUJQvrJH0qsp9CFABoBBtX4m7guBosubeTxPSiPrBH71WR1i0Yq3q68KnB9V/QfCqzadoDOcu4j5Nz6+fBIky/utr7CfVV1B9a3PQw+kIvos63i0x/byh1V14MAR4EZFUtWNkZZknzE3Le5MdlMRxZdwfvkL7zVtFXmjLjp5aEvLzGmzbYRRRxDgiKv8KgVXJ3bZopRUYKK4Is1wsIL64EcbyHgiMx/dBNdSu7EKk1CDk+CF/JS3KWsW95zLzjfSkO8fvqU31ijBwy0Vfd6+eo3qBqCgOUBj/g7/WvtB99X1+HgeT6L/U941zyAcSBnhk1Qeq5JbsyXIr9Kv8A678clX1ezE8vAe3reP3NhVB6oUAk5Seda/ak/lepw4+BkxXap+8g5Neddfan/lSk+HgMLvU95juoGsKAx/LP9L2f9d+OOrqXZkeVjvb0fE1qSA8CDjsNUnqJp7GR+EP9V+0D3VdR4+B5fpT9P3jY1SeqFAFAKOVduXtZd3zlXnF+lGd4fdU4O0jLjIZqMrbrVfDUYWNwJI0lHB0Vh+8Aai1Z2L6c1OCkuKJ64TK20rYSxSRHg6Mv8SkV2Ls0yurDPBx5oV8iLgyWUBPFV3D+4SvuqysrTZnwE81CPl5FflxqlvH/AJl3Ep8Mkn7q7Q3b7mQx76sI85I0lUm87QCTlk390kUcX3Yx/wBx1X7ianT7RkxztRa52XmOY0AAA4AAeqoM1RVkkeqHQoDlAY/4O/1r7QffV9fh4Hk+i/1PeLHK2JWkTeAOIJCMgHB5+31HYdTUaexbjEnNeD+aIORX6VtD678cldq9mJXgPb1vH7mwqk9UKAR8p2ANqScDypOP0XqyHHwMeLdnTv8AuQcmGBN0RqPKn4fRSuT4eAwmrqe8x5UDYFAY/ln+l7P+u/HHV1LsyPKx3/6KPiS8j41EjYAGbeInAAyTNc6ntOgrk9ieDSVR2/avmyH4Q/1X7QPdXaPHwIelP0/eNjVJ6oUAUB5kUEFTwIx66I5JXVhNyMb+6RqeKb0Z/wC27L9wFTqdoy4F+oS5XXkx3UDWFAZrkNolxF/l3cqjwyCPvq6tun3GDAPqzjykw5V6z2I/6nPqU0pdmXgdxfbpe8aSqTcdoBFyt1SFfnXUA/8AIP8AarKe78DHjezFf5R+Y9qs2BQBQHKAx/wd/rX2g++r6/DwPJ9F/qe8Pdq7HE7KxdlwpUhQvSDMjEHIPWg4VVGVjdWw/SNO9hHyL/StofXfjkq2r2YmLAe3reJsKoPVCgK15ZRzLuSorrnOGAIz211NrYhOnCorSVztlZRwruRIqLnOFAAz26Ubb3FOnCmrQVkWK4TCgMdyz/S9n/Xfjjq6l2ZHlY729HxHuydjiBmYOzZVVG9u9FVZ2AGAM6udTVblc20cOqbbvf8Ar+4i+EP9V+0D3VZR4+Bi9Kfp+8bGqT1QoAoAoBHyS0SZfm3U4/8AIf8AerKm68DHguzJf5S+Y8qs2BQGb5KaT3w/6nPrUVdV2j4GHCdur7xzlXpPYn/qcetTSl2ZeAxftKXvfQ0tUm4KARcrdEhb5t1Af/IB76sp7vwMeN7MX/lH5j2qzYFAFAcoDH/B3+tfaD76vr8PA8n0X+p7xsaoPWMfyK/Sr/678clX1ezE8rAe3reIy29t54HKJCJN2FpmJk3cKpwfknNQhBS4mjE4qVJ2jG+l9x1bybyq3DeUH1jNVs1xd0mJuVSlhbx7zqHuEVtxipIKtkZGtWU9LmXGK+SN7XkloHJVSouI952CXDqu+xYgBV0ydaVODGDVs8b7Sa1HFzLuIz4zuqTjwGagtTVOWWLYm2Bt57h9x4RHmFZlIk3sq5wM9EYqc4ZVuZMNipVXaUbaX+DFvLP9L2f9d+OOpUuzIz4729HxNhVJ6pjvhD/VftA91XUePgeV6U/T942NUnqhQBQBQCPklqkzfOupz/5D/tVlTdeBjwXZk/8AKXzHlVmwKAzfJTWe+P8A1OPUoq6rtHwMOE7dX3jnLjRLeX/Lu4mPhkg/fSju13M5j11YS5SRpKpN52gEnLJf7pIw4puyD/turfcDU6b6xkxy9Q3ys/JjmNwQCOBAPrqBqTurnqh0KA5QGP8Ag7/WvtB99X1+HgeV6L/U94c221na5MBRQmZArBjvZjEecjdwB0+3qqtxVrmuFeTq5WtNdb8rCfkX+lbQ+u/HJVlXsxMmA9vW8T3yp/Oz/wD10381cp7LxO4zty9x/M0uz/zUf0F/lFVPc9Gl2F4IWcpPOtftSfyvU4cfAz4rtU/eQcmvOuvtT/ypXJ8PAYXep7z+gy2l+Zk+rb+U1Fbl9X2cvBma5K/nYf8A66D+Y1bV2fiYMF2o+4jxyz/S9n/XfjjrtLsyI4729HxHFztd1uRAEUpmNSxY72ZBIRgbuCOh29dVqKtc1zryVVQS00487/YT/CH+q/aB7qnR4+Bk9Kfp+8bGqT1QoAoDzI+ASeAGfVQ43ZXE3I1f7pGx4vvSH/uOzfcRU6naMuBVqKfO782O6gawoDNchtUuJf8AMu5WHhkAfdV1bdLuMGAXVnLnJljlvbGSynA4qu+P3CG91cou00WY6GahLz8hps25EsUco4Oit/EoNVyVpNF9KanBSXFFmuFhBfW4kjeI8HRlP7wI99dWjuQqRzwcXxQv5KXBe1i3vOVebb6UZ3T91Sqdoowcs1GN91p5aDeoGoKA5QGP+Dv9a+0H31fX4eB5Pov9T3i3YA+WkbraNOSSrYwwt93XGDndPX1Govs+RfT9va3F8H3FXkV+lX/1345KlV7MSnAe3reJPypsbh5GaGHnA9rJCTvou6XOh6R1qMJJLV8SzGUqspXhG94tb2NHZoVjRTxCgH0AVW9zfBWikxZykt5WELQx840c6uV3lXIAbrOnWKlBrW5nxUJtRcFezvYOTVvKomaZObaSdnC7ytgEL1jTqNJtaWGFhOOZzVrtsZ3sZaN1HEowHiQcVFbl9RXi0uRnOS1jcJIrTQ82EtY4R00beKHU9EnFWVJJrRmHB0qsZJzja0Ut77Ffln+l7P8Arvxx1Kl2ZFeO9vR8Szfg+WqN1tXgIIVsYVbje1xjTeHX11FdnzLqnt0rcY/Jlb4Q/wBV+0D3V2jx8Cj0p+n7xsapPWCgCgFHKu4KWsu75zLza/SkO6PvqcF1jNjJuNGVt3ovjoMLG3EcaRDgiKo/dAFRbu7l1OGSCiuCJ64TK20rkRRSSngiM38Kk1KKu0iurPJByfBCvkRblLKAHiy75/fJb31Os7zZnwMMtCPn5jmeIOrI3BgQfAjBqtOzuapRzJoQchJj5MYG8+CR4W/dbT2Eeqra661+epjwEvVZHvFtGjqk3BQCDZXxN3PbnRZcXEfiejKP4gD+9VktYp/AxUfV15U+D6y+o/qs2hQHKAx/wd/rX2g++r6/DwPJ9F/qe8bGqD1jH8iv0q/PVz345Kvq9mJ5WA9tV8fubCqD1QoAoAoAoAoDHctP0uwPVz3446vpdmR5WP8Ab0fE2NUHqmO+EP8AVftA91XUePgeV6U/T95Gxqk9UKAKAQbV+Ou4LcarFm4k8R0Yh6yT+7VkdItmKt6yvGnwXWf0Hwqs2naAznLuU+TcwvnzyJCv7za+wH11dQXWvy1MOPk+iyLeTSH9vEEVUXgoAHgBgVS3d3NkYqKSRJQkZeA+T7SdOCXUYdfrI9GHpXWr31qXgefH1WKa4TV/ijT1QegItp8pY0YwwBp5vmRDOPpHgBVipvd7GKrjIJ5IdaXJfUOUkbbkd3Gp34Dv4xqUI+NTx3dfFRSG+XmMWnlVWK1jr8OKHNrOsiLIhyrAMD2gjSoNW0NcJKaUlsyWuEjlAY/4O/1r7QffV9fh4Hk+i/1PeNRtK7EUUkp4IjN6hVMVd2PSrT6Om5ckZ/4O7Ura863nSuzk+nA+4n01bWfWtyMPouFqOd7ydybavLK2gdom32dTghV0zjPEkCuRpSkrk63pGjSk4u90Z+++EVzpDCo75CT7Fx99WLD82YKnph/px8yvY/CHOGHPJGy9e4CrDwyxB8PbXXQXAhS9L1E+uk13Be/CHOW+JSNU6t8FmPjhgPR7aLDricqemKjfUSS8yex+EZxpNCp74yQfUc/fXHh+TLKfpl/nj5Gi2Vyxtp3WJd9XY4AZevGeIJHVVUqUoq5vo+kaNWSir3fcQfCHalrUSr50Tq4PpwfvB9FSovrW5kPSlO9HOt4u4/2bdCWKOUcHRW9YzVUlZ2N1KoqkFNcUZj4Q/wBV+0D3VbR4+B53pT9P3jY1SeqFARXM6xo0jnCqCxJ6gBrXUrkZTUYuT2Ql5OKRHJezAhpjzhGCSsaj4tcDXRdfEmpz3yrgZMKmoyrT3lr4LgiVeVdkf1iP0kj3Vzo5ciSx2Hf50XbDakM5PMyK+OJXUDPDXtqLi1uXU69Op2HcSzHyjaSJxS1jLt9ZJoo9C61curTvzMj9bikuEF/LNPVB6AUAg5ZWTPCJovzsDCVO/d85fAjOncKtoySlZ7Mx42m5U88d46olvLk3Nk0kBPxkWRu+d+0B+1xHjXLZZ2ZKpLpsO3DiiK0vbK1jVISuvmpEN6Rz4DpE954VxqUnqQhUw9GKUPJatl3Z91K5PPRiMMfi1ZlLnTUMBoD14BPXXGkti6nOcu2rJ7cxfspvJJzZt+akJe3PUOt4vRxHcalLrLNx4lFF9BU6J7PWP1X2NFVZuOUBj/g7/WvtB99X1uHgeT6L/U94n+ES6K2wiXzppFQDu4n2gD01yiutfkT9KTao5FvJpGgsoFghSMebGgX+FeNVN3dzdTiqdNR5I+J3lzzkjyn5bs38RJrelZWPj6k883LmzRlbdBYCZFVGDyS4B1ycR73WRoM92aq1eax6D6KKo50rO7f0ueLfJgujOUkEfNtGQVIDFyAFK8FYabvZ1CuvdWOR1p1HOztZrbe/15FeLakzQzSyFMaRr8VEMvJngQueioY+O7XXBXSRWq9WVOU5eC0W7+yGllCr80RuhWtyPJG3QZCFIDJk4O83SDHDaHGarba89zVTjGeVrjHsPj4ePmZW0maGVHIIaNwSDx6Lag+o1e9UeXCTp1FJ8Gfar63WaF4zwkQr/EONYE7M+vqQVSm480IPg7ui1sYm86GRkI9o9pI9FW1l1rriYvRc26Lg94uxX+EP9V+0D3V2jx8CHpT9P3jY1QeqFAZ3ap8rnFmusUZD3B6j1pF6eJ7hVkeqr+RhrevqdEuytZfRfcuXm3YYZlhkO5vDRiCEz1LngDjX1dtcUG1dFs8TTpzUJafLwuUdpWKwsJgN623uckQKDunB6a9qZO8VHWMjrB6nfTiU1aSg861hu1v8fuM7meG2hecKqIF3zhQudNPSdBUUnKSRolKFKm52styjyNsmSEzS/nZ2Mr9295q+AGNO81OtK8rLZFWCpuNPPLeWrH9VGwKA4aAyuxm8junsm0ilJltz1A/4kfo4j+tXz68My3W551B9BWdF7PWP1Q22hO8bhIIQZJM9M4CDHEuR0jjTQDX14qWqu2aKsnGSUI6vjw+Ip2dat+UWLu0jR243mPDekfgo4Ku6OHrzxqxtZDLSg/xbu72j83/A1v4IryN4g/SR8bykb0brqpGOsZ+8VBNxdzVUjDERcU9v4Z52HtRnLW84C3EfnDqcdUidqn2HSk421WxzD13K9Oekl/PehvUDUU9n7LigMhiXd5xt5hnTPaOypOTe5VToQptuPHVma2v/AHjalvDxWBecbx4+6P11bHq02+Z51f1uNhDhFX/v8Dnlfd81ZzN1ldweLnd9/squmryRrx1TJQk+63mfHVA6yQO4ZPqyPvrcz5LQa7d2hFO0XN76rHCkWHVfkk5bRj28O6oQi4pmrE1oVXHLdJK3+yrcXuYxDGCsYO8c+c7YxvN4DQDq7+NSS1uyuVW8ejjtv497JLy9RreGBAw3C7SE4wzORjHgBjNFHrNnalWLpRprhdvxZZudoRTGGSQyJJGiI24qsGEfmlcsN1vZUVBq6LZ1oVXGUrpq3xtyKW2b7n5pJt3d32zjs0AHp0176lBZVYor1OlqSnbc+r8kbvnbOF+sJunxQ7p+6sVRWk0fUYKp0lCL/ugn2R/d9qTw8FnXnF8eP3mT1VZLrU0+Rkoeqxs4cJK6NJtDZcU5jMq73NtvKM6Z7T21SpNbHoVKEKjTkti7XC4Tbd2myFbeABriTzR1IOuR+xR7TpU4Rvq9jLiK7j6unrJ/x3ss7J2atvFzanLasztxdm4s3ia5KV3csoUVShlXx8ShMWjBivAssDE4lK6Lk+bKPkjXRxp2465LXWO5RK8FlraxfH6P7hYbBMMgEUzeTEEmJukAdMBSdQp1yO7vo53Wq1FLCunPqS6nL7FPbJ8suksl1iiIluD1E/4cfp4n+lTh1IZuL2K6/r6yorZay+iNUBVB6J2gCgCgFHKXZHlMWFO7Kh34n61deHoPA1ZTnlfcZsTQ6WGm61T7znJva/lMfSG7Kh3JUPFWHH0Hq/pSpDK9NuAw1fpYa6SW67ylb7Hmee5kdubjldR0D8YyouAMjzFOp06XhXXNJKxRHD1JVJyk7J+dl8jzDtDMq2+z40KRn41+EYGD0AQNW1znt9NMul5BVrz6PDpWW74eHiW7u3jvEWaCTdljJ3JFxlWHnI3avURUU3HRlk4RxEVODs1s+T5PuJNkbYLsbedebuFGq/JcfPjPWp9Y66SjbVbEqGIzPJUVpLhz70N81A1GO5D/AB093en5cm4h7hr9256qvq6RUTyfR/rKtStzdkXuXOzZ7iFIoFDfGBmywGgU4495qNKSi7su9I0alamo0+ZjDyUEWt3cwwjsB3nPgNPfV/S37KueR/x/R+1mo/yy/YWtkPzNnc3X7bKQh8OA9lRblxaRopUsP+SnKfe9jxtOwtZSI+ZeymPmc4CIn/ZyNB4jHppGUlre6I1qNGfVyunLhfZhsyxtYiY+Ye9mHnmMHmkPzQTgHxPspKUnxshQpUIdXK6kuNtke7+0sj+es7m1/bVSUHjxHspFy4NMlVp4f89OUO+2hQHJPndbS5hmHYTuuPEa+6pdLbtIz/8AH59aM1L+GbPkPs2e3heKdQPjCVwwOhUZ4d49tUVZKTuj1/R1CpRpuE+ehR5b/Ez2l6OCvuP4HX7t/wBdSpaxcSn0h6upTrLg7GxFUHqifa+2SjC3gXnLhhovyUHz5D1KPWeqpxhfV7GatiMr6Omryf8AHezzZWaWiNLKxkmkI33x0nY+aiDs6gtG82i2OU6caEXKTvJ7vn3Ih21s6edVkSSWJwOnCku6G7gw0Ddh4HrxxHYySIV6NSolJNp8Vcp7P2JZz53nmdgcMk0z76kcQy5H+xqUpyRVSw1CorNtvim3fyL+2L1LGBY4Vy7HcgjySSx4cTndH+wrkIuctfiX1qkcPTUYLXZIn5NbI8miwx3pXJeV+tnbj6BwrlSeZ9xPDUOihru9W+8b1WaQoAoAoAoDM8obCSGT8oWq5dRiaMf4qD8YHDw9BupyUlkl8Dz8TSlTl09PfiuaLkxS/tg0ErKr41Q4OPlI3Yeru9hhZwlZl0rYml1JWT5fI8bXZLOzZYFCnASJR1u5wPE65z3V2PXlqQrZcPQapq3BeLINmXCW8KW1spnkRcNzY6O98rffzRqTpnPdSV5O7I0pRo01TprM1y58bvYu3cEF2DG+kkZB0YCSJiAQQRw6u41xNx1LZxp11le680U/yhNa9C8HORcBcIvAf6qjh9IaV2yl2SvpalHSqrx/d919RnsS2gjiC227zZyQVbeBzxOcmoybb6xow8KcYWpbGa5QXEUsxBjv2ZehuwhghwTr6e3wq2CaXA8/Ezpzna03bTS9iDZ+xps5t7GGD/UuWMj+IHUa65Li7ldPD1L+rpKPfJ3Y3HJy4fWe+nJ7It2MD1ZqHSLgjUsHVl26r+GhT2rsO4jQgO13D8uGbG/jtRxrvD/3NdjNN8mVVsLVjHfPHinv8HzO7K2FcOgBdrSH5EMON8DtdzqWP/uKSnFPmKOFqyjZvJHglv8AFls8nLhNYL6cHsmCyA+vFc6RPeJb+Dqx7FV/HUUX+x5s5uLGGf8A1LZjG/iR1mpqa4St4mWph6n6lJS74uzJ+T1xFFMAI79WboBZgxQZI1/r41yabXAsws4Qna003prdo0u27a3kiIud3mwQxLNugY4HORVUW09DfiIUpQtV2Fn5QmuuhZjm4uBuHXiP9JTx+kdKllUdZbmfpalbSjpH9z+iLEa29ioRdZJGwMsDJK57SfvOgrmsyxKnhlZbvzbKsiLemS2uYTFLGAyEPvYDE7rowA1yDnSpdjWLK2lib06sbNarX+Uyps+9e3laG6V5LgriGRRkSqOCjqUjic6dZNdkk1dbFVKrKlNwqq8uD5r+7ju5uI7eM3dxuK/NqHZesjPRXOp1JxUEnJ5UbJyhSi6s97a/YXcn7CSaX8oXS4dhiGM/4SH8ZHHx78CdSSiskfiUYelKpPp6m/Bcl9zTVSbwoAoAoAoAoDlAZXaNhJZSNd2ilo2OZ4B19rx9jdoq+MlNZZb8GedVpyw8nVpLR9pfVDSMW19HHLpKgO8oPANjHSHaOw9tVvNB2NFqOJipbo87d2ottGEjUGVsJDEuNSdBoOCikY5nqcxFZUYWitXokUdh7G3AUlDCcOJXnU+eWbUBtCBgYK4xg94NSnK+2xTh8PlVp9rdy5/3kWLHlCrliykRGYxRy6brHgMjiATlQdQcdVccLE6eLUr3XVvZPme7jk6oYyWrtbudTuYMbfSQ9E+jBoqnCWp2WESeak8r7tvijx+UruHSe351R8u2OT6UbX1E0yxezOdNXp+0hdc4/YsWvKW1c7vOqjfNkyjepsVx05LgThjKMtM1nyenzGqSAjIII7tagaVJPY9UOhQHl3A1JAHeaHG0txVdcpbVDu86rt82PLt6lzU1CRmnjKMXbNd92vyK/wCUbubSC35pf8y5OD6EXJ9ZFdyxW7IdNXqezhZc5fYE2FGDz15IZ2XXMmBGv0U80enJpne0dAsNG+etLM+/ZeCLEu34El5mQtHkDdZ1Kox7FYjB+7WuZG1dFksVTjPJLTx28yva7OW4tpIpSWzLKN8npArM4Rge0ADHhXXLLK6K4UlWouM9dXr8dBXs+GWSVoZriaO6jAAZANx4/kNjdwdc5z1n0CbsldLQzUozlNwnJqa4rZrgPJZVtYjNdTb5UHpsqg6/JUAcTgeqq0nN2ija5KjDNUlewr2dYSXsi3d2pWNTmCA9XZJJ2t2CrJSUFlj8WZ6dKWIkqtVaflj9WasVQeiFAFAFAFAFAFAFAcoDM7R2HLDIbqwwrnWSE6Ry/wDF+/8Arm6NRSWWfmefVw06cnVob8Vwf+yax2jb3w3GBjnjOSjaSxsOte0ewg4I1xXJQlDwJ06tPEaPSS4cV4Hvb/PiAQxlmaQhGm6I3AxwzEDHV2D01GFr3Z3E9IqeSO70b5LiUdn7ODytZux5q0aJ41AA3t5SVMhHHDBuGM9eanKWmZbsopUVKfQyekLNLn4/El5+SS8uIDI6OsatbgHC43ekxHBulxznThXLJRTJqcpV5wbadk48v7cYPtYrc+TBN/EPOOwz0dcYxg5J4gVHL1blzrtVejtfS7/veR3W0rV8R3KhSRnduI8adepBU+g0SktUcnVoy6tRfBoiTk5Yv0o1UZ4GGRl9W62K70k+JH8Jh5dleTPY5MoPNnul8LiT3mnSPkh+CjwlLzYHkynyp7pvG4k/3p0j5Ifgo8ZS/wDTCLkvZHUx84e2R2f+ZiKOpI7HB0OV/F3JIb+2iLRQp0k85IYjpppnAwPSa41J6slGpRg3GC1XBIbOCRocHqOM1A0vVaGMt9sKzpb3rgPDO5ZmGFJUfE46lBDZH1ffV7hpeJ5UMSnJU6z1i34d3zNfNCkqbrhXRhwIBB91U3aPTlGM42dmhNsHZ8ttLLCoHk2d6MknKlvOQDGoz19/Wc1OclJJ8TLh6M6M5QXY3X2J9tbcitjjG/M+AkaDLt2Z7Bx1PfSFNz8CdfEwpabyfBblLZuw5ZpBdX+GcaxwjWOLx+c/f/TEpVFFZYFVLDTqS6SvvwXBf7NKBVJvO0AUAUAUAUAUAUAUAUAUAo23sCK5wxykq+ZKhw69mvWO41ZCo46cORmr4aFXV6PmtxYu1rqz6N6hliHC4iGoH+ovV4j21PJCfZ35Gfp61DSsrr9y+qL6xQ3Qae2lG88e4XQ50ByoZe0a9hwTUHeOkkXKNOtedOWrVjq7PkNwt1MUHNxsqiPeJO8dScj1Lrx41zMstkd6KTqqrK2ia0K/JRS7XN04IaSUqAwIKpHogIOoPXiu1OCK8GnJzqvdv+FsctPjdpTP1QQpGPGQ7x9mlHpBHIdfFSf7Ul56nnlHbLbmK+jUDmWxIAPOjkbp+kE7w9NIO94viMVBUstaK7O/g9xjsm1yzXMg+MkxgfMQDor9LGpPaccAKjJ8C+jC7dSW7/hcP9lTak2/eQWr/mzG8hXqcjRVPaBqcdelSiuq2VVpZq8ab2s34lLlbYpBGt5bqI5InTO4AN9WYAqwGhGoqVN3eVlWOpqnFVoaNNbcVyPdyrptEbjBPKIOJXPSiPVqNd099cXY8Dss0cUsrtmj8jTQghQGOTgZOMZONTVR6CvbUSXuyWN2JkVDG8RSdX4Ng9AgYOWGvHqqxStGxjqYdutnSVmrO/8AB3yKyscyk80vYZH3c/spvYz4Cl5T0JKnQw3W2+L+RRO1rq86NmhiiPG4lGpH+mvX4n2VPJCHa1fIp6etX0oqy/c/ohpsTYEVtlhl5W8+Vzl27deodwqE6jl4GihhoUtd3xb3G9VmkKAKAKAKAKAKAKAKAKAKAKAKA4aAQ3/JSF252Etby/PhO7n6Q4EVbGrJaPVd5jqYKnJ5odV80VxLtK30dI7tB8pDuSekHon0VK1KXcQviqW6U15M9w8sbbO7MJLd/mzIV9vCuOhLhqdjj6V7TvF96GGyVtcvJburc4cvuyb2T28TrUJKW0kXUVRu5U2td9bnvb2zTcwtBv7gbGTu50BB01HZXIyyu53E0empuF7XLsKkKAcZAxpwrjLYqySKG2NkLPuOGMcsZzHIuMjPEEHip6xXYysU18OqlnezWzONs2STdFxIrqrBt1EKhiuqlss2QDrgY1HXTNbYOjKdlUaduSsc2qlrvpNcOqtHncLSbuN7Q9YznhXY5rWRyqqOZTm9VtqUZuWVtndh5y4f5sKM3t4VNUJcdPEqlj6V7QvJ9yIzLtK48xI7RD8pzvyegDoj0121KO+pHNiquyUF5snsOSkKNzsxa4l+fMd7H0RwAqMq0notEWU8FTi80+s+bH4qo2HaAKAKAKAKAKAKAKAKAKAKAKAKAKAKAKAKAjmgVxuuoYdjAEe2idiMoqWjQmuuSFk5yYFU9qEr/KRVqrTXEzTwNCX5fLQr/wBj0H5u5u4+5Zjj2g13pnxSK3gI/lnJfEByanHDaFz6d0+6nSr9qO/hJ/8AbI6eTU547QufRuj3U6VftQ/CT/7ZHP7HofzlzdydzTHHsAp0z4JHFgI/mnJ/EsWvJCxQ5ECse1yW/mJrjrTfEshgaEfy+eo5hgVBuooUdigAeyq229zTGKirJElcJBQBQBQBQBQBQBQBQBQH/9k=', '', 0, 0, '', '0', '', 'uok', 247, NULL, NULL);
INSERT INTO `universities` (`id`, `university_name`, `description`, `logo`, `location`, `rating`, `student_count`, `email`, `phone`, `website`, `slug`, `country_id`, `created_at`, `updated_at`) VALUES
(11, 'World Peace University', 'World Peace University was established under the auspices Alt?nba? Holding and Alt?nba? University shareholders. It is young. It has a dynamic administrative and academic staff. It?s established with the aim of becoming a fifth generation University. Education is a priority at the World Peace University. In this respect, it is a student-friendly and research-oriented University. It aims to educate its students on a campus (smart campus) equipped with superior technological infrastructure. In addition to education and research, our University follows a differentiated strategy in a cycle that uses, shares, structures and supervises the knowledge it produces.<br><br>We are passionate about collaborating with staff and students across the University to develop, improve, and implement communication, orientation, engagement and retention activities that help students achieve success.', 'data:image/jpeg;base64,/9j/4AAQSkZJRgABAQAAAQABAAD/2wCEAAkGBxMTEhUTEhMWFRUWGSAYFxgYGBsdGxciHxoaGBsfGyAbHCggGyIlHRgdIjEhJSkrLjAuHR8zODMsNygtLi0BCgoKDg0OGxAQGy0mICMvLS8rLS8tLy0wMC0vLS0tLy0tLy0tLS0tLS0tLS0tNS4tLS0tLS0tLS0tLS8vLS0rLf/AABEIAOEA4QMBIgACEQEDEQH/xAAcAAACAgMBAQAAAAAAAAAAAAAABgUHAwQIAgH/xABNEAACAQIEAwUDCAUICAYDAAABAgMEEQAFEiEGMUEHEyJRYTJxgRQjQlJicoKRNZKhorEVFjNDsrPB8AgkU2PCw9HhNHOTo9PxJURU/8QAGgEAAwEBAQEAAAAAAAAAAAAAAAIDBAEFBv/EADURAAIBAgMDCgUEAwEAAAAAAAABAgMRITFBBBJREyIyYXGBkaGxwQU00eHwM2JyskJS8RX/2gAMAwEAAhEDEQA/ALv0YNGPWDAB50YNGPWDAB8Ax9wYMABgx5dwASTYDck8h78VvxX2u00F46QCpk5a72iX8XOT8O32hhoxcsjjaRZJNtzhQz3tLy6muO+75x9CAaztzBa+gH0LDFE8RcW1laT8omYof6pfDGPwj2ve1z64g7YvGhxZN1OBbGbdtkxuKWlRB0aZix+KppA/WOFSv7Ss0lP/AIoxj6saIo/PSW/ewr01O8jqkaM7sbKqglmPoBuce66ikhcxzRvG45q6lSPI2PT1xVQitBHKRsz59Vv7dXUt755CPy1WxpvUO3tOx97E/wATiVoMljIjarqRSrKNUd4nlZluV1lVI0ISCASbmxIFtzjybI3qakwQsGC62aSxIEac5NPtG4tZeZLAbY7dHLMjknceyzD3MRjbhzuqT2KqoX7s0g/g2JfMuFtNEayLv1WOQRyJURd23itpdLEgqSQCOYN9zhZwJpg7oaKLtIzOIi1WzD6sio9/iV1fkcNeU9tdQthU00cg6tExQ/qtqBPxGIfg2paHKsynazpdIoo5FDoJG2ZtDgqSA6E7bgb4V+H4Enq4opULCaQRnuysZTWwGpQFKjTcnTptYdMI4xd7oa7WpfOR9qOXVFgZTTufozjQP1wSn718OaOCAQQQdwRyOOTM3SnErClaV4gSA0oXU1iRcaNrEWPIH0xtZBxLV0RvTTsgvcpzjbzuh8O/mLH1wjoJ5DKpxOq8GKt4U7YoZbR1yCB+XercxH3/AEo/jqHmwxZ0EyuoZGDKwuGUggjoQRsRiEouOZRNPIyYMGDCnQwYMGAAwYMGAAwYMGAAwYMGAAwYMGAAxBcWcWU1BHrnbxH2I13eQ/ZHl5sbAeeIftD4/jy9O7QCSqYXVOiA/TktyHkvNvQXI58zPMpamVpp5DJI3Nj+wAclA6AbYtTpb2LyElOww8W8b1eZPoN0iJslPHc38tVheVvS1uVgDjXbhlado/5Skel7waljSIySabkam3CpuOV2bzUYXlYg3BII5EbEYf8AIIxmlAaJ3tU0XzlO5BYtDsHSw3bTtYD/AHY88aHzVhkSWIu8ZcNfIXj0yrNBMnewyqLB125i53Fx7wQduQnKLhWniPd1yTRKY1d6zvAkcTsneLGiMvz1gQp0lm1X2A3wvcS50tQtPDFq7ili7uMvYO97F3YAkLcgWW5sAN8MNVmuW18UL10k9PVQRiFmjTWs6r7JGxCt77bk8wBbjvZHVa5DcKU8kwqaaEJ449cs5Dao4omDvpA3Ifwgpa52B8xOcVwtW5bRVsKSuIRJTys3ifSm6PIVFgLKSTuAXtc8zAZTmU61hlyuORGA0oiL3jaLBfnAAQxbTqY8tRJHIHDUOBs7rSxnYRJIQWSSXSh0+zaKLUot0BA335745LB3YLKxhzjJ0zKClqaWeBHhp0gqIZZBGY+7vZhf6O538gLdcRnBGZU9JVzRTTXgnhanaeMMAhbSdafS0hgQGsL7NYDk20nYcdjNWj3JD/xM/wDw4k07EqTrVVJ93dD+MZwu/C1rjbrvexVnEOXLFzzCKra/gETPJt1aQt4Yzb6ILG56DfEHi8G7EqTpU1Px7o/8sYjqzsQ/2Vb8JIb/ALVcfwwyqw4iuDFedS3D0fdb93WM1Tb6N1cIW8hYpv7sQXDAKd9V8lgjYI3QyyKYolHmRrMm3IJfDcvZ5nNCxkpHViRY9zIAWH2klCq3PkdXphP4mqq4sqV3eqVvoSSPu19SiqqofvAb+eOxaeTB4Zm5wPkEFUag1LSRwU8PevIhHgsbAEFG1agGsBv4evLGrWcOstKKyKaOaHX3TlNYMb2uAwkRSQQR4rdRtiTbNqf+TfkVJrWaadWnExUd4APCEcWQKGCnxlevnjZ4zT5FRUmXDZ2HyypI3BZ7qi3GzBQCPwqcF3c5ZWFPK8ulqJVhgQySvfSoIF7Asd2IA2BO56YmeF+LqvLZCsbXQMRJA5uhINmtb2GvfxL156uWNuTLYqbK4p5lK1lRIWpSjurLGAt3ezWI56dr+Nd7Xsvz5RMsEdSUJhkuFkXdQwYqVb6rXHI7Ecid7NhLM5kdH8G8Z02YJeI6ZVHjib219R9ZftD42O2GTHIlHVyQyLLE7RyIbqymxB/zsQdiNjti/OzjtFSuAgn0x1QHLks1uZTyNtyvxFxe2apS3cUVjO+Y/wCDBgxEoGDBgwAGDBgwAGDBgwAGErtJ45XL4tEdmqZB82p5IOWt/QHkPpH0BImeMeJI6CmaeTc+zGl7GRzeyj8rk9ACcc80ETZlWO9VVRwmS7NLIQFB9mNFBI2uVAAOygnpitOF8XkJKVsEQtTUtJI0krNI7tqdifExPPfp5em3lixKTLVzmkJSCOmqqb5uEp4YqhALiLxEnWi9d7XBvZiAjZ9kk9HKYahCjjcdVcfWQ/SH/wBEA7YY63h+aaioayhV5BDH3UixAmSGVZXcuFXxeIuDcbiynkRbTK2BJaifPCyMyOpVlJVlYWKkbEEdDiS4VzM01ZBPrKCN9TEAsStjqW3XUt13sLkG4tfDNxtXRSU8T1sDpmjRgMB4FZCWCyzLbaQKnsbe2twQLLl7P+zSStCz1GqKmO6jk8w+zf2VP1jz6c9WByW7dhuu+BDVNK2aVb/yfQ92GYs1mY21G+qRmPdxjqEUDmQNW2LG4a7HoIgJK+TvmG5RCViX3nZnt5+EeYw2x1cNKBR5fAHdecabJFf6Uz9Cee93Pl1xlThwzEPXSfKDzEQusCe5P6z3uT7hjLKu3hE1x2dJb1R29fD62MNHnNNGvc5fTmYDpToqxA+shtH+RJxsBcxl5tT0y+QDTP8AmSiA/A4nY4woAUAAbAAWA92PeI2bzY/KRj0I+OP28iAHDrt/S1tU9/qskQ+HdIpH54+/zRpz7TVDe+qn/wDkxPYr/Mu1aiFNM8Tn5QgIWGRGVtd9IvtpIB3OknYHHVTvkjj2mospW7MPQYv5o049k1C+6qn/APkx8/m46/0VbVJb6zrKPj3qMT+eFLJO1ykFEklWzfKFBV40QkuVHtLyUBhvuQAbjpiyKaXWitYjUAbHmLi9jgdLdzQLaaj/AMr9uPqQRjzGPk1PUr5MGhf8wXU/kMYanPKdlMVfA0IbYioUNC34xqj/ADIPphnx5eMEEEAg8wdwccs1kzvKRl04+GH28is+I+yKlnBkon7hjuF9uFvhe6/hNh5YqvNcmqculRaynEkakhFcs0Dg7sEZSLE2vbY9SMdAycN90S9DJ8nbmY7aoH98f0PehX448DMY570lfAqO4toezRTf+UxFm89Jsw8uuKwruOEhJ7Opc6m7+vh9DnzjPP8A5bUmosUXQqrGbWiCruikc11aiDYHxchhs4soHhpsvpJJfk8EcHeTE3PeySMHZFjUhpipHoo1bsu2MvH/AGWvTaqii1SQjdouckXqvWRf3h9rciuq6tkncyyyGSRubu17+W/QC/IbAcsalaVrGV3V7mxn09K0palWSKJtwkpUld+SkE3FuhuR5nnjTjkKkMpKspBVgbFSNwQRuCD1xZfEdTDl7nLKe1OwjQtWFFZpJCC1pdSMe6II3TdT0IBGE/jeCCOqKwPG4CR940Vu6Mmgd4Y7bBSd7DYEkdLY7GVzkkXL2X8eiuTuJyBVIOfITKPpAcgw+kB7xsbB/wAch0dU8UiSxMUkQhkYc1I/zy5EXB2x0vwDxYmYUwkFllTwzIPotbmPstzB945g4z1ae7iikJXwGXBgwYiUDBgwYADHxmAFzsBzPlj7iuO2riX5PSiljNpKm4a3NYx7f61wvuLeWOxjvOxxuyuVf2j8VnMKsspPcRXSEdCPpP73Iv7gvriCybKpKqdKeEAySEhdRsNlLEk9AACcaWGXgviCmpGf5RSmcSWUsGAaJdLqe7BHtNrIPiW42643W3Y2RnzeJt5RxIndnL80UzUyMVSRTeWlIOm8bC+pBblvtyuPDjHmtJUZU4amrlKTgNEYXN5IyNndbaR5C5O97cjb5nXCESQGrpKuOajGwLbTK1vDEyAbsbjfba5IAFzLdl3BzZhN8oqgWp4dKgNylKgBU+4gAuOXIfWwjaSvoNjkTHZtwE1UwzDMdUgc640kJJl8nkvuV5aVPMW6WBsKWskrGMdKxjp1OmSoXm5GxSD+Bk5DpvuCukaskamiJWnjOmokXYuf9ihHLb22HIeHmTZhp4FRVRFCqosqgWAA5ADpjHKbm+o2xiqKu+l6db6/Qw5Zl0UCCOFAijoOZPUkndiepO5xtXxX3GdXWHvJaKqZkiOmaFVTXEbe0PDqKkb8/Mja9kamnzKr/o3qpQequ+n87hB+eIyqqLtY30fhsq0eUlUS43vddt7F8PIALkgDzO2NCoz+kT26mBffKg/icU3UcLMm9bUwwG3ss3ezfqJe/wCeInMUp1sKdpWtfU0iqoPlpVSSB78JKu1p5mml8HpzdlUb7I4eORcfG3Ek9LSippKcVKkXLBvDGpFw5Cgl187EWG5Nsc2VdQZJHkawaR2c6RYAsxY2FzYXOwxfnDmaT1GUtFR6flUadyNTaQn0Ve9jyTcbbkWxS3E3DFRl7JHUhQXXUultQsDY72G4/wARj0NmknG54O10pUqjg9GQzC4tjons04krauEy1cEccQHglF1MludkN/CBe73AvyB3tQ+R5LLVVCU0QAlckDXdQulSx1bEjZfLyxc9MarLMokgrHiZ94qbu3ZjZgdjqRfYuSLdAB0w20SSjiLs1OVSooR1wHen4hpH9iqgY+QlQn+OJCOVWF1II8wb450y9KckioMoW3hMYU2PmQ1rj0BviXpuGBIb0VVDM3RSTDN8Ffn+ePNjXb0PoavwelB/qNdbjh45F7Xxq5ll8U6GOZA6Hof2EHmCOhG+KQqjmVJ7bVcQHUu5T8wShw3cH5hW2jqKyrZIHdUiRlQtOzGygXXUF35jyJ2AvhlWUnZozVfhkqUeUjUT4WvdvqtfEZY6yShYJUuZKYm0dQfaiJ2Cz+Y6CT9bzwjdqfZwCHraJN/amhUe11LxgdepUc+Y3uGtyeFWUqwDKwsQdwQeYI64XKGRqGVaeQk00h007k3MR6QuTzB+gx+75YvGbpu5gcVWX7vX7+vrz+2b1FYsVO4ilewjikcKJbDdUEhYBgeQD33bnc4Z8uy6myi0uYfPVboQtImlljV1Kkz76WuCRpvbnbVa67fbDwQKdzW062hkPzqjlG5PtDyVj+Tfe2R4Ipa2aR3ddSxGWaRuiRKqs5tcs1gosASSfecbVaSwyMOTPvEdHBHIppp1lSRBJZV0mEsSTEw1Nuvv/wCp2uCOJny+qWYXMZ8Eyj6SE72HVl9ofEdTiYy/IKUUVC7wvLLXTPGZFlKinCvouqgaWIHiOvbZtwOSXPGFZlDBwrFQy+y1iRqX0Nrj0OOqzVhcViddU86yIrowZXAZWHIgi4I94OMmKq7DOJe8iehkPih8cV+qE+JfwsfyYDpi1cY5R3XY0J3VwwYMGFOnwnHL3HeffLa6acG6X0RfcW4Uj7xu/wCLF79p+c/JcundTZ3HdJ53fwkj1C6m+GOfeGUpu9Jq2KwrG/srqYsw7tNK9SpfX+DGiirJyJVHoY8goRNOEZWZQryMie24jjaQovq2nT6Xv0wzUfE+VzL3NTlkUEbbCenb5yPyYkrqcDmSSb29k8sQZppqJ46unkWREe8dRHcpf6rg7xsQbGNwCQTa43xN13G1LJ85/JNMKnn3mo93q56zEFAY33sxPvOKyxEWBDUeRTy1n8mxve07KSB4QUujSkeiKTa/oOe9+VUIpYIMvovDI40IeZjQf0kzeZ3+LMPXCj2J5LpimzGc3eYsFdvqhryP+Jwb/cHnh14VQymStceKo2iB5pCv9GPTVu5+8PLGavO73Ua9ngop1Hp66fUl8ry9IIlijFlQWHmepJPUk3JPUnG3gwYmK227sovOc0lp88d4XKku4YdHGgGzDqL/APbE3mGdS5nTd9QzyIYhaoo1IDL9pCoDOp/bboQVwscXfpl/vv8A2BhKynNJqaZZ4HKSIdiORHUMPpKeo/8AvBTpcpFrq95Fam1Soba5LGyhg8f8UPGR8LTVCmTaGAbtNJ4UA6kfX/h6jHrM6qlRTBSR96W2aolW7t6Qr9AdL21H9uJurzQ51TBoHK1EAvLSX8L/AG4/rfG9uW3NmHs+4K7nTU1K/PHdEP8AVep+3/D34yOjKMt1LvPoV8TpzpcvOXZBcevV+nVcRo463K5Y5SpjLgc90cHco1uo8uYtthnPFuW1ckE1dCyy0+rQCNcd203O27WKAjUNufOxFkZhDG0bCZVaOxLBgCLDc3Bxz3LCZO9mij0wq19uUYZjoXf8vgcde9R6LEocl8STdaNpK2KwzyX5csLNOL8sFQKyGF5akKUDhdAIIt4y3PlYGxI92FWokrc2nJC6yoNlGyRDna52ubddyfQbQfyZwizFLxl9NzyYixKm242P/THQWRxwiCM06KkTKGUKABYgHp19cci5VsJMK6o/DoqVKN5O6u3e353FJZbU04Hyeth0aSR30a6Zoj11j+sA8iLjpfp6zrhOWJO+QrUUxFxLHuLfbG5X9o9cWHx9wYKkGeAAVCjcchKB0Pkw6H4HoQq5VWHJ4DUVTsJJh8zRg2Ln68gIOi3n0G25IXAqLct23eP/AOlBUuXhKz1g+PVqu3LirmbIs0ly6m+V1tRKImFoKUnU8xttYPcovXa3mdtiuzZzLVZtTPKdgYtCA+GMGVCQo+AueZsPIYS+Ic8nrJmnqH1OdgBsqDoqDoB/3Nyb4Y8q/SVN74f71ca6lLk4W6n7Hz8NqlX26EmrXvguw6Oxq5lQJPE8Uq6kcWI/xHkQdwfPG1gwEU2ndC3lR76OahrAJHRdD3/r42BCSe8i4NuTA+mKCz7LZcrrZIdmABC6xdZonBFnAIuCLqbWswNrWBx0DxTEY9FbGLvT3Lgc3iP9KvrYDWPVfXCp20ZEtTRLWRWZoPFcfSia2r8tnv5BvPD0Jbr3WNtEVJKpHX11+vloVrWyVmYrTUtPQ6IYlJijiViviJDO0khsbspGpjz1bk4M1yKny9qY1EkVTMHPyqljcmwuSvjC+E2tdTzPK4vjSyriCs+TDL6ZpfnJdSiIkO11syC2+kkajYge1e4O01l/AkdOytm1TBSoR/QB9UxuCAbIbLpJDX8Q23FsassDLmL2R558lrkq4lKIkhbuwS1o2JDJc7tZDYE9QDjqaGUMoZTdWAII5EEXBHwxytxRS08VRJFTicLGxRu/0atSkq1tG1ttsXl2N5x3+WohN2p2MJ9wsyfuMB+E4nWV0pDU3jYesGDBjMVKa7f8yu1LTA8g0zD/ANtP+ZhA4Ty+inkMdZUyU97aGCroPmGZvYPkSLeZG2JTtgre8zWfyiVIx8EDn95zjZmyXJ1WJZ6+SKdYkEyRQvIuu2pvEEIJu2nY7acbI4QSIPGRsrBlFDMymozISDwvH3cQV1P0XWSLTIhG9jcHmPPC1xAKOoqEXLY54+9YJ3c2jSGYhV7vS7EAk7g8trbbBnifJO57mWuqZowLRaqdg0P/AJTd3dRfmhuh8r740uzDKo5M4jEbmWKHVKHKFNQVdKkqSSpDuv5YE7XbuD4FvZxQrFSU+XRbCXTBtzEarqlb4opF/NsNMaAAACwAsB5YgYh3uYuelNCFH3pTqb9yNf1sMGMKxbZtqc2MYd/j9rBgwYMMROf+Lv0y/wB9/wCwMV8cWDxd+mX++/8AYGK+OK7L7e8hNt+al/GH9TPQ1kkMiywu0ciG6svMH/EdCDsRcHbHQXZ12gR1691LaOqUeJPoyAc2jv8AtXmPUb452x7p5mRldGKOp1KymxUjkQemNM4KSJRlY6S7TMz7mhdQbNMREPcfa/dB/PCJU0nc5IhIs1ROG+ADaf2Rg/HGOhz5c6hSmmkENdFfuido6i4Grb6L2HL3kbXAnu1iJYqajgX2VJt7kQKP7WPKrwlFty4H0fw2rBxp0oPFybl3LAhcipO/yisXm0UomX0si6v3VbDj2UZn3tH3RPihYr+FvEv8SPw4g+x5gxq4zuGVDbz9tT/HEZW5jHkSSIjiatlFgn0IUBOhpPM2N7dfQXJ5RhKTi0P8Sq00qtKee9GUe9Yjvx9x1Dl0dtpKhxeOK/Lpqe3sr+02sOpHO+bZnLUytPO5eR+ZPTyAH0VHQDGKtq5JpGlldnkc3Zm5sf8AOwA2AsBtjDj1YU1E+ZlJs+Nh0yr9JU3vh/vVwlth0yr9JU3vh/vVxn2rLufsV2L5un3+h0dgwYMSHPLqCLEXB5jC5w1CvdT0Mg1LCxisfpRONUfvGhtH4Thlwv1I7rMYm6VELRt96M94n7rSflhXmmWpc6ModV+9fa5zxDNLlmYHRYyU0jKNXJxum9ujIb3HK+NCioZamfu4I3lkkYkLfUx35sxte193aw6m2LL7YKoU9V3bUtNNFUBZizq4k1qBEdLxyKVGlE235nCxRcaxw07U8FIaYSH5yWnntK432LyxSNbfaxFuhFzjepNq6RiaV7Nkfxjw98ikiTvEkZo7ylG1BZQxEielgU5774b+wXMtFXPTk7SxBx742t+1ZD+rhJrPkPyc9wJ1nEgPz2khk0sCFMYAuG0nxAc9sbnZvWd1mlI17Ayd2fXvFMf8WGCSvBpnFhI6dwYMGMRoOVOL6jvK+rfzqJB8A7KP2AYicbWbteonPnLIfzdjjf4W4YqK+VoqcJdV1MzsVVRewuQCbk8gB0OPQwSM2bIbFr/6P9Nearlt7KIgP3mdj/YGKyzbLpKeaSCYaZI20sAbjkCCD1BBBHocW/8A6P6fMVTecqj8kv8A8WEqvmMaHSHnhXxNVy/XqXHwjCwj+wcT+IDggf6qD9aWZj8Z5Difxgh0Ubdo/VkuGHhgGDBgwxE5/wCLv0y/33/sDFfHFg8Xfpl/vv8A2Bivjiuy+3vITbfmpfxh/UMGDH1VJ2AufIY2EAViCCCQQbgg2II3BBG4IPXFm5NxCmaxR0lbJ3dWlxTznZZr28Eg5BjYb9em+xrMISLgG3nbba1/4j8x54+tCw0kqwD+xcHx8vZ+tuRyxOpTjNWZWhXnRmpwdmiz8xzpMmR4YGEuYSACVhvHTDmAByZ97gEepsLKawnmZ2Z3Ys7HUzMblieZJPPHo08hcqUcyXJK6WL39oki1+tyT78Ywh22O4uNuY33Hpsd/Q4KVONONkd2ivOvNzm8WfMGDBihE+Nh0yr9JU3vh/vVwlth0yr9JU3vh/vVxj2rLufsX2L5un3+h0dgwYMSHDEBxb4fk0v+zqY/ycmE/skxP4geOB/qbn6rRsPwzRt/hhZ9Fltn/ViuLt44CD/pA0o7ukl6h3j/AFlVv+XimsXv29R3oIT5VC/tjlGKKhiZ2VFF2YhVA5kk2A+JNsbqL5hin0jzjZyyfu5oZPqSI/6rhv8ADExxVwXV5eI2qBHpkuAY2LAEC+lrqLG3lcbHfC3MfCfcf4YomnkJZo7EwYiflmDGCxqOXs3W1ROPKWQfk7DG1w9xBUUUplpn0MRpYEBlYc7EHyO9+f5nHvi+n7uvq08qiQ/AuzD9hGIjG/NGXJmxmFbJPK80zF5JDqZjbc/DYbbWHIDFw/6P7/M1S+Uqn80t/wAOKWxa3+j/AFVpquK/tIjgfdZwf7YwlVcxjw6RZnBB/wBVA+rLMv5TyDE/iA4U8Jqov9nUyH4SaZh/eYn8YIdFG3aP1ZPjj44hgwYMMROf+Lv0y/33/sDFfHFg8Xfpl/vv/YGK+OK7L7e8hNt+al/GH9QxJcN1iw1cErtpWORWJsTaxvewBJ/LEbjeyXLTUyrCJYomchUMpcKzE2C3RGsT62HrjW8iCJ+DPabuVulmZZGlgCnQWaWiYqhtYK6wObHZd15ab+f5WAmlkavaQS94IjaovTl1YLIylAFIHzfzRYgMStwBeF4hyZqSZoJJI3kTZ+712Q2BAJdFvsQdrj1x5zjJ5abuu9AHfRLOlr+y97A3AswtuOm2+FshrsYKLOUURo9UkhCMssrfKhqRpUkWOOREEylDGWBK6buVsRz+0eeUsMqTiSWRoou6jumpzqqaiR2fWVUkwsFax/rjbkbRc/DYSCOoatpBHKWEf/iSxKGz+EU2oWPM2ty8xjYzXg5qcxCaso075BJH4qggqeTFhTkKPViMc5p3EgswSNZXELFogx7skEHTfw3B3uBsfUHGDEjnuSTUkvdTqASoZWUhkdTyZGHMYjsOmIz42HTKv0lTe+H+9XCW2HTKv0lTe+H+9XGTasu5+xfYvm6ff6HR2DBgxIcMQPHH/g5B9Zo1/OVF/wAcT2IDi7xCmi/2lTEPghMx/ZHhZ9Fltn/Vi+Dv4Yip29SWoIR51C/sjlOKKjcqQykggggjmCNwR6g4uP8A0gaoaKSLqXeT9VVX/mHFNY3UVzDFUzJriLiurrhGKmXWI/ZAVVFzsWIUC5Pn+VrnEFMPCfcce8bOWQd5PDH9eRE/WcL/AI4orIQ6i+R4MS1sGMFzUc4dr9F3eazHpKqSj4oEP7yHCbi3O3/LbNS1IHMNCx/9xP8AmYrzIOGKmtDfJUEjIwV11KpUMCVc6iBpurDbe45bjGyEuYmZ5LnENhx7I8w7nNIb7CZWhP4hqX82RR8cbB4No6T9J5ggcc6elHeSegZiPD8VA9caPE+YU7/JqvL45IRTlYNMhBYFPnYGJDG+oBxz/q8dbUlZAk1iXtTnusxkXpUQrIPvRHQ/7rp+WGDCnm9eslNS5jFcrGVmNufduumUH3K2q3mmGpGuLjcHHnrBtG6pzoxn1W719rHrBgwYYic/cYG2cuT9d/7AwgyLZiDzBI/LbFpdsOTPFVLVINns4P2lADKfeqg+viwgZ3AGAqI/Yk9r7Ldb+/8Aj7xh9nkk7Ps82/NMXb01XjU0nGNu1KzRFY+qxBBU2YG4I6Ebg/A4+YMbjOWNxrlq1tbl9SPDHXxK0p+r3YBnufsxf2ceOL8w/lHK0rtNnpah4nAFtMch1RC3oDEvv1Y06HiWNclenYr8oSRooQT4hHMNUrAc7W7xb8hqXzxt9kTOGqUkp5ZqaWIltMbsuuL5xFuARqIJAHMnSMRyV+BTPvFni/5t4qX/APlhWNgOXeN89Mf/AFJCv4MNnHWRVFSuXGFFYChiDEyRrp25nW4IHra2EStp6h6h1kik+USOWaPQ2ss93Phtq63tbDl2qZbKEoHaGQKlHEjsUayNy0sSLK3od8M80c4kd2gZlEy0VLDIs3yOnETypujsQgIQ/SA0c+W/ocKODBh0rIRu58bDrlQ//J048mhB/wDVTC7ktKCTLJtHFuT5nmB69P2Drh47LMqeprvlDCyoRI3pa4jX3k2PuU4x7TK7suzvdvbEvsCvtO/pBNt92C/OJe+DBgxMcML9Ye8zGFOkETyt96Q90n7okxPsbYW+HZ17uor5DZZWLgnpFGCqH3EAv+LCvFpFqXNjKfVbveHpcqjtjqWqc1SmjsSipEBew1yNq5nYbOmE6p4dqkeZO4dzA2iUxKZAh3IuVBsCBzP8ca2c5g1TPLO/OV2ex6AnYfAWHwxO5RUV1IscdHOolqSr9xCC826kp3gMZQAq2rTqJswJA6eglupIw5sV13uBuRzHlbnhk7N6Pvc0pFtcCTvD6aFMn8VGJbiXiqs7qamzCmRKplUJL3KrLoLAyAsDYqwXT4BbmMSnYLluurnqCNoogg98jX/YsZ/WxyUua2CWKLzwYMGMRoFXtPyb5Vl06KLug71PO6eKw9Supfjjn/hfMjE8id6YkqImgZ7kBNVijm3QOBc/VL46pOOXuPMh+RV00IFo764vuNcqB903X8ONFF3vElUWpozcO1cb90aWfVyssTMD90oCGHqpIwx5pkLUOWMKoBKirmjZIrgsiRByWa3InvCPTUvW4Edw/wAU5nGFpqOeY32SJVWQ+5Q6sVA9LAY3eLcjeGNZswqg1c8g1Qd5rkERAtcgFY2B1WF9FjtuLYs272YiStdDv2H56ssEuXy2Oi7xg/Sjc+Nfgxv+MeWHrhWYoHo5CS9NYKTzeI37pvWwGg+qnFBtUNQ1UNfRwzR07Nqp++IvIqgLKrFSdiSw36EHe2LxqqgVEMGZUXjZVuFHOWM/0kR+0CLgdGW3U4y142e8jXs8lJOm9cu3T6eeg14Ma2XVqTRpLG2pHGpT/nkelsbOJitNOzI7P8ojqoGhk5NyI5qRyYeoP57jrjnrN8tkoJ5IZkvG3ti22/J09D/25jHS2IHi7hiKui0P4ZFv3b2vpvzB81PUf44VrVfn5oVjuVIOjV6Lyf8Aq+P1+pzTmeXmIgg6o23Rx19D6/xxpYas0y2WhkeCojLRH2l52H14z1Hr+diMQuYZbpHeRHXEeTDmvo3l7/4Y1Uq18JeP5kzz6tOpQnydXuejRH4eexs2r5CNj8ll/YYyP24RsN/ZTmEcOYp3rBVljeHUeQL2K395UD3kYvPos7HMTI1GgC21sPnakxIy25v/AKjGd/M8z8bDEDPwbXJN8m+SzNIDoBEbaG6Bg9tOnre+3W2JrtVqE+Uw08bB/klPHA7DlqW+ofAEfG46Y43eSsdtZMS8beW0DStYbKN3Y8lH/XHvLctMl3Y6Ih7Tn+A8z/n0xMUNJJVslNSxkRk7KPak8yx6L5k/9AJVa27gv+fV9QtOE60+TpZ6vRLiwoaNquSOmpkJiBso/wBoerN6DmT7/h0HwtkKUcCxLu3N2t7bdT6DoB5AY0eCuEY6GPo0rCzuBsPsr5KP28z0AZsZEtfz/rN73KVPkaWWr/2fHs4eIYMGNevrEhjaWRgqICzE9AMMTSbdkRHFc7OqUkZtJUkqSOaRj+lf08J0j1YYUe2bO1pqJKKLwtOAth9GJLX/AD2X3FvLDRlbd2s2Y1fzZdL2b+ohW7Kp9Tuzept0GOfuJc4lzGseYIzF7iOMDUyooJCgDmQoLG3UscPQhvPeY20S3YqmtM+3Xwy89SNy3LpaiRYoEMkjclFuguSSSAoHmSBh3qs/qcvIppaaClq2iSNq0eOTuraFICX30oBcG50g6eWFvh2CMMYqtzBDWQFFm2Oj51WVyL+wXhKm9rg35b4ca7hM088ldVy04pERlgjSTWZVERhgjQED6NiT5gnqSNUmr2ZlSdhN4nzBZBBEtQ9V3Ktedw4LF21FQJPHpUAAauZLbAWxdnY3k/cZajkWaoJmPuNlT9xQficUXwtkrVlVDTC/zjAOR9FRu59PCDb1t546rhiCqFUAKoAAHIAbAflidZ2SiNTxdz3gwYMZioYrntq4a+UUoqYxeWmuTbm0Z9v9Wwb3BvPFjY+MoIsdwcdjLddzjV1Y5o7P84MEk0SEpLVR9zDKou0Tk+HbnpYmxIuRZTY2xLwZFTZZJ3+Zz99UglhSQnWzagQTO7dCDuDa/m3LET2kcJmgqiqg9xLd4T5D6Se9CfyK+uPuQ5TFV97WV1YFjis1QLHvn5Imiws2vkX56uYN9WNbs1vaMiuAu1juQu0ixHU0COzMqqWNwhNgbEWJAFyN98OnZTxv8ilME7WppTzPKF+Wr0U7BvLY+d9rL6xM3kXLoqb5NRxKzxMntQEKxDzE3Vg7bFdjdr6iRfFb/EH3csNbeVmcydzpqpBoZGnUE0kp1TKN+5Y85VA+g30gOXteeGWOQEAgggi4I3BB5EeeKU7Lu0URBaKtb5r2YpW5R9Aj3+h5N05HblYxp5KEloFaWkO7RLu8F9y0Q+knUx8x9HyxhnB031G6MlXX7vX7+vbm0YMa9DWxzIskTh0bcMpuD/nyxsYCTTTsyK4hyCGsj7uZeXssPaQ+an/DkcUbxJwtU5bKSoDRsdiB4JPT7LW+j77XGOh8YKykSVGjlUOjCzKwuDhWuBWNSLhyVVb0X4rrT09HqcuT5ekoMlOLEe3EfaXz0+Y9P/rEOR0OLY437OZKcmopCxQb7bvH7/rr68x1uLnCLKqVB0yART9G+hL/AN/878sWpV7YP7r6rz4mOvs0qC3k96HHVdTWn5nmaK57VhdAq6kJa2kTyhbeWnVa3pjNS5YsaiSouq/RjHtP8Og/ztjPFClObWEtR0UezH6n1/ztzw58F9n81WwqKliIzvqPNh5RjoPtfkDjtSvfCP3f0XX4HKNCe0LevuwWcn6Li/zrITIeHqnMZQqoFiS3h5JGOhe3M25KN/cL4vLhjhmGij0xi7kDXIR4mt/ADoo2/jiRy3LooI1ihQIi8gP4nzPqd8bWIJas2ucYw5KkrR831v6ZeoYMGMFbWRwo0krhEUXZmNgMMSSbdkZZHABJIAG5J2A874WqcGvkWUgikja8QP8A+ww5SEfUU+yOp35Wx8WGSvIMqtFRjdYjs9R5GQfRj8k5nrYbYRu1DtGADUVC32Zpl5L0McZHXoWHLkN7lSMXUdlkWbVBfu9Pv6duUV2wcb/KHNFTteGM/OsOUrg+yPNVP5t90XWssoWWohlyt5aiSGJZ5tMelo2B0yIoYHXs1tg17m2rC/Q0jSyRwxgapHWNByF2IUX8hc4ZstpapHJyg1zFD883dBFLJcbWYhh4m+acXHUN027qirIwXu7klV5zQZqxNYPkFVyWoS7QuBsqyqfZtyvty9oezhT4gy2CnlWOCaOosg7yWPdC5ZjZD1ATQL3O9/cGHPM6o6umeonp+7zAN3ZETaUmJU3kkT2l0deV20i5FwsXwNwy2YVSwi4jHjmYfRQHcX6M3sj4nocEcFcHiWb2G8Nd3E9dIPFN4Ir9EB8R/Gw/JQeuLVxjp4FRVRAFVQFVRyAAsAPcBjJjJKW87l0rKwYMGDCnQwYMGACE4w4bjr6ZoJNj7Ub23jcX0sPzsR1BIxzRW0ctHUNFPH4ozaSMswWQXDWutiVawII9DzGOssJfaTwOuYRa47LUxj5tjycc9D+hPI/RPoSDWlU3cHkJON8SoOJOK0EIo8vQU9IVVpLE97MxUFxMx3NjdSASCBzKkAZ+JMsjipsvojHeukXWX1WMQlkukbqFOsbt1BUgkbMQdGry6joZ17yWSqljKs8Ah7lVYWbRK7sxI6EKhuOox6quJq6uqT3CiOaoNrU40yPYbAyMddgq7gMq2BuBjRbgT7Rdr6OSGR4pUKSIdLK3MH/EdQRsQQRscPHZ/wBpUtFpgqA0tMNl6vCPs39pR9U8unLSfOX8KvPNBSVNJWJMdSyVJl1oltbLYaWTSLAFdYNztz3RJU0sy3B0ki45Gxtceh547hJWZzGOJ0rTUsc4+WZZOil92tvDKeolTYq/mwsw635Y26fiVUYR1iGmkOwLG8Tn7Ensn7rWb0xzpkGY1lJqqqVpEVSFkZRdPMCUcreRYedjfFpcPdrtNOvdZjCIywsXVdcLfeU3Zfd4h5nGWezuOMTXHaIyVqiv16+Ovf3WLXDY+4VaDKonTvctqzGh5CNhLB+oxIX3KVxtCrzCL26eKoH1oZNDfqS7fv4jdrND8lGXQku/B+eHmMGK+447N4qkNJThUkO5TkrnzH1G9eR6+eGL+dCr/S09VF74GcfnFrH7cff540XWbT95JFP5MoxxuL1KU4V6bvGLd88Lp+zFPgbszSECWrAZ+Yi2IB83PJz6Dwj1xZIGIH+eNF0m1fdSRj+SqcH86Ub+ip6qXy0wOoPxl0D9uBSitQqQr1OlFpLJWskT+PhbEAayvk/o6eKAfWnk1t+pFt+bjGvV5MgUyZjVmRBzDsIYB71UjV+Nmx3ebyRPklHpyXdi/LDzNmq4mVmMVIhqpRsdBtEh/wB5J7I+6Lt6Y15MvWP/AFvMp0Yx+IA+GCD7in2m6amufK2FXPu1mjpl7qgiExXYEDRCvu2u34RY/WxUnEXElTWvrqZS9t1QbRp91eQ95ufMnFoUHLGQktojBWpq3Xr46d3fcdeP+1J6kNBRaooDs0nKSUeQ6xr+8fTcGtY0JIVRcnYAdegGM8VFI0ckqoTHHbW/JVJIAFzsWNxZRv6YdZKaCijKVdHTyxPAhick/KJ5HjRy0bBvm4kZipaw9kW1MSMalaKsjJjLMwcQZKMvo4Tojmlnl7yOsickRaBGwRCNr6u83vuFv0svqHjWqqBqqs1lg7oghIobGW1uTRaQWJ20yWXkfMDU4OzwU6tTVq66GojLtG173GrS8NuTF0tzAvY3Fr4W6krJLaCIoGIWOMFnbyAud2Y+ltzsANscS0fidbtijPUvJWVbtHHeWolZljXzdi1vhfc7DYk2x0bwFwomX0wjFmlfxTP9Zrch9leQHvPMnEL2X8BChTv5wDVON+ohU/RU+Z+kR7hsLl/xCrUvgsh4RtiwwYMGIlAwYMGAAwYMGAAwYMGABK7Q+AI8wTvEIjqVFlk6OPqSW5jybmvqLg0fQVFTlVcrtHomhJuj8mDAqdxzBBNmH+FsdS4g+K+FKavj0Tp4h7Ei7PGfsny81NweoxWFS2DyElC+KKPGd00GXSmi+aqqqQrUBnLSRx3ayxNoXUrbEndhqNySAQlDDRxlwJVZeSzjvIOkyDw/jHOM+/blYnENksVM0qirkkjiuNTImva/iBswZbjYMoYjyONMbWuiLvezHjJaeegyhqiBHNTXEBSiFjFCtyGIF7Brnf8A3ieWIfi7JRHRUdTKghqpy4kiChNagnTIYxYRsRpuAACWGwOJzNqetrc1jnoR8xGUSnmiYGOKNbatRB8PNtSNYkeGxxDcUU1PLnEqxLUVMAbxLTfOSCy+IR3uNIkNvIXIFtsJHPz+w7ysKdFWSQtrhkeJ/rRsVP5qRf3YcMr7VczhsGkScf72MX/NCp+JvjXzXh9Bl7VZppaORKgRCOQue9Vl1XAkAYMu+42OltvLWy/gWrnhhnh7qRJ2KLZypUi4bXrVVFmXTsTc2tfDvdeYq3lkPFH23tyloh70m/4WT/ixJJ220vWlqR7u7P8AFxioZMhqgJWMEmiFmWVwt0QqdLDWPCSD5E4wUeWzygmGCaULsTHG7gddyqm22++F5KB3fkXK/bbSdKWp+PdD/mHHlO1iaaKeWmoQUp1VpDJUBSAxIFlCeLkeR/iMUkMOubwQNk0FTDTQxSGoaGcqpY7B2XS0pd0uApNmvva9tscdKK0OqbZMZ/2gZo5jSnlgYyRrJajQyvHqv4H1arOLb2A+GK7zKummfVUSSSuCd5GZivmBqPh9wtib4OzKbVLSrLIEqKeeMIHbQH7pnUhb2BLIFuN/EcbHCOU0s1JVTFZJammQTCI2WJkBN/ZOpxsCw8O1gOerDJKOguZBZDUiOoicwJUgNbuX3WQkFQDsepBGx3AxOfyNDR1irm0UgRwsoSnIKaXJ2Zr6iEIsQlzsbE7atvMTHmGWSVKwQxVNHIqyiBAivC+ykqPJvfYK3K+PcIWtydRNJHDLQyaIZJSVWSNxcxggEsy2HhUE2VPrYGzqRlzPh+aKlqzFKKiglQTQyRk6EKToxUpf5ttDSA+dvPYR+W8Zx/J46etoYqwQi0Ls5jdF6ISFJZR8NgL354X8vziaFJYopCI50KSpzVwRpvY8mA5MNxiT4R4Mqswb5ldMQNmme+hfO312+yPiRzwWSXOOXvkaVbUTV9SNEQLvZIoYlsqKosqIOiqBzO3Mm2Lv7OOztKECefTJVEc+aw35hPM22L/AWF7zXB3BlNl6WiGqRh85K3tv6fZX7I+NzvhkxCdW+CyKxhbFhgwYMRHDBgwYADBgwYADBgwYADBgwYADBgwYAPLqCCCLg7EHriuOK+yKmnvJSEU0h302vE34eafh2+ycWTgw0ZOORxpM5Y4k4Oq6Mk1NOdA/rVGuM/iA8PubSfTGbhHiFKVKqKRHaKqi7pjEwWRLarFSdvpG493ux1ARfbCjnvZrl1TcmDuXP04ToO/UqBoY+pU4sqyatJE+TtkUzn+Y0smX0VLSOV7pnaSKQWOtzs5kIWKwBYcxYMPI22+P4GipMsgG6RQlmdCGj71yGYBlJUstmPPkbjDBm3YnKLmlqkcdFmUqfiyXB/VGFOu7MsziJ/1XWPrROjX+Fw37MUUovJnGnwM2Q+DJMykH9ZNBD+qyuf2PiR4cENRDR0UzyUdXExmo51s0cvetrUsAdiSoA5eza+5XC7IuaxRNAyVqwkaTG8cpjt5AMpUD7uN/J81ljo5++k7uSnVRRu8cReMlvHHHqXvRqU31A6VseW2Bo4mLGZRus0qyW1rI6vp5ag5DW2G1wbbYc+B4hV0FblqsBOzLUU4Yga2WwZRfrZAPxE9DhGRWY7BmJ8gST/1xu0+SVbEGOlqWN7grDIbHobhdvfh5LAVE5w7ktRS1C1VVDJBDTkuzSqU1kKdKR6v6Qs1h4bixJ5Y0+z/OUoqpZpSTGI3SRFXUZQy20C5AHiCtckDwnEhDwBm9QwLwSeQeeVRp/Wcv+Qwy5T2KTtY1NTHGOqxKXP6zaQD8DhHKOrGSeiEeh4h+S/KFo0Cxzr3Z78LKwTfwkW7s3v8ASVttrne+LIuGquua9PAzgk3ksFjW538Wyi31V38hi9sj7L8up7ExGdx9Kc6/3LBP3b4ckQAAAAAbADkMTdZLooZU+JWHCnY9DFaSucTvz7tbiIe/6UnxsD1U4s6GJUUKihVUWCgAADyAGwx7wYjKTlmUSSyDBgwYU6GDBgwAGDBgwAGDBgwAGDBgwAGDBgwAGDBgwAGDBgwAGDBgwAGDBgwAGDBgwAGDBgwAGDBgwAGDBgwAGDBgwAGDBgwAGDBgwAGDBgwAGDBgwAf/2Q==', '', 0, 0, '', '0', '', 'wpu', 247, NULL, NULL);

-- --------------------------------------------------------

--
-- Table structure for table `universitydepartments`
--

CREATE TABLE `universitydepartments` (
  `id` bigint(20) UNSIGNED NOT NULL,
  `university_id` bigint(20) UNSIGNED NOT NULL,
  `department_id` bigint(20) UNSIGNED NOT NULL,
  `created_at` timestamp NULL DEFAULT NULL,
  `updated_at` timestamp NULL DEFAULT NULL
) ENGINE=InnoDB DEFAULT CHARSET=utf8mb4 COLLATE=utf8mb4_unicode_ci;

--
-- Dumping data for table `universitydepartments`
--

INSERT INTO `universitydepartments` (`id`, `university_id`, `department_id`, `created_at`, `updated_at`) VALUES
(1, 1, 1, NULL, NULL),
(2, 1, 1, NULL, NULL),
(3, 1, 2, NULL, NULL),
(4, 1, 2, NULL, NULL),
(5, 1, 3, NULL, NULL),
(6, 1, 3, NULL, NULL),
(7, 1, 4, NULL, NULL),
(8, 2, 5, NULL, NULL),
(9, 2, 5, NULL, NULL),
(10, 2, 5, NULL, NULL),
(11, 2, 5, NULL, NULL),
(12, 2, 5, NULL, NULL),
(13, 2, 6, NULL, NULL),
(14, 2, 6, NULL, NULL),
(15, 2, 6, NULL, NULL),
(16, 2, 6, NULL, NULL),
(17, 2, 7, NULL, NULL),
(18, 2, 7, NULL, NULL),
(19, 2, 7, NULL, NULL),
(20, 2, 7, NULL, NULL),
(21, 2, 7, NULL, NULL),
(22, 2, 8, NULL, NULL),
(23, 2, 8, NULL, NULL),
(24, 2, 8, NULL, NULL),
(25, 2, 5, NULL, NULL),
(26, 2, 6, NULL, NULL),
(27, 2, 7, NULL, NULL),
(28, 2, 6, NULL, NULL),
(29, 2, 5, NULL, NULL),
(30, 2, 7, NULL, NULL),
(31, 3, 9, NULL, NULL),
(32, 3, 9, NULL, NULL),
(33, 3, 9, NULL, NULL),
(34, 3, 10, NULL, NULL),
(35, 3, 10, NULL, NULL),
(36, 3, 10, NULL, NULL),
(37, 3, 10, NULL, NULL),
(38, 3, 10, NULL, NULL),
(39, 3, 11, NULL, NULL),
(40, 3, 12, NULL, NULL),
(41, 3, 13, NULL, NULL),
(42, 3, 13, NULL, NULL),
(43, 3, 13, NULL, NULL),
(44, 3, 13, NULL, NULL),
(45, 3, 13, NULL, NULL),
(46, 3, 13, NULL, NULL),
(47, 3, 13, NULL, NULL),
(48, 3, 14, NULL, NULL),
(49, 3, 14, NULL, NULL),
(50, 3, 14, NULL, NULL),
(51, 3, 14, NULL, NULL),
(52, 3, 14, NULL, NULL),
(53, 3, 14, NULL, NULL),
(54, 3, 14, NULL, NULL),
(55, 3, 14, NULL, NULL),
(56, 3, 4, NULL, NULL),
(57, 3, 15, NULL, NULL),
(58, 3, 16, NULL, NULL),
(59, 3, 16, NULL, NULL),
(60, 3, 17, NULL, NULL),
(61, 3, 18, NULL, NULL),
(62, 3, 13, NULL, NULL),
(63, 3, 13, NULL, NULL),
(64, 3, 13, NULL, NULL),
(65, 3, 14, NULL, NULL),
(66, 3, 14, NULL, NULL),
(67, 3, 14, NULL, NULL),
(68, 3, 14, NULL, NULL),
(69, 3, 4, NULL, NULL),
(70, 3, 17, NULL, NULL),
(71, 3, 15, NULL, NULL),
(72, 3, 13, NULL, NULL),
(73, 3, 13, NULL, NULL),
(74, 3, 13, NULL, NULL),
(75, 3, 14, NULL, NULL),
(76, 3, 14, NULL, NULL),
(77, 3, 14, NULL, NULL),
(78, 3, 4, NULL, NULL),
(79, 4, 9, NULL, NULL),
(80, 4, 9, NULL, NULL),
(81, 4, 9, NULL, NULL),
(82, 4, 9, NULL, NULL),
(83, 4, 9, NULL, NULL),
(84, 4, 19, NULL, NULL),
(85, 4, 20, NULL, NULL),
(86, 4, 20, NULL, NULL),
(87, 4, 20, NULL, NULL),
(88, 4, 7, NULL, NULL),
(89, 4, 7, NULL, NULL),
(90, 4, 7, NULL, NULL),
(91, 4, 7, NULL, NULL),
(92, 4, 21, NULL, NULL),
(93, 4, 21, NULL, NULL),
(94, 4, 21, NULL, NULL),
(95, 4, 21, NULL, NULL),
(96, 4, 21, NULL, NULL),
(97, 4, 22, NULL, NULL),
(98, 4, 14, NULL, NULL),
(99, 4, 14, NULL, NULL),
(100, 4, 14, NULL, NULL),
(101, 4, 14, NULL, NULL),
(102, 4, 14, NULL, NULL),
(103, 4, 14, NULL, NULL),
(104, 4, 14, NULL, NULL),
(105, 4, 14, NULL, NULL),
(106, 4, 14, NULL, NULL),
(107, 4, 14, NULL, NULL),
(108, 4, 14, NULL, NULL),
(109, 4, 14, NULL, NULL),
(110, 4, 14, NULL, NULL),
(111, 4, 14, NULL, NULL),
(112, 4, 23, NULL, NULL),
(113, 4, 23, NULL, NULL),
(114, 4, 23, NULL, NULL),
(115, 4, 17, NULL, NULL),
(116, 4, 17, NULL, NULL),
(117, 4, 17, NULL, NULL),
(118, 4, 4, NULL, NULL),
(119, 4, 24, NULL, NULL),
(120, 4, 25, NULL, NULL),
(121, 4, 18, NULL, NULL),
(122, 4, 26, NULL, NULL),
(123, 4, 26, NULL, NULL),
(124, 4, 26, NULL, NULL),
(125, 4, 27, NULL, NULL),
(126, 4, 27, NULL, NULL),
(127, 4, 28, NULL, NULL),
(128, 4, 28, NULL, NULL),
(129, 4, 28, NULL, NULL),
(130, 4, 28, NULL, NULL),
(131, 4, 28, NULL, NULL),
(132, 4, 28, NULL, NULL),
(133, 4, 28, NULL, NULL),
(134, 4, 28, NULL, NULL),
(135, 4, 28, NULL, NULL),
(136, 4, 28, NULL, NULL),
(137, 4, 28, NULL, NULL),
(138, 4, 28, NULL, NULL),
(139, 4, 28, NULL, NULL),
(140, 4, 28, NULL, NULL),
(141, 4, 28, NULL, NULL),
(142, 4, 28, NULL, NULL),
(143, 4, 28, NULL, NULL),
(144, 4, 28, NULL, NULL),
(145, 4, 28, NULL, NULL),
(146, 4, 28, NULL, NULL),
(147, 4, 28, NULL, NULL),
(148, 4, 28, NULL, NULL),
(149, 4, 28, NULL, NULL),
(150, 4, 28, NULL, NULL),
(151, 4, 28, NULL, NULL),
(152, 4, 28, NULL, NULL),
(153, 4, 28, NULL, NULL),
(154, 4, 28, NULL, NULL),
(155, 4, 28, NULL, NULL),
(156, 4, 28, NULL, NULL),
(157, 4, 28, NULL, NULL),
(158, 4, 28, NULL, NULL),
(159, 4, 28, NULL, NULL),
(160, 4, 28, NULL, NULL),
(161, 4, 28, NULL, NULL),
(162, 4, 28, NULL, NULL),
(163, 4, 28, NULL, NULL),
(164, 4, 28, NULL, NULL),
(165, 4, 28, NULL, NULL),
(166, 4, 28, NULL, NULL),
(167, 4, 28, NULL, NULL),
(168, 4, 28, NULL, NULL),
(169, 4, 28, NULL, NULL),
(170, 5, 10, NULL, NULL),
(171, 5, 10, NULL, NULL),
(172, 5, 10, NULL, NULL),
(173, 5, 29, NULL, NULL),
(174, 5, 29, NULL, NULL),
(175, 5, 11, NULL, NULL),
(176, 5, 30, NULL, NULL),
(177, 5, 30, NULL, NULL),
(178, 5, 31, NULL, NULL),
(179, 5, 14, NULL, NULL),
(180, 5, 14, NULL, NULL),
(181, 5, 14, NULL, NULL),
(182, 5, 14, NULL, NULL),
(183, 5, 14, NULL, NULL),
(184, 5, 13, NULL, NULL),
(185, 5, 13, NULL, NULL),
(186, 5, 13, NULL, NULL),
(187, 5, 13, NULL, NULL),
(188, 5, 13, NULL, NULL),
(189, 5, 13, NULL, NULL),
(190, 5, 13, NULL, NULL),
(191, 5, 13, NULL, NULL),
(192, 5, 13, NULL, NULL),
(193, 5, 16, NULL, NULL),
(194, 5, 16, NULL, NULL),
(195, 5, 32, NULL, NULL),
(196, 5, 32, NULL, NULL),
(197, 5, 17, NULL, NULL),
(198, 5, 17, NULL, NULL),
(199, 5, 4, NULL, NULL),
(200, 5, 4, NULL, NULL),
(201, 5, 15, NULL, NULL),
(202, 5, 15, NULL, NULL),
(203, 5, 13, NULL, NULL),
(204, 5, 13, NULL, NULL),
(205, 5, 16, NULL, NULL),
(206, 5, 15, NULL, NULL),
(207, 5, 17, NULL, NULL),
(208, 5, 17, NULL, NULL),
(209, 5, 14, NULL, NULL),
(210, 5, 13, NULL, NULL),
(211, 5, 15, NULL, NULL),
(212, 6, 13, NULL, NULL),
(213, 6, 12, NULL, NULL),
(214, 6, 16, NULL, NULL),
(215, 6, 13, NULL, NULL),
(216, 6, 13, NULL, NULL),
(217, 6, 14, NULL, NULL),
(218, 6, 14, NULL, NULL),
(219, 6, 14, NULL, NULL),
(220, 6, 13, NULL, NULL),
(221, 7, 23, NULL, NULL),
(222, 7, 23, NULL, NULL),
(223, 7, 20, NULL, NULL),
(224, 7, 20, NULL, NULL),
(225, 7, 20, NULL, NULL),
(226, 7, 20, NULL, NULL),
(227, 7, 20, NULL, NULL),
(228, 7, 20, NULL, NULL),
(229, 7, 20, NULL, NULL),
(230, 7, 15, NULL, NULL),
(231, 7, 15, NULL, NULL),
(232, 7, 15, NULL, NULL),
(233, 7, 14, NULL, NULL),
(234, 7, 14, NULL, NULL),
(235, 7, 14, NULL, NULL),
(236, 7, 14, NULL, NULL),
(237, 7, 14, NULL, NULL),
(238, 7, 14, NULL, NULL),
(239, 7, 14, NULL, NULL),
(240, 7, 14, NULL, NULL),
(241, 7, 14, NULL, NULL),
(242, 7, 14, NULL, NULL),
(243, 7, 14, NULL, NULL),
(244, 7, 2, NULL, NULL),
(245, 7, 2, NULL, NULL),
(246, 7, 2, NULL, NULL),
(247, 7, 2, NULL, NULL),
(248, 7, 2, NULL, NULL),
(249, 7, 2, NULL, NULL),
(250, 7, 2, NULL, NULL),
(251, 7, 2, NULL, NULL),
(252, 7, 2, NULL, NULL),
(253, 7, 2, NULL, NULL),
(254, 7, 2, NULL, NULL),
(255, 7, 2, NULL, NULL),
(256, 7, 2, NULL, NULL),
(257, 7, 33, NULL, NULL),
(258, 7, 17, NULL, NULL),
(259, 7, 17, NULL, NULL),
(260, 7, 17, NULL, NULL),
(261, 7, 24, NULL, NULL),
(262, 7, 18, NULL, NULL),
(263, 7, 18, NULL, NULL),
(264, 7, 34, NULL, NULL),
(265, 7, 34, NULL, NULL),
(266, 7, 34, NULL, NULL),
(267, 7, 34, NULL, NULL),
(268, 7, 34, NULL, NULL),
(269, 7, 16, NULL, NULL),
(270, 7, 16, NULL, NULL),
(271, 7, 16, NULL, NULL),
(272, 7, 27, NULL, NULL),
(273, 7, 27, NULL, NULL),
(274, 7, 36, NULL, NULL),
(275, 7, 36, NULL, NULL),
(276, 7, 2, NULL, NULL),
(277, 7, 2, NULL, NULL),
(278, 7, 2, NULL, NULL),
(279, 7, 2, NULL, NULL),
(280, 7, 2, NULL, NULL),
(281, 7, 2, NULL, NULL),
(282, 7, 2, NULL, NULL),
(283, 7, 2, NULL, NULL),
(284, 7, 14, NULL, NULL),
(285, 7, 14, NULL, NULL),
(286, 7, 14, NULL, NULL),
(287, 7, 14, NULL, NULL),
(288, 7, 14, NULL, NULL),
(289, 7, 20, NULL, NULL),
(290, 7, 20, NULL, NULL),
(291, 7, 20, NULL, NULL),
(292, 7, 20, NULL, NULL),
(293, 7, 20, NULL, NULL),
(294, 7, 23, NULL, NULL),
(295, 7, 23, NULL, NULL),
(296, 7, 23, NULL, NULL),
(297, 7, 23, NULL, NULL),
(298, 7, 34, NULL, NULL),
(299, 7, 22, NULL, NULL),
(300, 7, 22, NULL, NULL),
(301, 7, 16, NULL, NULL),
(302, 7, 35, NULL, NULL),
(303, 7, 2, NULL, NULL),
(304, 7, 2, NULL, NULL),
(305, 7, 2, NULL, NULL),
(306, 7, 2, NULL, NULL),
(307, 7, 2, NULL, NULL),
(308, 7, 2, NULL, NULL),
(309, 7, 2, NULL, NULL),
(310, 7, 14, NULL, NULL),
(311, 7, 14, NULL, NULL),
(312, 7, 14, NULL, NULL),
(313, 7, 20, NULL, NULL),
(314, 7, 20, NULL, NULL),
(315, 7, 23, NULL, NULL),
(316, 7, 23, NULL, NULL),
(317, 7, 23, NULL, NULL),
(318, 7, 33, NULL, NULL),
(319, 7, 33, NULL, NULL),
(320, 7, 22, NULL, NULL),
(321, 7, 22, NULL, NULL),
(322, 7, 16, NULL, NULL),
(323, 7, 4, NULL, NULL),
(324, 7, 35, NULL, NULL),
(325, 8, 13, NULL, NULL),
(326, 8, 7, NULL, NULL),
(327, 8, 16, NULL, NULL),
(328, 8, 13, NULL, NULL),
(329, 9, 9, NULL, NULL),
(330, 9, 9, NULL, NULL),
(331, 9, 9, NULL, NULL),
(332, 9, 9, NULL, NULL),
(333, 9, 9, NULL, NULL),
(334, 9, 9, NULL, NULL),
(335, 9, 9, NULL, NULL),
(336, 9, 9, NULL, NULL),
(337, 9, 9, NULL, NULL),
(338, 9, 9, NULL, NULL),
(339, 9, 9, NULL, NULL),
(340, 9, 9, NULL, NULL),
(341, 9, 9, NULL, NULL),
(342, 9, 9, NULL, NULL),
(343, 9, 9, NULL, NULL),
(344, 9, 9, NULL, NULL),
(345, 9, 9, NULL, NULL),
(346, 9, 9, NULL, NULL),
(347, 9, 9, NULL, NULL),
(348, 9, 9, NULL, NULL),
(349, 9, 9, NULL, NULL),
(350, 9, 9, NULL, NULL),
(351, 9, 9, NULL, NULL),
(352, 9, 9, NULL, NULL),
(353, 9, 9, NULL, NULL),
(354, 9, 9, NULL, NULL),
(355, 9, 9, NULL, NULL),
(356, 9, 9, NULL, NULL),
(357, 9, 9, NULL, NULL),
(358, 9, 9, NULL, NULL),
(359, 9, 9, NULL, NULL),
(360, 9, 9, NULL, NULL),
(361, 9, 9, NULL, NULL),
(362, 9, 9, NULL, NULL),
(363, 9, 9, NULL, NULL),
(364, 9, 9, NULL, NULL),
(365, 9, 9, NULL, NULL),
(366, 9, 9, NULL, NULL),
(367, 9, 9, NULL, NULL),
(368, 9, 9, NULL, NULL),
(369, 9, 9, NULL, NULL),
(370, 9, 9, NULL, NULL),
(371, 9, 9, NULL, NULL),
(372, 9, 9, NULL, NULL),
(373, 9, 9, NULL, NULL),
(374, 9, 9, NULL, NULL),
(375, 9, 9, NULL, NULL),
(376, 9, 9, NULL, NULL),
(377, 9, 9, NULL, NULL),
(378, 9, 9, NULL, NULL),
(379, 9, 9, NULL, NULL),
(380, 9, 9, NULL, NULL),
(381, 9, 9, NULL, NULL),
(382, 9, 9, NULL, NULL),
(383, 9, 9, NULL, NULL),
(384, 9, 9, NULL, NULL),
(385, 9, 9, NULL, NULL),
(386, 9, 9, NULL, NULL),
(387, 9, 9, NULL, NULL),
(388, 9, 36, NULL, NULL),
(389, 9, 36, NULL, NULL),
(390, 9, 36, NULL, NULL),
(391, 9, 36, NULL, NULL),
(392, 9, 36, NULL, NULL),
(393, 9, 36, NULL, NULL),
(394, 9, 36, NULL, NULL),
(395, 9, 36, NULL, NULL),
(396, 9, 36, NULL, NULL),
(397, 9, 36, NULL, NULL),
(398, 9, 36, NULL, NULL),
(399, 9, 36, NULL, NULL),
(400, 9, 36, NULL, NULL),
(401, 9, 36, NULL, NULL),
(402, 9, 36, NULL, NULL),
(403, 9, 36, NULL, NULL),
(404, 9, 36, NULL, NULL),
(405, 9, 36, NULL, NULL),
(406, 9, 36, NULL, NULL),
(407, 9, 36, NULL, NULL),
(408, 9, 36, NULL, NULL),
(409, 9, 36, NULL, NULL),
(410, 9, 23, NULL, NULL),
(411, 9, 23, NULL, NULL),
(412, 9, 23, NULL, NULL),
(413, 9, 20, NULL, NULL),
(414, 9, 20, NULL, NULL),
(415, 9, 20, NULL, NULL),
(416, 9, 20, NULL, NULL),
(417, 9, 20, NULL, NULL),
(418, 9, 20, NULL, NULL),
(419, 9, 20, NULL, NULL),
(420, 9, 20, NULL, NULL),
(421, 9, 37, NULL, NULL),
(422, 9, 37, NULL, NULL),
(423, 9, 7, NULL, NULL),
(424, 9, 7, NULL, NULL),
(425, 9, 7, NULL, NULL),
(426, 9, 7, NULL, NULL),
(427, 9, 7, NULL, NULL),
(428, 9, 7, NULL, NULL),
(429, 9, 25, NULL, NULL),
(430, 9, 13, NULL, NULL),
(431, 9, 13, NULL, NULL),
(432, 9, 13, NULL, NULL),
(433, 9, 13, NULL, NULL),
(434, 9, 13, NULL, NULL),
(435, 9, 13, NULL, NULL),
(436, 9, 13, NULL, NULL),
(437, 9, 13, NULL, NULL),
(438, 9, 13, NULL, NULL),
(439, 9, 13, NULL, NULL),
(440, 9, 13, NULL, NULL),
(441, 9, 13, NULL, NULL),
(442, 9, 13, NULL, NULL),
(443, 9, 13, NULL, NULL),
(444, 9, 13, NULL, NULL),
(445, 9, 14, NULL, NULL),
(446, 9, 14, NULL, NULL),
(447, 9, 14, NULL, NULL),
(448, 9, 14, NULL, NULL),
(449, 9, 14, NULL, NULL),
(450, 9, 14, NULL, NULL),
(451, 9, 14, NULL, NULL),
(452, 9, 14, NULL, NULL),
(453, 9, 14, NULL, NULL),
(454, 9, 14, NULL, NULL),
(455, 9, 14, NULL, NULL),
(456, 9, 14, NULL, NULL),
(457, 9, 14, NULL, NULL),
(458, 9, 39, NULL, NULL),
(459, 9, 39, NULL, NULL),
(460, 9, 17, NULL, NULL),
(461, 9, 17, NULL, NULL),
(462, 9, 17, NULL, NULL),
(463, 9, 17, NULL, NULL),
(464, 9, 17, NULL, NULL),
(465, 9, 17, NULL, NULL),
(466, 9, 17, NULL, NULL),
(467, 9, 17, NULL, NULL),
(468, 9, 17, NULL, NULL),
(469, 9, 17, NULL, NULL),
(470, 9, 17, NULL, NULL),
(471, 9, 17, NULL, NULL),
(472, 9, 4, NULL, NULL),
(473, 9, 4, NULL, NULL),
(474, 9, 24, NULL, NULL),
(475, 9, 40, NULL, NULL),
(476, 9, 41, NULL, NULL),
(477, 9, 41, NULL, NULL),
(478, 9, 42, NULL, NULL),
(479, 9, 18, NULL, NULL),
(480, 9, 43, NULL, NULL),
(481, 9, 44, NULL, NULL),
(482, 9, 45, NULL, NULL),
(483, 9, 45, NULL, NULL),
(484, 9, 46, NULL, NULL),
(485, 9, 46, NULL, NULL),
(486, 9, 46, NULL, NULL),
(487, 9, 46, NULL, NULL),
(488, 9, 15, NULL, NULL),
(489, 9, 15, NULL, NULL),
(490, 9, 15, NULL, NULL),
(491, 9, 15, NULL, NULL),
(492, 9, 15, NULL, NULL),
(493, 9, 15, NULL, NULL),
(494, 9, 15, NULL, NULL),
(495, 9, 15, NULL, NULL),
(496, 9, 15, NULL, NULL),
(497, 9, 15, NULL, NULL),
(498, 9, 15, NULL, NULL),
(499, 9, 15, NULL, NULL),
(500, 9, 15, NULL, NULL),
(501, 9, 15, NULL, NULL),
(502, 9, 15, NULL, NULL),
(503, 9, 15, NULL, NULL),
(504, 9, 15, NULL, NULL),
(505, 9, 15, NULL, NULL),
(506, 9, 15, NULL, NULL),
(507, 9, 15, NULL, NULL),
(508, 9, 15, NULL, NULL),
(509, 9, 15, NULL, NULL),
(510, 9, 15, NULL, NULL),
(511, 9, 48, NULL, NULL),
(512, 9, 48, NULL, NULL),
(513, 9, 26, NULL, NULL),
(514, 9, 26, NULL, NULL),
(515, 9, 26, NULL, NULL),
(516, 9, 26, NULL, NULL),
(517, 9, 26, NULL, NULL),
(518, 9, 26, NULL, NULL),
(519, 9, 26, NULL, NULL),
(520, 9, 26, NULL, NULL),
(521, 9, 26, NULL, NULL),
(522, 9, 26, NULL, NULL),
(523, 9, 26, NULL, NULL),
(524, 9, 26, NULL, NULL),
(525, 9, 26, NULL, NULL),
(526, 9, 26, NULL, NULL),
(527, 9, 26, NULL, NULL),
(528, 9, 26, NULL, NULL),
(529, 9, 26, NULL, NULL),
(530, 9, 26, NULL, NULL),
(531, 9, 26, NULL, NULL),
(532, 9, 26, NULL, NULL),
(533, 9, 49, NULL, NULL),
(534, 9, 49, NULL, NULL),
(535, 9, 49, NULL, NULL),
(536, 9, 49, NULL, NULL),
(537, 9, 49, NULL, NULL),
(538, 9, 49, NULL, NULL),
(539, 9, 49, NULL, NULL),
(540, 9, 49, NULL, NULL),
(541, 9, 50, NULL, NULL),
(542, 9, 50, NULL, NULL),
(543, 9, 50, NULL, NULL),
(544, 9, 50, NULL, NULL),
(545, 9, 50, NULL, NULL),
(546, 9, 50, NULL, NULL),
(547, 9, 50, NULL, NULL),
(548, 9, 50, NULL, NULL),
(549, 9, 50, NULL, NULL),
(550, 9, 51, NULL, NULL),
(551, 9, 51, NULL, NULL),
(552, 9, 51, NULL, NULL),
(553, 9, 52, NULL, NULL),
(554, 9, 52, NULL, NULL),
(555, 9, 52, NULL, NULL),
(556, 9, 52, NULL, NULL),
(557, 9, 52, NULL, NULL),
(558, 9, 52, NULL, NULL),
(559, 9, 52, NULL, NULL),
(560, 9, 53, NULL, NULL),
(561, 9, 53, NULL, NULL),
(562, 9, 53, NULL, NULL),
(563, 9, 53, NULL, NULL),
(564, 9, 53, NULL, NULL),
(565, 9, 53, NULL, NULL),
(566, 9, 55, NULL, NULL),
(567, 9, 54, NULL, NULL),
(568, 9, 54, NULL, NULL),
(569, 9, 54, NULL, NULL),
(570, 9, 54, NULL, NULL),
(571, 9, 54, NULL, NULL),
(572, 9, 54, NULL, NULL),
(573, 9, 54, NULL, NULL),
(574, 9, 54, NULL, NULL),
(575, 9, 54, NULL, NULL),
(576, 9, 54, NULL, NULL),
(577, 9, 54, NULL, NULL),
(578, 9, 54, NULL, NULL),
(579, 9, 54, NULL, NULL),
(580, 9, 54, NULL, NULL),
(581, 9, 54, NULL, NULL),
(582, 9, 54, NULL, NULL),
(583, 9, 54, NULL, NULL),
(584, 9, 54, NULL, NULL),
(585, 9, 54, NULL, NULL),
(586, 9, 54, NULL, NULL),
(587, 9, 54, NULL, NULL),
(588, 9, 54, NULL, NULL),
(589, 9, 54, NULL, NULL),
(590, 9, 54, NULL, NULL),
(591, 9, 54, NULL, NULL),
(592, 9, 54, NULL, NULL),
(593, 9, 54, NULL, NULL),
(594, 9, 56, NULL, NULL),
(595, 9, 56, NULL, NULL),
(596, 9, 56, NULL, NULL),
(597, 9, 56, NULL, NULL),
(598, 9, 56, NULL, NULL),
(599, 9, 47, NULL, NULL),
(600, 9, 47, NULL, NULL),
(601, 9, 47, NULL, NULL),
(602, 9, 47, NULL, NULL),
(603, 9, 47, NULL, NULL),
(604, 9, 47, NULL, NULL),
(605, 9, 47, NULL, NULL),
(606, 9, 47, NULL, NULL),
(607, 9, 47, NULL, NULL),
(608, 9, 47, NULL, NULL),
(609, 9, 47, NULL, NULL),
(610, 9, 47, NULL, NULL),
(611, 9, 26, NULL, NULL),
(612, 9, 26, NULL, NULL),
(613, 9, 26, NULL, NULL),
(614, 9, 26, NULL, NULL),
(615, 9, 26, NULL, NULL),
(616, 9, 26, NULL, NULL),
(617, 9, 26, NULL, NULL),
(618, 9, 26, NULL, NULL),
(619, 9, 26, NULL, NULL),
(620, 9, 26, NULL, NULL),
(621, 9, 26, NULL, NULL),
(622, 9, 26, NULL, NULL),
(623, 9, 64, NULL, NULL),
(624, 9, 64, NULL, NULL),
(625, 9, 64, NULL, NULL),
(626, 9, 64, NULL, NULL),
(627, 9, 64, NULL, NULL),
(628, 9, 49, NULL, NULL),
(629, 9, 49, NULL, NULL),
(630, 9, 49, NULL, NULL),
(631, 9, 49, NULL, NULL),
(632, 9, 49, NULL, NULL),
(633, 9, 49, NULL, NULL),
(634, 9, 49, NULL, NULL),
(635, 9, 49, NULL, NULL),
(636, 9, 50, NULL, NULL),
(637, 9, 50, NULL, NULL),
(638, 9, 50, NULL, NULL),
(639, 9, 50, NULL, NULL),
(640, 9, 50, NULL, NULL),
(641, 9, 50, NULL, NULL),
(642, 9, 50, NULL, NULL),
(643, 9, 50, NULL, NULL),
(644, 9, 51, NULL, NULL),
(645, 9, 51, NULL, NULL),
(646, 9, 51, NULL, NULL),
(647, 9, 52, NULL, NULL),
(648, 9, 52, NULL, NULL),
(649, 9, 52, NULL, NULL),
(650, 9, 52, NULL, NULL),
(651, 9, 52, NULL, NULL),
(652, 9, 52, NULL, NULL),
(653, 9, 52, NULL, NULL),
(654, 9, 53, NULL, NULL),
(655, 9, 53, NULL, NULL),
(656, 9, 55, NULL, NULL),
(657, 9, 54, NULL, NULL),
(658, 9, 54, NULL, NULL),
(659, 9, 54, NULL, NULL),
(660, 9, 54, NULL, NULL),
(661, 9, 54, NULL, NULL),
(662, 9, 54, NULL, NULL),
(663, 9, 54, NULL, NULL),
(664, 9, 54, NULL, NULL),
(665, 9, 54, NULL, NULL),
(666, 9, 54, NULL, NULL),
(667, 9, 54, NULL, NULL),
(668, 9, 56, NULL, NULL),
(669, 9, 56, NULL, NULL),
(670, 9, 56, NULL, NULL),
(671, 10, 10, NULL, NULL),
(672, 10, 57, NULL, NULL),
(673, 10, 30, NULL, NULL),
(674, 10, 30, NULL, NULL),
(675, 10, 58, NULL, NULL),
(676, 10, 58, NULL, NULL),
(677, 10, 58, NULL, NULL),
(678, 10, 59, NULL, NULL),
(679, 10, 60, NULL, NULL),
(680, 10, 60, NULL, NULL),
(681, 10, 60, NULL, NULL),
(682, 10, 25, NULL, NULL),
(683, 10, 15, NULL, NULL),
(684, 10, 15, NULL, NULL),
(685, 10, 15, NULL, NULL),
(686, 10, 15, NULL, NULL),
(687, 10, 20, NULL, NULL),
(688, 10, 61, NULL, NULL),
(689, 10, 61, NULL, NULL),
(690, 10, 61, NULL, NULL),
(691, 10, 4, NULL, NULL),
(692, 10, 21, NULL, NULL),
(693, 10, 21, NULL, NULL),
(694, 10, 21, NULL, NULL),
(695, 10, 21, NULL, NULL),
(696, 10, 21, NULL, NULL),
(697, 10, 23, NULL, NULL),
(698, 10, 23, NULL, NULL),
(699, 10, 14, NULL, NULL),
(700, 10, 14, NULL, NULL),
(701, 10, 14, NULL, NULL),
(702, 10, 14, NULL, NULL),
(703, 10, 14, NULL, NULL),
(704, 10, 18, NULL, NULL),
(705, 10, 17, NULL, NULL),
(706, 10, 17, NULL, NULL),
(707, 10, 17, NULL, NULL),
(708, 10, 24, NULL, NULL),
(709, 10, 63, NULL, NULL),
(710, 10, 26, NULL, NULL),
(711, 10, 26, NULL, NULL),
(712, 10, 54, NULL, NULL),
(713, 10, 54, NULL, NULL),
(714, 10, 54, NULL, NULL),
(715, 10, 54, NULL, NULL),
(716, 10, 17, NULL, NULL),
(717, 10, 26, NULL, NULL),
(718, 10, 17, NULL, NULL),
(719, 11, 38, NULL, NULL),
(720, 11, 38, NULL, NULL),
(721, 11, 38, NULL, NULL),
(722, 11, 38, NULL, NULL),
(723, 11, 38, NULL, NULL),
(724, 11, 38, NULL, NULL),
(725, 11, 4, NULL, NULL),
(726, 11, 5, NULL, NULL),
(727, 11, 14, NULL, NULL),
(728, 11, 14, NULL, NULL),
(729, 11, 14, NULL, NULL),
(730, 11, 17, NULL, NULL),
(731, 11, 28, NULL, NULL),
(732, 11, 28, NULL, NULL),
(733, 11, 28, NULL, NULL),
(734, 11, 28, NULL, NULL),
(735, 11, 28, NULL, NULL);

-- --------------------------------------------------------

--
-- Table structure for table `users`
--

CREATE TABLE `users` (
  `id` bigint(20) UNSIGNED NOT NULL,
  `name` varchar(200) NOT NULL,
  `email` varchar(200) NOT NULL,
  `email_verified_at` timestamp NULL DEFAULT NULL,
  `password` varchar(200) NOT NULL,
  `two_factor_secret` text DEFAULT NULL,
  `two_factor_recovery_codes` text DEFAULT NULL,
  `two_factor_confirmed_at` timestamp NULL DEFAULT NULL,
  `role` int(11) NOT NULL DEFAULT 0,
  `remember_token` varchar(100) DEFAULT NULL,
  `current_team_id` bigint(20) UNSIGNED DEFAULT NULL,
  `profile_photo_path` varchar(2048) DEFAULT NULL,
  `created_at` timestamp NULL DEFAULT NULL,
  `updated_at` timestamp NULL DEFAULT NULL
) ENGINE=InnoDB DEFAULT CHARSET=utf8mb4 COLLATE=utf8mb4_unicode_ci;

--
-- Dumping data for table `users`
--

INSERT INTO `users` (`id`, `name`, `email`, `email_verified_at`, `password`, `two_factor_secret`, `two_factor_recovery_codes`, `two_factor_confirmed_at`, `role`, `remember_token`, `current_team_id`, `profile_photo_path`, `created_at`, `updated_at`) VALUES
(9, 'Tehami', 'tehami@atracconsultants.com', NULL, '$2y$10$aJnFH9GLfbRGanDBtfe7tOy2K/Sj.W2K5J9lVItBk/INJM7TgeNKS', NULL, NULL, NULL, 1, 'A8DkFywRIKNOrlaZZBhCql4WWhivcTsdanBGvf7dRQYHzZQjb6D15d6r9grP', NULL, NULL, '2025-06-23 08:57:09', '2025-06-23 08:57:09'),
(10, 'Uzair', 'uzair@atracconsultants.com', NULL, '$2y$10$vcTFSiuiM/NFm9hasZgaWu7IHPnLrcxOYRHJ1ne7nz6Yd2/W7PZea', NULL, NULL, NULL, 1, '8ztQdxyHRxgMU4KM71V8PPpg6ptTCNoWgZmA1cSNwcjKMgRtE9vz4jpYuY9h', NULL, NULL, '2025-06-23 08:57:09', '2025-06-23 08:57:09'),
(11, 'Kamran', 'kamran@atracconsultants.com', NULL, '$2y$10$IXPHSMEHrt4dV6nYzC2Uf.9hIiJOVKep1ajxQ1HZYq7snKcwSVOIW', NULL, NULL, NULL, 1, 'UMnVMJLAnJ', NULL, NULL, '2025-06-23 08:57:10', '2025-06-23 08:57:10');

--
-- Indexes for dumped tables
--

--
-- Indexes for table `consults`
--
ALTER TABLE `consults`
  ADD PRIMARY KEY (`id`),
  ADD KEY `consults_country_id_foreign` (`country_id`);

--
-- Indexes for table `contacts`
--
ALTER TABLE `contacts`
  ADD PRIMARY KEY (`id`);

--
-- Indexes for table `countries`
--
ALTER TABLE `countries`
  ADD PRIMARY KEY (`id`),
  ADD KEY `countries_id_index` (`id`);

--
-- Indexes for table `countrydetails`
--
ALTER TABLE `countrydetails`
  ADD PRIMARY KEY (`id`),
  ADD KEY `countrydetails_country_id_foreign` (`country_id`);

--
-- Indexes for table `courses`
--
ALTER TABLE `courses`
  ADD PRIMARY KEY (`id`),
  ADD KEY `courses_program_level_foreign` (`program_level`),
  ADD KEY `courses_depart_id_foreign` (`depart_id`);

--
-- Indexes for table `departments`
--
ALTER TABLE `departments`
  ADD PRIMARY KEY (`id`);

--
-- Indexes for table `failed_jobs`
--
ALTER TABLE `failed_jobs`
  ADD PRIMARY KEY (`id`),
  ADD UNIQUE KEY `failed_jobs_uuid_unique` (`uuid`);

--
-- Indexes for table `fields`
--
ALTER TABLE `fields`
  ADD PRIMARY KEY (`id`);

--
-- Indexes for table `heroes`
--
ALTER TABLE `heroes`
  ADD PRIMARY KEY (`id`);

--
-- Indexes for table `migrations`
--
ALTER TABLE `migrations`
  ADD PRIMARY KEY (`id`);

--
-- Indexes for table `password_reset_tokens`
--
ALTER TABLE `password_reset_tokens`
  ADD PRIMARY KEY (`email`);

--
-- Indexes for table `personal_access_tokens`
--
ALTER TABLE `personal_access_tokens`
  ADD PRIMARY KEY (`id`),
  ADD UNIQUE KEY `personal_access_tokens_token_unique` (`token`),
  ADD KEY `personal_access_tokens_tokenable_type_tokenable_id_index` (`tokenable_type`,`tokenable_id`);

--
-- Indexes for table `program_levels`
--
ALTER TABLE `program_levels`
  ADD PRIMARY KEY (`id`);

--
-- Indexes for table `services`
--
ALTER TABLE `services`
  ADD PRIMARY KEY (`id`);

--
-- Indexes for table `sessions`
--
ALTER TABLE `sessions`
  ADD PRIMARY KEY (`id`),
  ADD KEY `sessions_user_id_index` (`user_id`),
  ADD KEY `sessions_last_activity_index` (`last_activity`);

--
-- Indexes for table `unideptprogcourses`
--
ALTER TABLE `unideptprogcourses`
  ADD PRIMARY KEY (`id`),
  ADD KEY `unideptprogcourses_university_id_foreign` (`university_id`),
  ADD KEY `unideptprogcourses_depart_id_foreign` (`depart_id`),
  ADD KEY `unideptprogcourses_program_level_foreign` (`program_level`),
  ADD KEY `unideptprogcourses_course_id_foreign` (`course_id`);

--
-- Indexes for table `universities`
--
ALTER TABLE `universities`
  ADD PRIMARY KEY (`id`),
  ADD KEY `country_id` (`country_id`);

--
-- Indexes for table `universitydepartments`
--
ALTER TABLE `universitydepartments`
  ADD PRIMARY KEY (`id`),
  ADD KEY `universitydepartments_university_id_foreign` (`university_id`),
  ADD KEY `universitydepartments_department_id_foreign` (`department_id`);

--
-- Indexes for table `users`
--
ALTER TABLE `users`
  ADD PRIMARY KEY (`id`),
  ADD UNIQUE KEY `users_email_unique` (`email`);

--
-- AUTO_INCREMENT for dumped tables
--

--
-- AUTO_INCREMENT for table `consults`
--
ALTER TABLE `consults`
  MODIFY `id` bigint(20) UNSIGNED NOT NULL AUTO_INCREMENT, AUTO_INCREMENT=10;

--
-- AUTO_INCREMENT for table `contacts`
--
ALTER TABLE `contacts`
  MODIFY `id` bigint(20) UNSIGNED NOT NULL AUTO_INCREMENT, AUTO_INCREMENT=3;

--
-- AUTO_INCREMENT for table `countries`
--
ALTER TABLE `countries`
  MODIFY `id` bigint(20) UNSIGNED NOT NULL AUTO_INCREMENT, AUTO_INCREMENT=248;

--
-- AUTO_INCREMENT for table `countrydetails`
--
ALTER TABLE `countrydetails`
  MODIFY `id` bigint(20) UNSIGNED NOT NULL AUTO_INCREMENT, AUTO_INCREMENT=6;

--
-- AUTO_INCREMENT for table `courses`
--
ALTER TABLE `courses`
  MODIFY `id` bigint(20) UNSIGNED NOT NULL AUTO_INCREMENT, AUTO_INCREMENT=736;

--
-- AUTO_INCREMENT for table `departments`
--
ALTER TABLE `departments`
  MODIFY `id` bigint(20) UNSIGNED NOT NULL AUTO_INCREMENT, AUTO_INCREMENT=65;

--
-- AUTO_INCREMENT for table `failed_jobs`
--
ALTER TABLE `failed_jobs`
  MODIFY `id` bigint(20) UNSIGNED NOT NULL AUTO_INCREMENT;

--
-- AUTO_INCREMENT for table `fields`
--
ALTER TABLE `fields`
  MODIFY `id` bigint(20) UNSIGNED NOT NULL AUTO_INCREMENT, AUTO_INCREMENT=11;

--
-- AUTO_INCREMENT for table `heroes`
--
ALTER TABLE `heroes`
  MODIFY `id` bigint(20) UNSIGNED NOT NULL AUTO_INCREMENT;

--
-- AUTO_INCREMENT for table `migrations`
--
ALTER TABLE `migrations`
  MODIFY `id` int(10) UNSIGNED NOT NULL AUTO_INCREMENT, AUTO_INCREMENT=21;

--
-- AUTO_INCREMENT for table `personal_access_tokens`
--
ALTER TABLE `personal_access_tokens`
  MODIFY `id` bigint(20) UNSIGNED NOT NULL AUTO_INCREMENT;

--
-- AUTO_INCREMENT for table `program_levels`
--
ALTER TABLE `program_levels`
  MODIFY `id` bigint(20) UNSIGNED NOT NULL AUTO_INCREMENT, AUTO_INCREMENT=5;

--
-- AUTO_INCREMENT for table `services`
--
ALTER TABLE `services`
  MODIFY `id` bigint(20) UNSIGNED NOT NULL AUTO_INCREMENT, AUTO_INCREMENT=4;

--
-- AUTO_INCREMENT for table `unideptprogcourses`
--
ALTER TABLE `unideptprogcourses`
  MODIFY `id` bigint(20) UNSIGNED NOT NULL AUTO_INCREMENT, AUTO_INCREMENT=736;

--
-- AUTO_INCREMENT for table `universities`
--
ALTER TABLE `universities`
  MODIFY `id` bigint(20) UNSIGNED NOT NULL AUTO_INCREMENT, AUTO_INCREMENT=12;

--
-- AUTO_INCREMENT for table `universitydepartments`
--
ALTER TABLE `universitydepartments`
  MODIFY `id` bigint(20) UNSIGNED NOT NULL AUTO_INCREMENT, AUTO_INCREMENT=736;

--
-- AUTO_INCREMENT for table `users`
--
ALTER TABLE `users`
  MODIFY `id` bigint(20) UNSIGNED NOT NULL AUTO_INCREMENT, AUTO_INCREMENT=12;

--
-- Constraints for dumped tables
--

--
-- Constraints for table `consults`
--
ALTER TABLE `consults`
  ADD CONSTRAINT `consults_country_id_foreign` FOREIGN KEY (`country_id`) REFERENCES `countries` (`id`) ON UPDATE CASCADE;

--
-- Constraints for table `countrydetails`
--
ALTER TABLE `countrydetails`
  ADD CONSTRAINT `countrydetails_country_id_foreign` FOREIGN KEY (`country_id`) REFERENCES `countries` (`id`);

--
-- Constraints for table `courses`
--
ALTER TABLE `courses`
  ADD CONSTRAINT `courses_depart_id_foreign` FOREIGN KEY (`depart_id`) REFERENCES `departments` (`id`) ON UPDATE CASCADE,
  ADD CONSTRAINT `courses_program_level_foreign` FOREIGN KEY (`program_level`) REFERENCES `program_levels` (`id`) ON UPDATE CASCADE;

--
-- Constraints for table `unideptprogcourses`
--
ALTER TABLE `unideptprogcourses`
  ADD CONSTRAINT `unideptprogcourses_course_id_foreign` FOREIGN KEY (`course_id`) REFERENCES `courses` (`id`) ON UPDATE CASCADE,
  ADD CONSTRAINT `unideptprogcourses_depart_id_foreign` FOREIGN KEY (`depart_id`) REFERENCES `departments` (`id`) ON UPDATE CASCADE,
  ADD CONSTRAINT `unideptprogcourses_program_level_foreign` FOREIGN KEY (`program_level`) REFERENCES `program_levels` (`id`) ON UPDATE CASCADE,
  ADD CONSTRAINT `unideptprogcourses_university_id_foreign` FOREIGN KEY (`university_id`) REFERENCES `universities` (`id`) ON DELETE CASCADE ON UPDATE CASCADE;

--
-- Constraints for table `universities`
--
ALTER TABLE `universities`
  ADD CONSTRAINT `universities_ibfk_1` FOREIGN KEY (`country_id`) REFERENCES `countries` (`id`) ON DELETE CASCADE ON UPDATE CASCADE;

--
-- Constraints for table `universitydepartments`
--
ALTER TABLE `universitydepartments`
  ADD CONSTRAINT `universitydepartments_department_id_foreign` FOREIGN KEY (`department_id`) REFERENCES `departments` (`id`) ON DELETE CASCADE ON UPDATE CASCADE,
  ADD CONSTRAINT `universitydepartments_university_id_foreign` FOREIGN KEY (`university_id`) REFERENCES `universities` (`id`) ON DELETE CASCADE ON UPDATE CASCADE;
COMMIT;

/*!40101 SET CHARACTER_SET_CLIENT=@OLD_CHARACTER_SET_CLIENT */;
/*!40101 SET CHARACTER_SET_RESULTS=@OLD_CHARACTER_SET_RESULTS */;
/*!40101 SET COLLATION_CONNECTION=@OLD_COLLATION_CONNECTION */;
